Game_number,Result,Avg_team_Age,Match_light_type,Match_format,Bowlers_in_team,Wicket_keeper_in_team,All_rounder_in_team,First_selection,Opponent,Season,Audience_number,Offshore,Max_run_scored_1over,Max_wicket_taken_1over,Extra_bowls_bowled,Min_run_given_1over,Min_run_scored_1over,Max_run_given_1over,extra_bowls_opponent,player_highest_run,Players_scored_zero,player_highest_wicket
Game_1,1,18,Day,ODI,3,1,3,Bowling,Srilanka,Summer,9940,No,13,3,0,2,3,6,0,54,3,1
Game_2,0,24,Day,T20,3,1,4,Batting,Zimbabwe,Summer,8400,No,12,1,0,0,3,6,0,69,2,1
Game_3,1,24,Day and Night,T20,3,1,2,Bowling,Zimbabwe,Summer,13146,Yes,14,4,0,0,3,6,0,69,3,1
Game_4,0,24,Day,ODI,2,1,2,Bowling,Kenya,Summer,7357,No,15,4,0,2,3,6,0,73,3,1
Game_5,1,24,Night,ODI,1,1,3,Bowling,Srilanka,Summer,13328,No,12,4,0,0,3,6,0,80,3,1
Game_6,0,24,Night,ODI,3,1,4,Batting,Srilanka,Summer,11277,No,15,3,0,5,4,6,0,97,3,1
Game_7,1,24,Day and Night,T20,2,1,2,Batting,Zimbabwe,Summer,10983,Yes,12,3,0,0,4,6,0,70,3,1
Game_8,0,24,Night,ODI,3,1,2,Batting,Kenya,Summer,10598,No,16,3,0,4,1,6,0,33,3,1
Game_9,1,24,Day,ODI,3,1,3,Bowling,Srilanka,Summer,9940,No,13,3,0,2,3,6,0,54,3,1
Game_10,0,24,Day,T20,3,1,4,Batting,Zimbabwe,Summer,8400,No,12,1,0,0,3,6,0,69,2,1
Game_11,1,24,Day and Night,T20,3,1,2,Bowling,Zimbabwe,Summer,13146,Yes,14,4,0,0,3,6,0,69,3,1
Game_12,0,24,Night,ODI,2,1,2,Bowling,Kenya,Summer,7357,No,15,4,0,2,3,6,0,73,3,1
Game_13,1,24,Night,ODI,1,1,3,Bowling,Srilanka,Summer,13328,No,12,4,0,0,3,6,0,80,3,1
Game_14,0,24,Night,ODI,3,1,4,Batting,Srilanka,Summer,11277,No,15,3,0,5,4,6,0,97,3,1
Game_15,1,24,Day and Night,T20,2,1,2,Batting,Zimbabwe,Summer,10983,Yes,12,3,0,0,4,6,0,70,3,1
Game_16,0,24,Night,ODI,3,1,2,Batting,Kenya,Summer,10598,No,16,3,0,4,1,6,0,33,3,1
Game_17,1,24,Day,T20,1,1,4,Bowling,Zimbabwe,Summer,11725,Yes,19,4,0,0,2,6,0,50,3,1
Game_18,0,24,Day,ODI,1,1,2,Batting,Srilanka,Summer,10381,No,14,4,1,3,3,6,0,79,3,1
Game_19,1,24,Day and Night,T20,1,1,3,Batting,Zimbabwe,Summer,16275,No,21,1,1,0,4,6,0,100,1,1
Game_20,1,24,Day,ODI,3,1,2,Bowling,Srilanka,Summer,7714,No,22,3,1,3,2,6,0,47,2,1
Game_21,1,24,Day,Test,2,1,1,Bowling,Australia,Summer,17948,No,12,3,1,3,4,6,0,52,2,1
Game_22,1,24,Day,T20,3,1,4,Bowling,Zimbabwe,Summer,14847,Yes,13,2,1,0,4,6,0,37,2,1
Game_23,0,24,Day,ODI,2,1,3,Bowling,Kenya,Summer,17864,No,25,3,1,4,3,6,1,54,3,1
Game_24,1,24,Night,ODI,3,1,1,Batting,Kenya,Summer,13013,Yes,25,2,1,2,4,6,1,96,2,1
Game_25,0,24,Day,ODI,3,1,2,Batting,Kenya,Summer,20958,Yes,12,4,1,2,3,6,0,57,4,1
Game_26,1,27,Day,T20,1,1,4,Bowling,Zimbabwe,Summer,11725,Yes,19,4,0,0,2,6,0,50,3,1
Game_27,0,24,Day,ODI,1,1,2,Batting,Srilanka,Summer,10381,No,14,4,1,3,3,6,0,79,3,1
Game_28,1,24,Day,T20,1,1,3,Batting,Zimbabwe,Summer,16275,No,21,1,1,0,4,6,0,100,1,1
Game_29,1,24,Day,ODI,3,1,2,Bowling,Srilanka,Summer,7714,No,22,3,1,3,2,6,0,47,2,1
Game_30,1,24,Day,Test,2,1,1,Bowling,Australia,Summer,17948,No,12,3,1,3,4,6,0,52,2,1
Game_31,1,24,Day,T20,3,1,4,Bowling,Zimbabwe,Summer,14847,Yes,13,2,1,0,4,6,0,37,2,1
Game_32,0,24,Day,ODI,2,1,3,Bowling,Kenya,Summer,17864,No,25,3,1,4,3,6,1,54,3,1
Game_33,1,24,Night,ODI,3,1,1,Batting,Kenya,Summer,45000,Yes,25,2,1,2,4,6,1,96,2,1
Game_34,0,24,Day,ODI,3,1,2,Batting,Kenya,Summer,20958,Yes,12,4,1,2,3,6,0,57,4,1
Game_35,1,24,Day and Night,ODI,3,1,4,Batting,Srilanka,Summer,20482,Yes,18,2,1,5,3,6,0,66,2,1
Game_36,0,24,Day,ODI,3,1,4,Batting,Kenya,Summer,19852,No,13,4,1,0,4,6,0,83,2,1
Game_37,1,24,Day,ODI,1,1,4,Bowling,Kenya,Summer,7063,Yes,11,4,1,5,3,6,0,32,3,1
Game_38,1,24,Day,T20,3,1,3,Batting,Zimbabwe,Summer,14308,No,13,4,2,0,2,6,2,49,2,1
Game_39,1,24,Day,ODI,3,1,1,Bowling,Srilanka,Summer,20811,No,19,2,1,2,3,6,0,84,3,1
Game_40,1,24,Day,ODI,3,1,4,Batting,Kenya,Summer,18200,Yes,15,1,1,2,3,6,0,98,2,1
Game_41,1,24,Day and Night,T20,3,1,4,Batting,Zimbabwe,Summer,16261,Yes,14,2,2,0,3,6,2,54,3,1
Game_42,0,24,Day,ODI,3,1,1,Bowling,Srilanka,Summer,21231,No,12,1,2,2,2,6,2,87,2,1
Game_43,0,24,Day,20-20,3,1,3,Bowling,Zimbabwe,Summer,18746,No,17,4,2,0,3,6,1,43,4,1
Game_44,0,24,Day,T20,3,1,3,Batting,Zimbabwe,Summer,19481,No,19,1,2,0,3,6,2,31,3,1
Game_45,0,24,Day,T20,1,1,4,Bowling,Zimbabwe,Summer,19096,No,11,1,2,0,3,6,2,54,3,1
Game_46,1,24,Day and Night,ODI,3,1,4,Batting,Srilanka,Summer,20482,Yes,18,2,1,5,3,6,0,66,2,1
Game_47,0,24,Day,ODI,3,1,4,Batting,Kenya,Summer,19852,No,13,4,1,0,4,6,0,83,2,1
Game_48,1,24,Day,ODI,1,1,4,Bowling,Kenya,Summer,7063,Yes,11,4,1,5,3,6,0,32,3,1
Game_49,1,24,Day,T20,3,1,3,Batting,Zimbabwe,Summer,14308,No,13,4,2,0,2,6,2,49,2,1
Game_50,1,27,Day,ODI,3,1,1,Bowling,Srilanka,Summer,20811,No,19,2,1,2,3,6,0,84,3,1
Game_51,1,24,Day,ODI,3,1,4,Batting,Kenya,Summer,18200,Yes,15,1,1,2,3,6,0,98,2,1
Game_52,1,24,Day,T20,3,1,4,Batting,Zimbabwe,Summer,16261,Yes,14,2,2,0,3,6,2,54,3,1
Game_53,0,24,Day,ODI,3,1,1,Bowling,Srilanka,Summer,21231,No,12,1,2,2,2,6,2,87,2,1
Game_54,0,24,Day,T20,3,1,3,Bowling,Zimbabwe,Summer,18746,No,17,4,2,0,3,6,1,43,4,1
Game_55,0,24,Day,T20,3,1,3,Batting,Zimbabwe,Summer,19481,No,19,1,2,0,3,6,2,31,3,1
Game_56,0,24,Day,T20,1,1,4,Bowling,Zimbabwe,Summer,19096,No,11,1,2,0,3,6,2,54,3,1
Game_57,0,24,Day,ODI,2,1,3,Bowling,Kenya,Summer,8624,No,14,4,0,6,3,6,0,96,3,1
Game_58,0,24,Day,ODI,2,1,4,Bowling,Kenya,Summer,22610,No,17,1,3,4,4,6,2,100,2,1
Game_59,1,17,Day and Night,T20,1,1,1,Batting,Zimbabwe,Summer,15218,Yes,11,3,3,0,3,6,2,99,2,1
Game_60,0,24,Night,T20,2,1,1,Bowling,Zimbabwe,Summer,18270,No,24,3,3,0,2,6,2,39,3,1
Game_61,1,24,Day,T20,3,1,3,Batting,Zimbabwe,Summer,19012,No,15,4,1,0,3,6,0,90,4,1
Game_62,0,24,Day,ODI,1,1,3,Bowling,Zimbabwe,Summer,24129,No,11,3,3,2,3,6,2,49,3,1
Game_63,1,24,Day,ODI,1,1,4,Batting,Kenya,Summer,18851,No,19,1,1,3,2,6,0,65,3,1
Game_64,1,24,Day,ODI,3,1,3,Batting,Srilanka,Summer,9912,No,13,1,1,6,2,6,0,36,2,1
Game_65,0,24,Day,ODI,1,1,4,Batting,Kenya,Summer,14490,Yes,11,3,2,6,4,6,2,70,2,1
Game_66,1,24,Day and Night,ODI,2,1,1,Batting,Srilanka,Summer,18375,No,20,3,2,2,1,6,2,45,2,1
Game_67,0,24,Day,ODI,1,1,3,Bowling,Kenya,Summer,21819,No,18,3,3,2,3,6,2,97,3,1
Game_68,1,24,Day,T20,1,1,2,Bowling,Zimbabwe,Summer,18753,No,13,2,1,0,3,6,0,31,3,1
Game_69,0,24,Day,T20,1,1,3,Bowling,Zimbabwe,Summer,16660,Yes,11,4,2,0,3,6,2,58,3,1
Game_70,0,24,Day,ODI,2,1,3,Bowling,Kenya,Summer,8624,No,14,4,0,6,3,6,0,96,3,1
Game_71,0,24,Day,ODI,2,1,4,Bowling,Kenya,Summer,22610,No,17,1,3,4,4,6,2,100,2,1
Game_72,1,24,Day and Night,T20,1,1,1,Batting,Zimbabwe,Summer,15218,Yes,11,3,3,0,3,6,2,99,2,1
Game_73,0,24,Night,T20,2,1,1,Bowling,Zimbabwe,Summer,18270,No,24,3,3,0,2,6,2,39,3,1
Game_74,1,27,Day,T20,3,1,3,Batting,Zimbabwe,Summer,19012,No,15,4,1,0,3,6,0,90,4,1
Game_75,0,24,Day,T20,1,1,3,Bowling,Zimbabwe,Summer,24129,No,11,3,3,0,3,6,2,49,3,1
Game_76,1,24,Day,ODI,1,1,4,Batting,Kenya,Summer,18851,No,19,1,1,3,2,6,0,65,3,1
Game_77,1,24,Day,ODI,3,1,3,Batting,Srilanka,Summer,9912,No,13,1,1,6,2,6,0,36,2,1
Game_78,0,24,Day,ODI,1,1,3,Batting,Kenya,Summer,14490,Yes,11,3,2,6,4,6,2,70,2,1
Game_79,1,24,Day and Night,ODI,2,1,1,Batting,Srilanka,Summer,18375,No,20,3,2,2,1,6,2,45,2,1
Game_80,0,24,Day,ODI,1,1,3,Bowling,Kenya,Summer,21819,No,18,3,3,2,3,6,2,97,3,1
Game_81,1,24,Day,T20,1,1,2,Bowling,Zimbabwe,Summer,45000,No,13,2,1,0,3,6,0,31,3,1
Game_82,0,24,Day,T20,1,1,3,Bowling,Zimbabwe,Summer,16660,Yes,11,4,2,0,3,6,2,58,3,1
Game_83,0,24,Night,ODI,2,1,4,Bowling,Srilanka,Winter,20545,Yes,13,2,1,2,2,6,0,96,4,1
Game_84,0,24,Day,ODI,3,1,2,Batting,Srilanka,Summer,20097,No,15,3,1,5,3,6,0,59,3,1
Game_85,0,24,Day,ODI,1,1,3,Bowling,Srilanka,Rainy,17661,No,14,3,3,2,3,6,1,100,3,1
Game_86,0,24,Day,ODI,1,1,3,Bowling,Kenya,Rainy,16261,No,24,1,2,6,3,6,2,80,3,1
Game_87,0,24,Day,ODI,3,1,4,Bowling,Kenya,Winter,16296,Yes,16,1,4,2,2,6,2,60,4,1
Game_88,0,24,Day,ODI,3,1,1,Batting,Kenya,Rainy,15708,No,13,4,2,1,3,6,1,43,3,1
Game_89,1,24,Day and Night,ODI,1,1,3,Bowling,Srilanka,Summer,27258,No,16,3,4,3,3,6,2,99,2,1
Game_90,0,24,Day,ODI,1,1,1,Bowling,Kenya,Rainy,19411,No,20,4,3,3,3,6,2,69,3,1
Game_91,0,24,Day,ODI,2,1,4,Bowling,England,Rainy,33425,No,22,1,4,2,1,6,2,33,2,2
Game_92,1,24,Day,ODI,1,1,2,Batting,England,Rainy,29197,Yes,19,1,4,3,4,6,2,34,3,2
Game_93,0,24,Day,ODI,1,1,2,Bowling,Srilanka,Rainy,17157,No,15,1,4,3,2,6,3,94,1,1
Game_94,1,24,Day and Night,ODI,4,1,3,Bowling,Kenya,Rainy,19971,Yes,11,2,1,5,3,6,0,48,2,1
Game_95,0,24,Night,ODI,2,1,2,Batting,Kenya,Rainy,19698,Yes,14,2,4,2,2,6,2,85,2,1
Game_96,1,24,Day,ODI,1,1,3,Batting,Srilanka,Rainy,16786,Yes,12,3,1,6,3,6,0,79,3,1
Game_97,1,24,Day,ODI,1,1,4,Bowling,Kenya,Summer,17304,Yes,23,1,1,2,3,6,0,75,3,1
Game_98,0,27,Day,ODI,3,1,4,Bowling,Kenya,Summer,23625,No,12,4,4,2,4,6,2,63,3,1
Game_99,0,24,Night,ODI,2,1,4,Bowling,Srilanka,Winter,20545,Yes,13,2,1,2,2,6,0,96,4,1
Game_100,0,24,Day,ODI,3,1,2,Batting,Srilanka,Summer,20097,No,15,3,1,5,3,6,0,59,3,1
Game_101,0,24,Day,ODI,1,1,3,Bowling,Srilanka,Rainy,17661,No,14,3,3,2,3,6,1,100,3,1
Game_102,0,24,Day,ODI,1,1,3,Bowling,Kenya,Rainy,16261,No,24,1,2,6,3,6,2,80,3,1
Game_103,0,24,Day,ODI,3,1,4,Bowling,Kenya,Winter,16296,Yes,16,1,4,2,2,6,2,60,4,1
Game_104,0,24,Day,ODI,3,1,1,Batting,Kenya,Rainy,15708,No,13,4,2,1,3,6,1,43,3,1
Game_105,1,24,Day and Night,ODI,1,1,3,Bowling,Srilanka,Summer,45000,No,16,3,4,3,3,6,2,99,2,1
Game_106,0,24,Day,ODI,1,1,1,Bowling,Kenya,Rainy,19411,No,20,4,3,3,3,6,2,69,3,1
Game_107,0,24,Day,ODI,2,1,4,Bowling,England,Rainy,33425,No,22,1,4,2,1,6,2,33,2,2
Game_108,1,24,Day,ODI,1,1,2,Batting,England,Rainy,29197,Yes,19,1,4,3,4,6,2,34,3,2
Game_109,0,24,Day,ODI,1,1,2,Bowling,Srilanka,Rainy,17157,No,15,1,4,3,2,6,3,94,1,1
Game_110,1,24,Day and Night,ODI,4,1,3,Bowling,Kenya,Rainy,19971,Yes,11,2,1,5,3,6,0,48,2,1
Game_111,0,24,Night,ODI,2,1,2,Batting,Kenya,Rainy,19698,Yes,14,2,4,2,2,6,2,85,2,1
Game_112,1,24,Day,ODI,1,1,3,Batting,Srilanka,Rainy,16786,Yes,17,3,1,6,3,6,0,79,3,1
Game_113,1,12,Day,ODI,1,1,4,Bowling,Kenya,Summer,17304,Yes,23,1,1,2,3,6,0,75,3,1
Game_114,0,24,Day,ODI,2,1,4,Bowling,Kenya,Summer,23625,No,12,4,4,2,4,6,2,63,3,1
Game_115,0,24,Day,T20,1,1,3,Bowling,Zimbabwe,Winter,16254,No,13,3,3,0,3,6,0,62,3,1
Game_116,0,24,Day,ODI,1,1,3,Bowling,Kenya,Winter,20328,No,12,3,4,2,2,6,2,83,3,1
Game_117,0,24,Day,ODI,3,1,1,Bowling,Kenya,Rainy,19733,No,16,1,5,3,4,6,2,58,4,1
Game_118,0,24,Day,ODI,1,1,2,Bowling,Srilanka,Rainy,17500,No,14,4,5,2,4,6,3,37,3,1
Game_119,0,24,Day,ODI,1,1,1,Bowling,Kenya,Summer,24535,No,18,4,2,3,3,6,2,79,4,1
Game_120,1,24,Day,ODI,3,1,3,Bowling,Srilanka,Rainy,11207,Yes,12,3,1,2,3,6,0,63,4,1
Game_121,0,24,Day,ODI,2,1,4,Bowling,Kenya,Rainy,8561,No,22,4,1,2,3,6,0,47,3,1
Game_122,0,27,Day,ODI,3,1,1,Bowling,Srilanka,Summer,15904,No,14,2,5,2,3,6,3,97,3,2
Game_123,0,24,Day,ODI,3,1,4,Bowling,Kenya,Rainy,14511,No,16,4,4,2,3,6,2,45,4,1
Game_124,1,24,Day,ODI,1,1,4,Bowling,Srilanka,Summer,27923,Yes,11,1,5,2,3,6,4,93,2,1
Game_125,1,24,Day,T20,3,1,3,Bowling,Zimbabwe,Winter,15925,Yes,21,2,3,0,3,6,2,99,3,1
Game_126,0,24,Day,ODI,1,1,3,Batting,Srilanka,Summer,23065,No,13,3,3,3,1,6,2,51,3,1
Game_127,0,24,Day,ODI,2,1,4,Bowling,Srilanka,Summer,18529,No,13,3,5,6,4,6,2,78,3,1
Game_128,1,24,Day and Night,T20,3,1,4,Bowling,Zimbabwe,Rainy,12530,No,19,1,1,0,2,6,0,33,3,1
Game_129,0,24,Day,T20,1,1,3,Bowling,Zimbabwe,Winter,45000,No,13,3,3,0,3,6,0,62,3,1
Game_130,0,24,Day,ODI,1,1,3,Bowling,Kenya,Winter,20328,No,12,3,4,2,2,6,2,83,3,1
Game_131,0,24,Day,ODI,3,1,1,Bowling,Kenya,Rainy,19733,No,16,1,5,3,4,6,2,58,4,1
Game_132,0,24,Day,ODI,1,1,2,Bowling,Srilanka,Rainy,17500,No,14,4,5,2,4,6,3,37,3,1
Game_133,0,24,Day,ODI,1,1,1,Bowling,Kenya,Summer,24535,No,18,4,2,3,3,6,2,79,4,1
Game_134,1,24,Day,ODI,3,1,3,Bowling,Srilanka,Rainy,11207,Yes,21,3,1,2,3,6,0,63,4,1
Game_135,0,24,Day,ODI,2,1,4,Bowling,Kenya,Rainy,8561,No,22,4,1,2,3,6,0,47,3,1
Game_136,0,24,Day,ODI,1,1,1,Bowling,Srilanka,Summer,15904,No,14,2,5,2,3,6,3,97,3,2
Game_137,0,24,Day,ODI,3,1,4,Bowling,Kenya,Rainy,14511,No,16,4,4,2,3,6,2,45,4,1
Game_138,1,24,Day,ODI,1,1,4,Bowling,Srilanka,Summer,27923,Yes,11,1,5,2,3,6,4,93,2,1
Game_139,1,24,Day,T20,3,1,3,Bowling,Zimbabwe,Winter,15925,Yes,21,2,3,0,3,6,2,99,3,1
Game_140,0,24,Day,ODI,1,1,3,Batting,Srilanka,Summer,23065,No,13,3,3,3,1,6,2,51,3,1
Game_141,0,24,Day,ODI,2,1,4,Bowling,Srilanka,Summer,18529,No,13,3,5,6,4,6,2,78,3,1
Game_142,1,24,Day and Night,T20,3,1,4,Bowling,Zimbabwe,Rainy,12530,No,19,1,1,0,2,6,0,33,3,1
Game_143,0,24,Night,ODI,2,1,1,Batting,England,Winter,28077,No,18,4,5,5,2,6,2,96,4,2
Game_144,1,24,Day,ODI,3,1,2,Bowling,Kenya,Rainy,16051,Yes,12,1,6,2,2,6,0,61,3,1
Game_145,0,24,Day,T20,2,1,1,Batting,South Africa,Rainy,34993,No,21,1,4,0,2,6,2,33,3,2
Game_146,0,27,Day,ODI,3,1,2,Bowling,Srilanka,Rainy,19418,No,12,3,6,2,3,6,3,52,3,1
Game_147,0,24,Day,T20,4,1,4,Batting,South Africa,Winter,29820,Yes,12,4,5,0,4,6,2,77,3,2
Game_148,1,24,Day,T20,1,1,1,Batting,Zimbabwe,Summer,22414,Yes,16,2,6,0,3,6,3,62,3,1
Game_149,0,24,Day and Night,T20,3,1,4,Bowling,Zimbabwe,Rainy,16800,No,13,3,3,0,3,6,2,38,3,1
Game_150,0,24,Day,ODI,3,1,3,Bowling,Kenya,Rainy,19075,Yes,11,2,6,3,3,6,5,89,4,1
Game_151,0,24,Day,ODI,2,1,4,Bowling,Srilanka,Rainy,14889,No,21,4,1,2,3,6,0,94,2,1
Game_152,1,24,Day and Night,ODI,3,1,1,Batting,Srilanka,Rainy,20202,Yes,16,4,6,4,3,6,3,55,3,1
Game_153,1,24,Day,T20,2,1,1,Batting,South Africa,Summer,45000,No,14,1,4,0,3,6,2,65,3,2
Game_154,0,24,Night,ODI,3,1,3,Bowling,Srilanka,Winter,18858,No,11,3,1,4,3,6,0,60,2,1
Game_155,0,24,Night,ODI,1,1,1,Bowling,Srilanka,Rainy,22134,No,17,4,6,2,2,6,2,46,2,1
Game_156,0,24,Day,ODI,1,1,4,Batting,England,Winter,30639,No,15,2,5,6,3,6,2,41,2,2
Game_157,0,24,Day,ODI,3,1,4,Bowling,Srilanka,Summer,25179,No,22,4,6,2,3,6,3,49,3,1
Game_158,1,24,Day,ODI,2,1,4,Batting,Srilanka,Rainy,15470,No,13,1,1,3,1,6,0,97,3,1
Game_159,0,24,Day,T20,1,1,4,Batting,South Africa,Rainy,29134,Yes,12,3,5,0,3,6,4,42,3,2
Game_160,1,24,Day and Night,ODI,3,1,2,Bowling,Srilanka,Summer,22204,Yes,11,3,4,2,2,6,0,89,3,1
Game_161,0,24,Night,T20,2,1,4,Batting,Zimbabwe,Rainy,14231,No,13,3,1,0,3,6,0,78,3,1
Game_162,0,24,Day,ODI,2,1,3,Bowling,Srilanka,Winter,16072,No,14,2,2,3,3,6,1,57,2,1
Game_163,0,24,Day and Night,ODI,1,1,1,Batting,Kenya,Summer,26320,Yes,13,3,6,2,3,6,3,32,3,1
Game_164,0,24,Day,ODI,3,1,3,Bowling,Kenya,Rainy,30807,No,16,4,5,1,3,6,3,62,4,1
Game_165,1,24,Day,Test,1,1,4,Bowling,Australia,Rainy,10885,No,11,3,1,2,3,6,0,58,1,1
Game_166,0,24,Day,ODI,1,1,2,Bowling,Srilanka,Winter,27349,No,13,2,6,2,4,6,2,91,3,1
Game_167,0,24,Day and Night,Test,3,1,1,Bowling,Australia,Rainy,15015,No,14,4,3,2,3,6,2,59,3,1
Game_168,0,24,Day,ODI,2,1,2,Bowling,Pakistan,Summer,32319,No,12,2,4,2,2,6,3,45,2,2
Game_169,0,24,Night,ODI,2,1,1,Batting,England,Winter,28077,No,18,4,5,5,2,6,2,96,4,2
Game_170,1,27,Day,ODI,3,1,2,Bowling,Kenya,Rainy,16051,Yes,16,1,6,2,2,6,0,61,3,1
Game_171,0,24,Day,T20,2,1,1,Batting,South Africa,Rainy,34993,No,21,1,4,0,2,6,2,33,3,2
Game_172,0,24,Day,ODI,1,1,2,Bowling,Srilanka,Rainy,19418,No,12,3,6,2,3,6,3,52,3,1
Game_173,0,24,Day,T20,4,1,4,Batting,South Africa,Winter,29820,Yes,12,4,5,0,4,6,2,77,3,2
Game_174,1,24,Day,20-20,1,1,3,Batting,Zimbabwe,Summer,22414,Yes,16,2,6,0,3,6,3,62,3,1
Game_175,0,24,Day and Night,T20,3,1,4,Bowling,Zimbabwe,Rainy,16800,No,13,3,3,0,3,6,2,38,3,1
Game_176,0,24,Day,ODI,3,1,2,Bowling,Kenya,Rainy,19075,Yes,11,2,6,3,3,6,5,89,4,1
Game_177,0,24,Day,ODI,2,1,4,Bowling,Srilanka,Rainy,14889,No,21,4,1,2,3,6,0,94,2,1
Game_178,1,24,Day and Night,ODI,3,1,1,Batting,Srilanka,Rainy,20202,Yes,16,4,6,4,3,6,3,55,3,1
Game_179,1,24,Day,T20,2,1,1,Batting,South Africa,Summer,32039,No,14,1,4,0,3,6,2,65,3,2
Game_180,0,24,Night,ODI,3,1,3,Bowling,Srilanka,Winter,18858,No,11,3,1,4,3,6,0,60,2,1
Game_181,0,24,Night,ODI,1,1,1,Bowling,Srilanka,Rainy,22134,No,17,4,6,2,2,6,2,46,2,1
Game_182,0,24,Day,ODI,1,1,4,Batting,England,Winter,30639,No,15,2,5,6,3,6,2,41,2,2
Game_183,0,24,Day,ODI,3,1,4,Bowling,Srilanka,Summer,25179,No,22,4,6,2,3,6,3,49,3,1
Game_184,1,24,Day,ODI,2,1,4,Batting,Srilanka,Rainy,15470,No,13,1,1,3,1,6,0,97,3,1
Game_185,0,24,Day,T20,1,1,4,Batting,South Africa,Rainy,29134,Yes,12,3,5,0,3,6,4,42,3,2
Game_186,1,24,Day and Night,ODI,3,1,2,Bowling,Srilanka,Summer,22204,Yes,11,3,4,2,2,6,0,89,3,1
Game_187,0,24,Night,T20,2,1,4,Batting,Zimbabwe,Rainy,14231,No,13,3,1,0,3,6,0,78,3,1
Game_188,0,24,Day,ODI,2,1,3,Bowling,Srilanka,Winter,16072,No,14,2,2,3,3,6,1,57,2,1
Game_189,0,24,Day and Night,ODI,1,1,1,Batting,Kenya,Summer,26320,Yes,13,3,6,2,3,6,3,32,3,1
Game_190,0,24,Day,ODI,3,1,3,Bowling,Kenya,Rainy,30807,No,16,4,5,1,3,6,3,62,4,1
Game_191,1,24,Day,Test,1,1,4,Bowling,Australia,Rainy,10885,No,11,3,1,2,3,6,0,58,1,1
Game_192,0,24,Day,ODI,1,1,2,Bowling,Srilanka,Winter,27349,No,13,2,6,2,4,6,2,91,3,1
Game_193,0,24,Day and Night,Test,3,1,1,Bowling,Australia,Rainy,15015,No,14,4,3,2,3,6,2,59,3,1
Game_194,0,24,Day,ODI,3,1,2,Bowling,Pakistan,Summer,32319,No,12,2,4,2,2,6,3,45,2,2
Game_195,1,25,Day,T20,3,1,3,Bowling,South Africa,Summer,40208,Yes,11,4,6,0,3,6,4,46,2,2
Game_196,0,25,Day,ODI,1,1,4,Bowling,Kenya,Rainy,20223,No,11,3,2,2,3,6,2,64,2,1
Game_197,0,25,Day,T20,3,1,1,Bowling,South Africa,Rainy,60473,No,18,4,6,0,3,6,2,41,2,2
Game_198,0,25,Day,ODI,3,1,3,Batting,England,Rainy,34286,No,12,4,5,3,3,6,2,62,3,2
Game_199,0,25,Night,ODI,2,1,2,Bowling,Pakistan,Winter,28000,No,12,4,6,2,3,6,3,85,4,2
Game_200,0,25,Day,T20,2,1,2,Batting,South Africa,Summer,31409,Yes,11,2,5,0,3,6,4,99,2,2
Game_201,1,25,Day,ODI,3,1,1,Bowling,Srilanka,Rainy,45000,No,13,3,6,5,3,6,2,91,3,1
Game_202,0,25,Day,T20,1,1,2,Bowling,Zimbabwe,Rainy,14672,No,11,3,7,0,3,7,4,40,3,1
Game_203,0,25,Day,T20,3,1,4,Bowling,South Africa,Rainy,33957,No,22,3,4,0,3,6,2,57,4,2
Game_204,0,25,Day,T20,1,1,3,Batting,South Africa,Summer,43260,No,23,2,6,0,2,6,5,32,3,2
Game_205,0,25,Day,ODI,1,1,1,Bowling,Kenya,Summer,23968,No,13,3,6,3,2,6,3,65,4,1
Game_206,0,25,Day,ODI,1,1,3,Bowling,South Africa,Rainy,29358,Yes,18,4,5,3,3,6,3,98,3,2
Game_207,0,25,Day,T20,1,1,3,Bowling,South Africa,Rainy,29792,No,12,1,5,0,4,6,2,87,2,2
Game_208,1,25,Day,T20,2,1,3,Bowling,Zimbabwe,Rainy,16891,Yes,18,3,1,0,3,6,0,36,2,1
Game_209,1,25,Day,ODI,1,1,4,Bowling,Srilanka,Rainy,25837,Yes,15,2,7,3,4,7,7,32,3,1
Game_210,0,25,Day,T20,4,1,3,Bowling,South Africa,Summer,34650,No,14,2,5,0,3,6,3,57,3,2
Game_211,1,25,Day and Night,T20,1,1,3,Bowling,Zimbabwe,Summer,7826,Yes,14,4,1,0,3,6,0,73,1,1
Game_212,0,25,Day,ODI,3,1,4,Batting,Kenya,Summer,14672,No,18,4,2,3,2,6,2,40,3,1
Game_213,0,25,Day,ODI,1,1,4,Bowling,Srilanka,Rainy,25683,No,11,3,7,6,2,6,2,67,3,1
Game_214,0,25,Day,T20,1,1,1,Bowling,South Africa,Rainy,43624,No,11,2,6,0,2,6,2,93,4,2
Game_215,0,25,Day,ODI,3,1,1,Bowling,Srilanka,Rainy,22603,No,11,2,7,2,2,6,2,81,3,1
Game_216,1,25,Day,T20,2,1,1,Bowling,Zimbabwe,Rainy,30800,No,12,1,6,0,3,6,2,68,2,1
Game_217,0,25,Day and Night,ODI,1,1,4,Bowling,England,Winter,36442,No,17,3,7,6,3,7,7,77,4,2
Game_218,0,27,Day,Test,3,1,3,Batting,Australia,Rainy,15309,No,14,3,6,3,3,6,0,82,3,1
Game_219,0,25,Day,ODI,1,1,4,Bowling,Srilanka,Winter,27839,Yes,19,3,7,2,2,6,2,57,3,1
Game_220,0,25,Day,T20,2,1,1,Batting,South Africa,Winter,34349,Yes,22,2,6,0,2,6,3,85,3,2
Game_221,1,25,Day,T20,3,1,3,Bowling,South Africa,Summer,40208,Yes,11,4,6,0,3,6,4,46,2,2
Game_222,0,25,Day,ODI,1,1,4,Bowling,Kenya,Rainy,20223,No,11,3,2,2,3,6,2,64,2,1
Game_223,0,25,Day,T20,3,1,1,Bowling,South Africa,Rainy,60473,No,18,4,6,0,3,6,2,41,2,2
Game_224,0,25,Day,ODI,3,1,1,Batting,England,Rainy,34286,No,12,4,5,3,3,6,2,62,3,2
Game_225,0,25,Night,ODI,2,1,2,Bowling,Pakistan,Winter,45000,No,12,4,6,2,3,6,3,85,4,2
Game_226,0,25,Day,T20,2,1,2,Batting,South Africa,Summer,31409,Yes,11,2,5,0,3,6,4,99,2,2
Game_227,1,25,Day,ODI,3,1,1,Bowling,Srilanka,Rainy,28217,No,13,3,6,5,3,6,2,91,3,1
Game_228,0,25,Day,T20,1,1,2,Bowling,Zimbabwe,Rainy,14672,No,11,3,7,0,3,7,4,40,3,1
Game_229,0,25,Day,T20,3,1,4,Bowling,South Africa,Rainy,33957,No,22,3,4,0,3,6,2,57,4,2
Game_230,0,25,Day,ODI,1,1,3,Batting,South Africa,Summer,43260,No,23,2,6,5,2,6,5,32,3,2
Game_231,0,25,Day,ODI,1,1,1,Bowling,Kenya,Summer,23968,No,13,3,6,3,2,6,3,65,4,1
Game_232,0,25,Day,T20,1,1,3,Bowling,South Africa,Rainy,29358,Yes,18,4,5,0,3,6,3,98,3,2
Game_233,0,25,Day,T20,1,1,3,Bowling,South Africa,Rainy,29792,No,12,1,5,0,4,6,2,87,2,2
Game_234,1,25,Day,T20,2,1,3,Bowling,Zimbabwe,Rainy,16891,Yes,18,3,1,0,3,6,0,36,2,1
Game_235,1,25,Day,ODI,1,1,4,Bowling,Srilanka,Rainy,25837,Yes,15,2,7,3,4,7,7,32,3,1
Game_236,0,25,Day,T20,4,1,3,Bowling,South Africa,Summer,34650,No,14,2,5,0,3,6,3,57,3,2
Game_237,1,25,Day and Night,T20,1,1,3,Bowling,Zimbabwe,Summer,7826,Yes,14,4,1,0,3,6,0,73,1,1
Game_238,0,25,Day,ODI,3,1,4,Batting,Kenya,Summer,14672,No,18,4,2,3,2,6,2,40,3,1
Game_239,0,25,Day,ODI,1,1,4,Bowling,Srilanka,Rainy,25683,No,11,3,7,6,2,6,2,67,3,1
Game_240,0,25,Day,T20,1,1,1,Bowling,South Africa,Rainy,43624,No,11,2,6,0,2,6,2,93,4,2
Game_241,0,25,Day,ODI,3,1,1,Bowling,Srilanka,Rainy,22603,No,11,2,7,2,2,6,2,81,3,1
Game_242,1,27,Day,T20,3,1,1,Bowling,Zimbabwe,Rainy,30800,No,12,1,6,0,3,6,2,68,2,1
Game_243,0,25,Day and Night,ODI,1,1,4,Bowling,England,Winter,36442,No,17,3,7,6,3,7,7,77,4,2
Game_244,0,25,Day,Test,3,1,3,Batting,Australia,Rainy,15309,No,14,3,6,3,3,6,0,82,3,1
Game_245,0,25,Day,ODI,1,1,4,Bowling,Srilanka,Winter,27839,Yes,19,3,7,2,2,6,2,57,3,1
Game_246,0,25,Day,T20,2,1,3,Batting,South Africa,Winter,34349,Yes,22,2,6,0,2,6,3,85,3,2
Game_247,1,26,Day,ODI,3,1,1,Bowling,Srilanka,Summer,16051,No,12,3,1,2,2,6,0,48,1,1
Game_248,0,26,Day,T20,3,1,3,Batting,South Africa,Rainy,29099,Yes,19,3,5,0,2,6,2,47,2,2
Game_249,0,26,Day,ODI,3,1,3,Batting,Kenya,Rainy,45000,No,19,3,5,3,2,6,4,46,2,1
Game_250,0,26,Day,Test,1,1,3,Batting,Australia,Rainy,20594,No,23,4,8,3,3,8,7,61,3,1
Game_251,0,26,Day and Night,ODI,3,1,3,Batting,England,Winter,44779,No,20,1,6,6,1,6,5,84,3,2
Game_252,0,26,Day and Night,ODI,2,1,1,Bowling,Pakistan,Rainy,33187,Yes,13,3,5,3,3,6,3,60,3,2
Game_253,1,26,Day,ODI,4,1,1,Bowling,Srilanka,Winter,16611,Yes,13,4,5,2,3,6,2,45,3,1
Game_254,1,26,Day,ODI,4,1,4,Bowling,South Africa,Summer,40796,Yes,12,2,8,0,3,8,7,48,2,2
Game_255,0,26,Day,T20,3,1,3,Bowling,South Africa,Rainy,37072,No,17,2,8,0,3,8,7,57,3,2
Game_256,1,26,Day and Night,ODI,1,1,3,Bowling,Kenya,Summer,21714,No,22,3,7,2,3,6,4,73,3,1
Game_257,0,26,Day,ODI,3,1,1,Batting,Kenya,Winter,20202,No,22,2,3,3,1,6,2,90,3,1
Game_258,1,26,Day and Night,Test,4,1,2,Batting,Australia,Winter,19187,Yes,11,2,8,2,2,7,7,58,3,1
Game_259,0,26,Day,20-20,2,1,1,Bowling,South Africa,Winter,30142,No,12,1,8,0,3,6,0,45,3,2
Game_260,1,26,Day,ODI,3,1,3,Bowling,Srilanka,Summer,16380,Yes,18,2,1,3,1,6,0,66,1,1
Game_261,0,26,Day,T20,2,1,1,Bowling,South Africa,Rainy,43904,No,20,4,6,0,4,6,3,66,3,2
Game_262,0,26,Day,ODI,3,1,3,Batting,Srilanka,Rainy,18613,Yes,13,3,3,2,3,6,2,71,3,1
Game_263,0,26,Day and Night,ODI,2,1,1,Batting,Srilanka,Winter,30548,No,14,1,5,2,3,6,2,71,1,1
Game_264,1,26,Day,T20,3,1,4,Bowling,South Africa,Summer,37282,No,12,3,6,0,2,6,3,38,2,2
Game_265,1,26,Day and Night,ODI,2,1,3,Batting,Kenya,Rainy,16562,Yes,14,1,8,2,3,8,7,88,2,1
Game_266,0,27,Day and Night,T20,3,1,3,Bowling,South Africa,Summer,30058,No,12,2,7,0,3,7,7,52,2,2
Game_267,0,26,Day,ODI,2,1,4,Bowling,England,Rainy,38304,No,12,2,8,2,3,8,7,32,4,2
Game_268,1,26,Night,T20,2,1,2,Bowling,South Africa,Summer,34783,No,18,4,7,0,3,6,2,79,1,2
Game_269,1,26,Day and Night,ODI,3,1,1,Bowling,Kenya,Rainy,14294,Yes,14,2,6,2,3,6,2,57,3,1
Game_270,0,26,Day and Night,ODI,1,1,1,Batting,Kenya,Winter,14049,No,13,3,5,5,3,6,3,66,2,1
Game_271,0,26,Day,ODI,2,1,1,Bowling,Srilanka,Rainy,27685,No,16,1,6,2,3,6,3,59,2,1
Game_272,1,26,Day,ODI,3,1,1,Bowling,Srilanka,Winter,16639,No,20,3,1,0,2,6,1,37,3,1
Game_273,0,26,Day,ODI,4,1,1,Bowling,Srilanka,Rainy,45000,No,22,2,8,2,3,8,7,82,4,1
Game_274,0,26,Day,ODI,2,1,3,Bowling,Kenya,Summer,20125,Yes,20,2,8,2,2,8,5,53,3,1
Game_275,0,26,Day,ODI,1,1,1,Bowling,Kenya,Summer,27328,No,12,4,5,2,3,6,3,36,2,1
Game_276,0,26,Day,ODI,3,1,3,Bowling,Srilanka,Summer,25046,No,12,4,8,2,3,7,7,100,4,1
Game_277,0,26,Day,ODI,3,1,1,Batting,Kenya,Rainy,14427,No,21,1,1,5,3,6,0,89,3,1
Game_278,0,26,Night,ODI,3,1,4,Bowling,Srilanka,Summer,17990,No,20,3,7,5,3,7,7,76,3,1
Game_279,0,26,Day,ODI,4,1,4,Bowling,Srilanka,Rainy,16135,No,15,3,3,3,4,6,2,62,1,1
Game_280,1,26,Day,Test,2,1,4,Batting,Australia,Rainy,15036,Yes,11,3,6,3,3,6,1,69,3,1
Game_281,0,26,Day,T20,3,1,3,Bowling,South Africa,Summer,32788,No,13,1,5,0,3,6,3,46,3,2
Game_282,0,26,Day,ODI,2,1,2,Batting,Kenya,Rainy,20531,Yes,13,3,1,3,2,6,0,90,2,1
Game_283,0,26,Day and Night,ODI,3,1,3,Bowling,Srilanka,Rainy,17808,No,18,1,8,3,3,7,7,61,4,1
Game_284,0,26,Day,ODI,3,1,3,Bowling,Srilanka,Summer,20069,No,13,4,8,6,2,7,7,95,3,1
Game_285,0,26,Day,T20,3,1,4,Batting,Zimbabwe,Summer,20762,No,18,4,5,0,3,6,2,30,2,1
Game_286,1,26,Day,ODI,3,1,1,Bowling,Srilanka,Summer,16051,No,12,3,1,2,2,6,0,48,1,1
Game_287,0,26,Day,T20,3,1,3,Batting,South Africa,Rainy,29099,Yes,19,3,5,0,2,6,2,47,2,2
Game_288,0,26,Day,ODI,3,1,3,Batting,Kenya,Rainy,16576,No,12,3,5,3,2,6,4,46,2,1
Game_289,0,26,Day,Test,1,1,3,Batting,Australia,Rainy,20594,No,23,4,8,3,3,8,7,61,3,1
Game_290,0,27,Day and Night,ODI,3,1,3,Batting,England,Winter,44779,No,20,1,6,6,1,6,5,84,3,2
Game_291,0,26,Day and Night,ODI,2,1,1,Bowling,Pakistan,Rainy,33187,Yes,13,3,5,3,3,6,3,60,3,2
Game_292,1,26,Day,ODI,4,1,1,Bowling,Srilanka,Winter,16611,Yes,13,4,5,2,3,6,2,45,3,1
Game_293,1,26,Day,T20,4,1,4,Bowling,South Africa,Summer,40796,Yes,12,2,8,0,3,8,7,48,2,2
Game_294,0,26,Day,T20,3,1,3,Bowling,South Africa,Rainy,37072,No,17,2,8,0,3,8,7,57,3,2
Game_295,1,26,Day and Night,ODI,1,1,3,Bowling,Kenya,Summer,21714,No,22,3,7,2,3,6,4,73,3,1
Game_296,0,26,Day,ODI,3,1,1,Batting,Kenya,Winter,20202,No,22,2,3,3,1,6,2,90,3,1
Game_297,1,26,Day and Night,Test,4,1,2,Batting,Australia,Winter,19187,Yes,11,2,8,2,2,7,7,58,3,1
Game_298,0,26,Day,T20,2,1,1,Bowling,South Africa,Winter,30142,No,12,1,8,0,3,6,0,45,3,2
Game_299,1,26,Day,ODI,3,1,3,Bowling,Srilanka,Summer,16380,Yes,18,2,1,3,1,6,0,66,1,1
Game_300,0,26,Day,T20,2,1,1,Bowling,South Africa,Rainy,43904,No,20,4,6,0,4,6,3,66,3,2
Game_301,0,26,Day,ODI,3,1,3,Batting,Srilanka,Rainy,18613,Yes,13,3,3,2,3,6,2,71,3,1
Game_302,0,26,Day and Night,ODI,2,1,1,Batting,Srilanka,Winter,30548,No,14,1,5,2,3,6,2,71,1,1
Game_303,1,26,Day,T20,3,1,4,Bowling,South Africa,Summer,37282,No,17,3,6,0,2,6,3,38,2,2
Game_304,1,26,Day and Night,ODI,2,1,3,Batting,Kenya,Rainy,16562,Yes,14,1,8,2,3,8,7,88,2,1
Game_305,0,26,Day and Night,T20,3,1,3,Bowling,South Africa,Summer,30058,No,12,2,7,0,3,7,7,52,2,2
Game_306,0,26,Day,ODI,2,1,4,Bowling,England,Rainy,38304,No,12,2,8,2,3,8,7,32,4,2
Game_307,1,26,Night,T20,2,1,2,Bowling,South Africa,Summer,34783,No,18,4,7,0,3,6,2,79,1,2
Game_308,1,26,Day and Night,ODI,3,1,1,Bowling,Kenya,Rainy,14294,Yes,14,2,6,2,3,6,2,57,3,1
Game_309,0,26,Day and Night,ODI,1,1,1,Batting,Kenya,Winter,14049,No,13,3,5,5,3,6,3,66,2,1
Game_310,0,26,Day,ODI,2,1,1,Bowling,Srilanka,Rainy,27685,No,16,1,6,2,3,6,3,59,2,1
Game_311,1,26,Day,ODI,3,1,1,Bowling,Srilanka,Winter,16639,No,20,3,1,0,2,6,1,37,3,1
Game_312,0,26,Day,ODI,4,1,1,Bowling,Srilanka,Rainy,30940,No,12,2,8,2,3,8,7,82,4,1
Game_313,0,26,Day,ODI,2,1,3,Bowling,Kenya,Summer,20125,Yes,20,2,8,2,2,8,5,53,3,1
Game_314,0,27,Day,ODI,3,1,1,Bowling,Kenya,Summer,27328,No,12,4,5,2,3,6,3,36,2,1
Game_315,0,26,Day,ODI,3,1,3,Bowling,Srilanka,Summer,25046,No,12,4,8,2,3,7,7,100,4,1
Game_316,0,26,Day,ODI,3,1,1,Batting,Kenya,Rainy,14427,No,21,1,1,5,3,6,0,89,3,1
Game_317,0,26,Night,ODI,3,1,4,Bowling,Srilanka,Summer,17990,No,20,3,7,5,3,7,7,76,3,1
Game_318,0,26,Day,ODI,4,1,3,Bowling,Srilanka,Rainy,16135,No,15,3,3,3,4,6,2,62,1,1
Game_319,1,26,Day,Test,2,1,4,Batting,Australia,Rainy,15036,Yes,11,3,6,3,3,6,1,69,3,1
Game_320,0,26,Day,T20,3,1,3,Bowling,South Africa,Summer,32788,No,13,1,5,0,3,6,3,46,3,2
Game_321,0,26,Day,ODI,2,1,2,Batting,Kenya,Rainy,45000,Yes,13,3,1,3,2,6,0,90,2,1
Game_322,0,26,Day and Night,ODI,3,1,3,Bowling,Srilanka,Rainy,17808,No,18,1,8,3,3,7,7,61,4,1
Game_323,0,26,Day,ODI,3,1,3,Bowling,Srilanka,Summer,20069,No,13,4,8,6,2,7,7,95,3,1
Game_324,0,27,Day,ODI,1,1,1,Bowling,Srilanka,Rainy,24276,No,12,4,6,3,3,6,2,40,3,1
Game_325,0,27,Day,ODI,4,1,4,Batting,Srilanka,Winter,16387,No,13,4,1,6,3,6,0,33,3,1
Game_326,0,27,Day and Night,T20,3,1,4,Bowling,South Africa,Summer,61082,No,15,4,9,0,3,9,8,37,3,3
Game_327,0,27,Night,ODI,3,1,4,Bowling,Kenya,Winter,14168,No,18,4,6,1,1,6,2,57,3,1
Game_328,0,27,Night,ODI,3,1,3,Bowling,Kenya,Winter,17962,Yes,15,4,1,2,2,6,1,79,2,1
Game_329,0,27,Day,ODI,3,1,3,Bowling,Kenya,Rainy,21406,Yes,16,4,6,3,2,6,2,51,3,1
Game_330,0,27,Day,ODI,3,1,4,Batting,Kenya,Summer,15953,No,16,4,7,2,2,7,7,99,3,1
Game_331,0,27,Day and Night,ODI,1,1,3,Bowling,England,Rainy,30086,No,19,3,6,1,3,6,2,60,2,2
Game_332,0,27,Day and Night,T20,3,1,4,Batting,South Africa,Summer,69867,No,14,4,7,0,3,7,7,90,3,2
Game_333,0,27,Day,ODI,3,1,3,Batting,Kenya,Summer,17346,Yes,12,2,4,2,2,6,3,85,3,1
Game_334,0,27,Day,T20,3,1,4,Bowling,South Africa,Summer,31346,No,11,1,5,0,3,6,4,74,3,2
Game_335,0,27,Night,T20,1,1,3,Bowling,South Africa,Rainy,44443,Yes,13,4,6,0,3,6,4,73,3,2
Game_336,0,27,Day,T20,4,1,2,Batting,South Africa,Rainy,43498,No,12,1,8,0,3,8,7,56,3,2
Game_337,0,27,Day,ODI,2,1,4,Bowling,Srilanka,Winter,26712,No,11,2,5,2,3,6,2,82,3,1
Game_338,0,27,Day,ODI,3,1,1,Batting,Kenya,Winter,15309,No,12,3,6,5,2,6,3,66,2,1
Game_339,1,27,Day,T20,1,1,3,Bowling,Zimbabwe,Winter,21287,No,11,2,5,0,3,6,3,85,3,1
Game_340,0,27,Day,ODI,4,1,1,Bowling,Kenya,Summer,14315,No,13,4,5,0,3,6,2,54,2,1
Game_341,0,27,Day and Night,T20,1,1,4,Batting,South Africa,Winter,32529,Yes,20,2,6,0,3,6,5,71,4,2
Game_342,0,27,Day,ODI,2,1,3,Batting,England,Rainy,51884,No,11,4,9,3,3,9,7,68,3,3
Game_343,0,27,Day and Night,ODI,2,1,4,Bowling,England,Winter,61551,No,21,3,9,4,2,9,7,32,3,3
Game_344,0,27,Day,ODI,3,1,4,Batting,Pakistan,Summer,47677,No,19,1,9,2,1,7,6,55,2,2
Game_345,0,27,Day and Night,T20,1,1,3,Bowling,South Africa,Rainy,45000,No,19,2,5,0,3,6,2,84,3,2
Game_346,0,27,Day,ODI,1,1,3,Bowling,West Indies,Winter,89656,Yes,16,2,9,3,3,9,8,42,2,3
Game_347,0,27,Night,ODI,3,1,4,Bowling,Kenya,Rainy,11942,No,11,3,0,6,2,6,0,50,3,1
Game_348,0,27,Day,ODI,3,1,2,Batting,Kenya,Summer,16226,No,19,3,1,2,3,6,1,76,3,1
Game_349,0,27,Day,ODI,4,1,3,Batting,Srilanka,Rainy,19677,No,14,2,4,2,3,6,2,37,3,1
Game_350,0,27,Day,ODI,4,1,1,Batting,England,Rainy,29589,No,18,2,4,2,3,6,2,47,3,2
Game_351,0,27,Night,ODI,5,1,1,Bowling,Srilanka,Rainy,32347,No,19,4,3,4,3,6,2,87,1,1
Game_352,0,27,Day,ODI,3,1,4,Bowling,Kenya,Rainy,17773,No,13,3,4,0,3,6,2,55,2,1
Game_353,0,27,Day,ODI,3,1,1,Bowling,Kenya,Rainy,15645,Yes,14,4,9,3,2,9,7,42,3,1
Game_354,0,27,Day,ODI,2,1,1,Bowling,Kenya,Winter,17619,No,11,2,5,2,3,6,3,76,3,1
Game_355,0,27,Day,T20,3,1,3,Batting,Zimbabwe,Rainy,17738,No,14,2,5,0,3,6,0,98,4,1
Game_356,0,27,Day and Night,T20,1,1,4,Bowling,South Africa,Summer,35497,No,20,2,8,0,3,6,2,43,1,2
Game_357,0,27,Day,T20,3,1,4,Batting,South Africa,Rainy,40383,Yes,11,4,6,0,3,6,2,98,2,2
Game_358,1,27,Day,ODI,4,1,4,Batting,Kenya,Summer,16758,No,13,4,8,2,3,8,2,51,3,1
Game_359,0,27,Day,ODI,1,1,2,Bowling,Srilanka,Rainy,14693,No,14,2,6,3,4,6,0,91,3,1
Game_360,0,27,Day,ODI,3,1,4,Bowling,Srilanka,Winter,28462,No,12,1,7,3,3,7,7,67,2,1
Game_361,0,27,Day,ODI,3,1,2,Batting,Kenya,Rainy,24619,No,17,1,5,0,3,6,2,86,4,1
Game_362,0,27,Day and Night,ODI,3,1,4,Bowling,Kenya,Summer,18060,No,13,3,6,0,2,6,2,87,3,1
Game_363,0,27,Day,ODI,3,1,3,Batting,Kenya,Summer,24115,No,11,3,6,5,2,6,2,67,3,1
Game_364,0,27,Day,ODI,2,1,4,Batting,Srilanka,Summer,16653,Yes,14,3,6,3,2,6,4,53,3,1
Game_365,0,27,Day,T20,1,1,2,Batting,Zimbabwe,Rainy,24780,No,21,4,9,0,3,9,8,36,2,2
Game_366,0,27,Day and Night,ODI,3,1,3,Batting,Kenya,Rainy,33418,No,19,4,8,2,2,7,6,77,2,1
Game_367,0,27,Day,T20,2,1,1,Batting,South Africa,Summer,45500,No,14,2,9,0,2,8,7,89,4,2
Game_368,0,27,Day,ODI,4,1,2,Bowling,Kenya,Rainy,15582,No,11,3,6,3,2,6,3,41,3,1
Game_369,1,27,Day and Night,Test,3,1,1,Batting,Australia,Rainy,20041,No,12,1,1,2,3,6,0,58,2,1
Game_370,0,27,Day,T20,3,1,4,Bowling,South Africa,Summer,28735,No,14,1,7,0,3,7,7,44,3,2
Game_371,0,27,Day,ODI,3,1,2,Bowling,England,Rainy,42994,Yes,20,2,6,0,3,6,2,87,4,2
Game_372,0,27,Day,ODI,1,1,1,Bowling,Srilanka,Rainy,24276,No,12,4,6,3,3,6,2,40,3,1
Game_373,0,27,Day,ODI,4,1,4,Batting,Srilanka,Winter,16387,No,13,4,1,6,3,6,0,33,3,1
Game_374,0,27,Day and Night,ODI,3,1,4,Bowling,South Africa,Summer,61082,No,15,4,9,0,3,9,8,37,3,3
Game_375,0,27,Night,ODI,3,1,4,Bowling,Kenya,Winter,14168,No,18,4,6,1,1,6,2,57,3,1
Game_376,0,27,Night,ODI,3,1,3,Bowling,Kenya,Winter,17962,Yes,15,4,1,2,2,6,1,79,2,1
Game_377,0,27,Day,ODI,3,1,3,Bowling,Kenya,Rainy,21406,Yes,16,4,6,3,2,6,2,51,3,1
Game_378,0,27,Day,ODI,3,1,4,Batting,Kenya,Summer,15953,No,16,4,7,2,2,7,7,99,3,1
Game_379,0,27,Day and Night,ODI,1,1,3,Bowling,England,Rainy,30086,No,19,3,6,1,3,6,2,60,2,2
Game_380,0,27,Day and Night,T20,3,1,4,Batting,South Africa,Summer,69867,No,14,4,7,0,3,7,7,90,3,2
Game_381,0,27,Day,ODI,3,1,3,Batting,Kenya,Summer,17346,Yes,12,2,4,2,2,6,3,85,3,1
Game_382,0,27,Day,T20,3,1,4,Bowling,South Africa,Summer,31346,Yes,11,1,5,0,3,6,4,74,3,2
Game_383,0,27,Night,T20,1,1,3,Bowling,South Africa,Rainy,44443,Yes,13,4,6,0,3,6,4,73,3,2
Game_384,0,27,Day,20-20,4,1,2,Batting,South Africa,Rainy,43498,No,12,1,8,0,3,8,7,56,3,2
Game_385,0,27,Day,ODI,2,1,4,Bowling,Srilanka,Winter,26712,No,11,2,5,2,3,6,2,82,3,1
Game_386,0,27,Day,ODI,4,1,1,Batting,Kenya,Winter,15309,No,12,3,6,5,2,6,3,66,2,1
Game_387,1,27,Day,T20,1,1,3,Bowling,Zimbabwe,Winter,21287,No,11,2,5,0,3,6,3,85,3,1
Game_388,0,27,Day,ODI,4,1,1,Bowling,Kenya,Summer,14315,No,13,4,5,0,3,6,2,54,2,1
Game_389,0,27,Day and Night,T20,1,1,4,Batting,South Africa,Winter,32529,Yes,20,2,6,0,3,6,5,71,4,2
Game_390,0,27,Day,ODI,2,1,3,Batting,England,Rainy,51884,No,11,4,9,3,3,9,7,68,3,3
Game_391,0,27,Day and Night,ODI,2,1,4,Bowling,England,Winter,61551,No,21,3,9,4,2,9,7,32,3,3
Game_392,0,27,Day,ODI,3,1,4,Batting,Pakistan,Summer,47677,No,19,1,9,2,1,7,6,55,2,2
Game_393,0,27,Day and Night,T20,1,1,3,Bowling,South Africa,Rainy,45000,No,19,2,5,0,3,6,2,84,3,2
Game_394,0,27,Day,ODI,1,1,3,Bowling,West Indies,Winter,89656,Yes,16,2,9,3,3,9,8,42,2,3
Game_395,0,27,Night,ODI,3,1,4,Bowling,Kenya,Rainy,11942,No,11,3,0,6,2,6,0,50,3,1
Game_396,0,27,Day,ODI,3,1,2,Batting,Kenya,Summer,16226,No,19,3,1,2,3,6,1,76,3,1
Game_397,0,27,Day,ODI,4,1,3,Batting,Srilanka,Rainy,19677,No,14,2,4,2,3,6,2,37,3,1
Game_398,0,27,Day,ODI,4,1,1,Batting,England,Rainy,29589,No,18,2,4,2,3,6,2,47,3,2
Game_399,0,27,Night,ODI,5,1,1,Bowling,Srilanka,Rainy,32347,No,19,4,3,4,3,6,2,87,1,1
Game_400,0,27,Day,ODI,3,1,4,Bowling,Kenya,Rainy,17773,No,13,3,4,0,3,6,2,55,2,1
Game_401,0,27,Day,ODI,3,1,1,Bowling,Kenya,Rainy,15645,Yes,14,4,9,3,2,9,7,42,3,1
Game_402,0,27,Day,ODI,2,1,1,Bowling,Kenya,Winter,17619,No,11,2,5,2,3,6,3,76,3,1
Game_403,0,27,Day,T20,3,1,3,Batting,Zimbabwe,Rainy,17738,No,14,2,5,0,3,6,0,98,4,1
Game_404,0,27,Day and Night,T20,1,1,4,Bowling,South Africa,Summer,35497,No,20,2,8,0,3,6,2,43,1,2
Game_405,0,27,Day,T20,3,1,4,Batting,South Africa,Rainy,40383,Yes,11,4,6,0,3,6,2,98,2,2
Game_406,1,27,Day,ODI,4,1,4,Batting,Kenya,Summer,16758,No,13,4,8,2,3,8,2,51,3,1
Game_407,0,27,Day,ODI,1,1,2,Bowling,Srilanka,Rainy,14693,No,14,2,6,3,4,6,0,91,3,1
Game_408,0,27,Day,ODI,3,1,4,Bowling,Srilanka,Winter,28462,No,12,1,7,3,3,7,7,67,2,1
Game_409,0,27,Day,ODI,3,1,2,Batting,Kenya,Rainy,24619,No,17,1,5,0,3,6,2,86,4,1
Game_410,0,27,Day and Night,ODI,3,1,4,Bowling,Kenya,Summer,18060,No,13,3,6,0,2,6,2,87,3,1
Game_411,0,27,Day,ODI,3,1,3,Batting,Kenya,Summer,24115,No,11,3,6,5,2,6,2,67,3,1
Game_412,0,27,Day,ODI,2,1,4,Batting,Srilanka,Summer,16653,Yes,14,3,6,3,2,6,4,53,3,1
Game_413,0,27,Day,T20,1,1,2,Batting,Zimbabwe,Rainy,24780,No,21,4,9,0,3,9,8,36,2,2
Game_414,0,27,Day and Night,ODI,3,1,3,Batting,Kenya,Rainy,33418,No,19,4,8,2,2,7,6,77,2,1
Game_415,0,27,Day,T20,2,1,1,Batting,South Africa,Summer,45500,No,14,2,9,0,2,8,7,89,4,2
Game_416,0,27,Day,ODI,4,1,2,Bowling,Kenya,Rainy,15582,No,11,3,6,3,2,6,3,41,3,1
Game_417,1,27,Day and Night,Test,3,1,1,Batting,Australia,Rainy,45000,No,12,1,1,2,3,6,0,58,2,1
Game_418,0,27,Day,T20,3,1,4,Bowling,South Africa,Summer,28735,No,14,1,7,0,3,7,7,44,3,2
Game_419,1,28,Day,ODI,3,1,3,Bowling,Srilanka,Summer,14196,Yes,14,2,6,4,3,6,2,50,2,1
Game_420,1,28,Day,ODI,4,1,3,Bowling,Srilanka,Summer,24087,Yes,13,3,2,3,2,6,2,50,3,1
Game_421,0,28,Night,T20,3,1,2,Bowling,South Africa,Rainy,29547,No,15,2,5,0,4,6,4,43,3,2
Game_422,0,28,Day,ODI,3,1,3,Bowling,Kenya,Rainy,18991,No,11,3,5,2,1,6,2,42,3,1
Game_423,1,28,Day,ODI,4,1,1,Bowling,Srilanka,Summer,24395,No,11,3,5,5,1,6,0,79,3,1
Game_424,0,28,Day,ODI,3,1,4,Bowling,Kenya,Rainy,14490,No,23,4,5,3,2,6,2,94,3,1
Game_425,0,28,Day,ODI,2,1,4,Batting,Kenya,Summer,23170,No,21,4,5,3,3,6,3,66,3,1
Game_426,0,28,Day,ODI,2,1,2,Bowling,Pakistan,Summer,39627,No,19,3,9,2,3,8,3,68,4,2
Game_427,1,28,Day,ODI,4,1,1,Bowling,Kenya,Rainy,24248,Yes,13,4,5,4,2,6,2,84,1,1
Game_428,0,28,Day,T20,4,1,2,Bowling,South Africa,Summer,36771,No,16,4,7,0,3,7,5,92,3,2
Game_429,0,28,Day,ODI,2,1,3,Bowling,Srilanka,Winter,31906,No,12,4,10,2,3,10,0,79,3,2
Game_430,1,28,Day,ODI,2,1,1,Batting,Kenya,Summer,15512,Yes,13,4,10,4,3,7,7,67,1,1
Game_431,1,28,Day,ODI,4,1,3,Bowling,Kenya,Summer,30674,No,17,4,5,3,2,6,2,46,3,1
Game_432,0,28,Day,T20,4,1,2,Batting,South Africa,Rainy,33453,Yes,12,1,8,0,3,8,7,81,3,2
Game_433,0,28,Day,Test,2,1,2,Bowling,Australia,Winter,34552,No,13,4,6,6,3,6,1,63,2,1
Game_434,0,27,Day,T20,4,1,1,Bowling,South Africa,Summer,34356,No,14,2,4,0,3,6,2,98,3,2
Game_435,0,28,Day,ODI,3,1,3,Batting,Kenya,Winter,16639,No,18,2,6,2,3,6,2,77,3,1
Game_436,0,28,Day,T20,1,1,4,Bowling,Zimbabwe,Rainy,7364,No,22,2,1,0,3,6,0,74,3,1
Game_437,1,28,Night,ODI,2,1,2,Bowling,Pakistan,Summer,61054,No,12,1,10,2,2,10,7,72,2,3
Game_438,0,28,Day,ODI,3,1,3,Batting,Kenya,Summer,25620,No,13,4,10,4,4,8,7,59,3,2
Game_439,0,28,Day,ODI,2,1,1,Bowling,Srilanka,Winter,15449,No,16,4,4,5,2,6,2,50,3,1
Game_440,1,28,Day and Night,ODI,3,1,1,Bowling,Srilanka,Winter,18172,No,15,1,1,2,3,6,0,45,2,1
Game_441,0,28,Day,ODI,3,1,4,Batting,England,Winter,45000,No,17,2,10,3,2,9,7,93,3,3
Game_442,0,28,Day,ODI,1,1,1,Bowling,Kenya,Rainy,22407,No,17,1,6,2,1,6,3,67,2,1
Game_443,0,28,Day and Night,ODI,3,1,3,Bowling,Kenya,Winter,18921,Yes,14,4,3,2,3,6,1,39,2,1
Game_444,1,28,Day,ODI,1,1,3,Batting,Srilanka,Rainy,17605,Yes,11,4,1,4,2,6,1,79,3,1
Game_445,0,28,Day,ODI,4,1,4,Bowling,Srilanka,Rainy,22372,No,12,3,6,2,3,6,5,78,2,1
Game_446,0,28,Day and Night,ODI,4,1,4,Bowling,Srilanka,Summer,15078,Yes,11,3,5,2,2,6,2,44,3,1
Game_447,0,28,Day and Night,ODI,3,1,4,Bowling,Srilanka,Rainy,27069,Yes,12,2,2,2,3,6,2,52,2,1
Game_448,0,28,Day,ODI,3,1,4,Bowling,Kenya,Summer,14560,No,11,2,5,2,2,6,2,84,3,1
Game_449,0,28,Night,ODI,3,1,3,Batting,Srilanka,Rainy,46718,No,11,1,10,6,3,9,8,55,1,2
Game_450,0,28,Day,T20,3,1,3,Bowling,South Africa,Rainy,33068,No,11,3,5,0,3,6,3,48,2,2
Game_451,0,28,Day,T20,3,1,4,Bowling,South Africa,Summer,59241,No,18,4,6,0,3,6,4,84,3,2
Game_452,1,28,Day and Night,T20,3,1,1,Bowling,Zimbabwe,Rainy,20363,No,15,4,5,0,4,6,2,92,3,1
Game_453,1,28,Day and Night,ODI,2,1,3,Bowling,Srilanka,Summer,17927,No,11,3,8,2,2,6,0,38,2,1
Game_454,0,28,Day,ODI,3,1,1,Bowling,Kenya,Winter,10941,No,14,4,1,2,1,6,0,72,2,1
Game_455,0,28,Day and Night,T20,3,1,3,Bowling,South Africa,Summer,34286,No,14,4,5,0,3,6,2,55,3,2
Game_456,0,28,Day,ODI,1,1,3,Bowling,England,Summer,45843,No,12,2,8,2,2,8,6,96,1,2
Game_457,1,28,Day,ODI,3,1,3,Bowling,Srilanka,Rainy,16856,Yes,17,3,1,3,3,6,1,51,3,1
Game_458,0,27,Day,ODI,3,1,2,Batting,England,Winter,34139,No,21,2,6,5,2,6,3,39,1,2
Game_459,0,28,Day,ODI,3,1,3,Bowling,Kenya,Rainy,14308,No,11,3,5,6,4,6,3,82,3,1
Game_460,0,28,Day,ODI,3,1,3,Batting,Kenya,Rainy,25137,No,25,3,3,3,3,6,2,67,3,1
Game_461,0,28,Night,Test,2,1,3,Bowling,Australia,Winter,18942,No,15,2,3,2,3,6,2,43,3,1
Game_462,0,28,Day,T20,3,1,3,Batting,Zimbabwe,Rainy,19992,No,19,4,1,0,3,6,0,78,3,1
Game_463,0,28,Day and Night,T20,2,1,3,Bowling,South Africa,Rainy,47838,Yes,12,3,7,0,3,7,7,42,2,2
Game_464,1,28,Day,T20,2,1,4,Batting,South Africa,Summer,68978,Yes,11,4,6,0,3,6,0,84,3,2
Game_465,0,28,Night,ODI,3,1,3,Bowling,Kenya,Summer,45000,No,14,3,5,3,2,6,3,49,3,1
Game_466,1,28,Day,ODI,3,1,3,Bowling,Srilanka,Winter,16569,No,12,1,6,2,2,6,1,32,2,1
Game_467,1,28,Day,ODI,3,1,3,Bowling,Srilanka,Summer,14196,Yes,14,2,6,4,3,6,2,50,2,1
Game_468,1,28,Day,ODI,4,1,3,Bowling,Srilanka,Summer,24087,Yes,13,3,2,3,2,6,2,50,3,1
Game_469,0,28,Night,T20,3,1,2,Bowling,South Africa,Rainy,29547,No,15,2,5,0,4,6,4,43,3,2
Game_470,0,28,Day,ODI,3,1,3,Bowling,Kenya,Rainy,18991,No,11,3,5,2,1,6,2,42,3,1
Game_471,1,28,Day,ODI,4,1,1,Bowling,Srilanka,Summer,24395,No,11,3,5,5,1,6,0,79,3,1
Game_472,0,28,Day,ODI,3,1,4,Bowling,Kenya,Rainy,14490,No,23,4,5,3,2,6,2,94,3,1
Game_473,0,28,Day,ODI,2,1,4,Batting,Kenya,Summer,23170,No,21,4,5,3,3,6,3,66,3,1
Game_474,0,28,Day,ODI,2,1,2,Bowling,Pakistan,Summer,39627,No,19,3,9,2,3,8,3,68,4,2
Game_475,1,28,Day,ODI,4,1,1,Bowling,Kenya,Rainy,24248,Yes,13,4,5,4,2,6,2,84,1,1
Game_476,0,28,Day,T20,4,1,2,Bowling,South Africa,Summer,36771,No,16,4,7,0,3,7,5,92,3,2
Game_477,0,28,Day,ODI,2,1,3,Bowling,Srilanka,Winter,31906,No,12,4,10,2,3,10,0,79,3,2
Game_478,1,28,Day,ODI,2,1,1,Batting,Kenya,Summer,15512,No,13,4,10,4,3,7,7,67,1,1
Game_479,1,28,Day,ODI,4,1,3,Bowling,Kenya,Summer,30674,No,17,4,5,3,2,6,2,46,3,1
Game_480,0,28,Day,T20,4,1,2,Batting,South Africa,Rainy,33453,Yes,20,1,8,0,3,8,7,81,3,2
Game_481,0,28,Day,Test,2,1,2,Bowling,Australia,Winter,34552,No,13,4,6,6,3,6,1,63,2,1
Game_482,0,27,Day,T20,3,1,1,Bowling,South Africa,Summer,34356,No,14,2,4,0,3,6,2,98,3,2
Game_483,0,28,Day,ODI,3,1,3,Batting,Kenya,Winter,16639,No,18,2,6,2,3,6,2,77,3,1
Game_484,0,28,Day,T20,1,1,4,Bowling,Zimbabwe,Rainy,7364,No,22,2,1,0,3,6,0,74,3,1
Game_485,1,28,Night,ODI,2,1,2,Bowling,Pakistan,Summer,61054,No,12,1,10,2,2,10,7,72,2,3
Game_486,0,28,Day,ODI,3,1,3,Batting,Kenya,Summer,25620,No,13,4,10,4,4,8,7,59,3,2
Game_487,0,28,Day,ODI,2,1,1,Bowling,Srilanka,Winter,15449,No,16,4,4,5,2,6,2,50,3,1
Game_488,1,28,Day and Night,ODI,3,1,1,Bowling,Srilanka,Winter,18172,No,15,1,1,2,3,6,0,45,2,1
Game_489,0,28,Day,ODI,3,1,4,Batting,England,Winter,45000,No,17,2,10,3,2,9,7,93,3,3
Game_490,0,28,Day,ODI,1,1,1,Bowling,Kenya,Rainy,22407,No,17,1,6,2,1,6,3,67,2,1
Game_491,0,28,Day and Night,ODI,3,1,3,Bowling,Kenya,Winter,18921,Yes,14,4,3,2,3,6,1,39,2,1
Game_492,1,28,Day,ODI,1,1,3,Batting,Srilanka,Rainy,17605,Yes,11,4,1,4,2,6,1,79,3,1
Game_493,0,28,Day,ODI,4,1,4,Bowling,Srilanka,Rainy,22372,No,12,3,6,2,3,6,5,78,2,1
Game_494,0,28,Day and Night,ODI,4,1,4,Bowling,Srilanka,Summer,15078,Yes,11,3,5,2,2,6,2,44,3,1
Game_495,0,28,Day and Night,ODI,3,1,4,Bowling,Srilanka,Rainy,27069,Yes,12,2,2,2,3,6,2,52,2,1
Game_496,0,28,Day,ODI,3,1,4,Bowling,Kenya,Summer,14560,No,11,2,5,2,2,6,2,84,3,1
Game_497,0,28,Night,ODI,3,1,3,Batting,Srilanka,Rainy,46718,No,11,1,10,6,3,9,8,55,1,2
Game_498,0,28,Day,T20,3,1,3,Bowling,South Africa,Rainy,33068,No,11,3,5,0,3,6,3,48,2,2
Game_499,0,28,Day,T20,3,1,4,Bowling,South Africa,Summer,59241,No,18,4,6,0,3,6,4,84,3,2
Game_500,1,28,Day and Night,T20,3,1,1,Bowling,Zimbabwe,Rainy,20363,No,15,4,5,0,4,6,2,92,3,1
Game_501,1,28,Day and Night,ODI,2,1,3,Bowling,Srilanka,Summer,17927,No,11,3,8,2,2,6,0,38,2,1
Game_502,0,28,Day,ODI,3,1,1,Bowling,Kenya,Winter,10941,No,14,4,1,2,1,6,0,72,2,1
Game_503,0,28,Day and Night,T20,3,1,3,Bowling,South Africa,Summer,34286,No,14,4,5,0,3,6,2,55,3,2
Game_504,0,28,Day,ODI,1,1,3,Bowling,England,Rainy,45843,No,12,2,8,2,2,8,6,96,1,2
Game_505,1,28,Day,ODI,3,1,3,Bowling,Srilanka,Rainy,16856,Yes,17,3,1,3,3,6,1,51,3,1
Game_506,0,27,Day,ODI,3,1,2,Batting,England,Winter,34139,No,21,2,6,5,2,6,3,39,1,2
Game_507,0,28,Day,ODI,3,1,3,Bowling,Kenya,Rainy,14308,No,11,3,5,6,4,6,3,82,3,1
Game_508,0,28,Day,ODI,3,1,3,Batting,Kenya,Rainy,25137,No,25,3,3,3,3,6,2,67,3,1
Game_509,0,28,Night,Test,2,1,3,Bowling,Australia,Winter,18942,No,15,2,3,2,3,6,2,43,3,1
Game_510,0,28,Day,T20,3,1,2,Batting,Zimbabwe,Rainy,19992,No,19,4,1,0,3,6,0,78,3,1
Game_511,0,28,Day and Night,T20,2,1,3,Bowling,South Africa,Rainy,47838,Yes,12,3,7,0,3,7,7,42,2,2
Game_512,1,28,Day,T20,2,1,4,Batting,South Africa,Summer,68978,Yes,11,4,6,0,3,6,0,84,3,2
Game_513,0,28,Night,ODI,3,1,3,Bowling,Kenya,Summer,45000,No,14,3,5,3,2,6,3,49,3,1
Game_514,1,28,Day,ODI,3,1,3,Bowling,Srilanka,Winter,16569,No,12,1,6,2,2,6,1,32,2,1
Game_515,0,29,Day,ODI,2,1,4,Batting,Srilanka,Summer,29351,Yes,12,4,10,3,3,9,5,49,2,2
Game_516,0,29,Day,ODI,4,1,2,Batting,England,Winter,69860,No,11,3,10,1,3,10,9,51,4,3
Game_517,0,29,Day,ODI,3,1,3,Bowling,Kenya,Rainy,18921,No,23,4,6,3,3,6,4,76,3,1
Game_518,0,29,Night,ODI,1,1,4,Bowling,England,Rainy,30233,No,13,1,10,1,3,10,7,41,3,2
Game_519,1,29,Day,T20,3,1,2,Batting,South Africa,Rainy,53473,No,22,4,10,0,2,10,4,35,3,3
Game_520,1,29,Day,ODI,3,1,3,Bowling,Kenya,Summer,14406,No,14,4,7,1,2,6,2,85,3,1
Game_521,0,29,Day and Night,T20,1,1,2,Batting,South Africa,Rainy,55426,No,14,4,11,0,3,11,10,42,3,3
Game_522,1,29,Day,ODI,1,1,3,Bowling,Kenya,Summer,16723,Yes,13,3,4,3,2,6,3,86,2,1
Game_523,0,29,Day,ODI,3,1,3,Bowling,Kenya,Summer,16380,No,19,1,6,1,3,6,5,60,3,1
Game_524,0,29,Day,T20,2,1,4,Bowling,South Africa,Winter,48517,No,14,4,10,0,3,6,2,45,3,2
Game_525,0,29,Day,T20,3,1,1,Bowling,South Africa,Rainy,46508,No,19,2,10,0,3,6,0,78,2,2
Game_526,0,29,Day and Night,T20,2,1,2,Bowling,South Africa,Summer,31878,No,18,1,10,0,2,10,7,44,3,2
Game_527,1,29,Day,ODI,4,1,2,Bowling,Srilanka,Rainy,14833,Yes,11,4,7,4,2,7,7,77,1,1
Game_528,0,29,Day,ODI,5,1,2,Bowling,Srilanka,Summer,27881,No,12,3,4,2,3,6,2,30,2,1
Game_529,0,29,Day,T20,1,1,4,Batting,South Africa,Winter,57876,Yes,14,1,7,0,3,7,7,39,2,2
Game_530,0,27,Night,T20,3,1,4,Bowling,South Africa,Rainy,32543,No,14,1,4,0,2,6,3,61,3,2
Game_531,0,29,Day,ODI,3,1,4,Bowling,Kenya,Summer,15407,No,16,4,6,4,3,6,2,54,3,1
Game_532,0,29,Day,ODI,4,1,2,Bowling,West Indies,Rainy,83545,No,18,3,10,2,3,10,2,93,2,3
Game_533,1,29,Day,ODI,5,1,3,Batting,Kenya,Rainy,17822,No,16,2,6,2,4,6,2,71,2,1
Game_534,0,29,Day,ODI,3,1,3,Bowling,England,Winter,29834,No,12,2,8,2,4,6,2,34,3,2
Game_535,0,29,Day,T20,2,1,2,Batting,South Africa,Rainy,38927,No,14,1,6,0,2,6,0,62,3,2
Game_536,0,29,Day and Night,ODI,4,1,2,Bowling,Kenya,Winter,19040,No,18,4,10,5,3,10,7,76,1,1
Game_537,0,29,Day,T20,3,1,3,Bowling,Zimbabwe,Summer,18494,No,11,3,1,0,3,6,0,99,3,1
Game_538,0,29,Day,T20,3,1,4,Bowling,Zimbabwe,Winter,16079,No,14,4,2,0,3,6,2,83,3,1
Game_539,0,29,Day,ODI,3,1,2,Batting,Pakistan,Rainy,30345,No,12,1,11,3,2,8,7,66,3,2
Game_540,1,29,Day,ODI,2,1,2,Batting,Srilanka,Rainy,16233,Yes,11,4,1,1,3,6,0,36,2,1
Game_541,0,29,Day,ODI,2,1,3,Bowling,Kenya,Rainy,18900,No,24,3,10,3,3,10,7,81,4,1
Game_542,1,29,Day,ODI,3,1,2,Batting,Zimbabwe,Winter,19600,Yes,19,3,5,3,3,6,2,48,2,1
Game_543,0,29,Day,ODI,1,1,1,Batting,Srilanka,Winter,17724,No,14,3,8,5,3,6,3,62,2,1
Game_544,0,29,Day and Night,T20,3,1,3,Batting,Zimbabwe,Rainy,15099,No,15,2,3,0,3,6,1,84,3,1
Game_545,1,29,Day,ODI,3,1,4,Batting,Kenya,Summer,16828,Yes,20,3,3,5,3,6,0,92,2,1
Game_546,0,29,Day,ODI,4,1,3,Batting,Kenya,Winter,17598,No,22,1,11,1,3,7,5,93,3,1
Game_547,0,29,Day and Night,ODI,3,1,4,Batting,Kenya,Winter,23037,No,14,4,8,2,2,7,5,61,3,1
Game_548,0,29,Day,ODI,1,1,2,Bowling,England,Rainy,35392,Yes,15,3,10,2,2,10,7,79,2,2
Game_549,1,29,Day,T20,1,1,4,Batting,South Africa,Rainy,51352,No,13,1,11,0,1,11,8,45,2,3
Game_550,0,29,Day,ODI,1,1,2,Batting,Srilanka,Rainy,21917,No,13,1,10,5,3,10,8,54,3,1
Game_551,0,29,Day,ODI,1,1,2,Batting,Kenya,Rainy,15176,Yes,18,1,6,2,2,6,4,69,1,1
Game_552,0,29,Day,ODI,3,1,1,Batting,Kenya,Summer,26320,No,15,1,3,5,3,6,2,97,3,1
Game_553,0,29,Day,ODI,3,1,3,Bowling,Pakistan,Winter,46361,Yes,11,2,6,2,3,6,0,82,3,2
Game_554,0,27,Day,ODI,3,1,4,Batting,West Indies,Winter,112868,No,14,2,9,2,2,7,7,87,2,4
Game_555,1,29,Day,ODI,3,1,2,Batting,Srilanka,Winter,23373,Yes,13,1,10,2,3,7,7,39,3,1
Game_556,0,29,Day,Test,3,1,2,Bowling,Australia,Summer,55916,No,13,1,10,3,2,10,9,51,2,3
Game_557,1,29,Day and Night,ODI,1,1,3,Batting,Pakistan,Summer,52871,Yes,12,1,9,1,3,8,7,84,3,3
Game_558,1,29,Day and Night,T20,3,1,3,Batting,South Africa,Summer,40355,No,11,1,7,0,1,6,3,51,3,2
Game_559,0,29,Day,T20,3,1,3,Bowling,South Africa,Winter,60340,No,14,3,10,0,3,10,7,77,2,2
Game_560,0,29,Day and Night,ODI,1,1,4,Batting,Srilanka,Rainy,22260,No,13,3,4,3,3,6,2,97,3,1
Game_561,1,29,Day,ODI,4,1,1,Bowling,Kenya,Summer,45000,No,13,3,11,2,1,9,7,100,2,1
Game_562,0,29,Day,ODI,1,1,3,Batting,Pakistan,Rainy,68005,No,13,3,9,3,3,7,7,39,1,2
Game_563,0,29,Day,ODI,3,1,3,Bowling,Kenya,Rainy,17157,No,18,1,5,2,2,6,0,91,4,1
Game_564,0,29,Day,ODI,1,1,2,Bowling,Srilanka,Summer,33061,Yes,18,4,10,3,3,10,9,87,3,1
Game_565,0,29,Day and Night,ODI,1,1,1,Bowling,Pakistan,Winter,61971,No,19,4,6,0,4,6,4,87,3,2
Game_566,0,29,Day,ODI,3,1,3,Bowling,South Africa,Summer,41083,No,11,3,8,2,3,6,2,42,2,2
Game_567,0,29,Day,T20,3,1,1,Bowling,South Africa,Winter,29309,Yes,13,2,10,0,2,10,0,43,2,2
Game_568,0,29,Day,ODI,4,1,4,Batting,Srilanka,Rainy,20818,No,17,3,9,2,3,6,3,43,3,1
Game_569,1,29,Day,T20,3,1,2,Batting,Zimbabwe,Summer,19320,No,13,3,2,0,3,6,2,52,1,1
Game_570,0,29,Day and Night,ODI,3,1,4,Bowling,Pakistan,Summer,44058,Yes,12,4,10,5,4,6,2,70,4,2
Game_571,0,29,Day,ODI,3,1,4,Batting,Kenya,Winter,14763,No,13,3,1,2,3,6,0,91,2,1
Game_572,1,29,Day,Test,3,1,1,Bowling,Australia,Winter,16345,Yes,15,4,4,3,3,6,2,56,2,1
Game_573,0,29,Day and Night,ODI,1,1,4,Bowling,Srilanka,Rainy,26684,No,13,2,11,3,4,11,8,40,3,1
Game_574,0,29,Day,ODI,1,1,4,Bowling,Pakistan,Winter,44688,No,17,4,11,3,3,7,0,93,1,2
Game_575,0,29,Day,Test,1,1,4,Bowling,Australia,Rainy,19628,No,11,4,1,3,3,6,0,87,2,1
Game_576,1,29,Day and Night,ODI,2,1,4,Bowling,Kenya,Summer,17073,Yes,12,2,1,3,2,6,0,73,2,1
Game_577,0,29,Day,ODI,3,1,4,Bowling,Srilanka,Summer,14434,No,14,2,11,2,3,6,2,59,3,1
Game_578,1,27,Day and Night,T20,3,1,3,Bowling,Zimbabwe,Summer,7637,No,17,4,1,0,3,6,0,45,4,1
Game_579,0,29,Day,ODI,3,1,1,Bowling,Pakistan,Rainy,37611,No,12,1,6,5,2,6,3,89,3,2
Game_580,1,29,Day,ODI,4,1,1,Bowling,Kenya,Rainy,33509,Yes,14,2,4,3,4,6,2,36,3,1
Game_581,0,29,Day,ODI,2,1,4,Bowling,Srilanka,Rainy,28175,Yes,13,1,10,2,3,6,3,46,2,2
Game_582,0,29,Day,ODI,4,1,4,Batting,Kenya,Summer,26495,No,14,2,5,3,1,6,4,73,2,1
Game_583,0,29,Day,ODI,2,1,4,Batting,Srilanka,Summer,29351,Yes,12,4,10,3,3,9,5,49,2,2
Game_584,0,29,Day,ODI,4,1,2,Batting,England,Winter,69860,No,11,3,10,1,3,10,9,51,4,3
Game_585,0,29,Day,ODI,3,1,3,Bowling,Kenya,Rainy,18921,No,23,4,6,3,3,6,4,76,3,1
Game_586,0,29,Night,ODI,1,1,4,Bowling,England,Rainy,30233,No,13,1,10,1,3,10,7,41,3,2
Game_587,1,29,Day,T20,3,1,2,Batting,South Africa,Rainy,53473,No,22,4,10,0,2,10,4,35,3,3
Game_588,1,29,Day,ODI,3,1,3,Bowling,Kenya,Summer,14406,No,14,4,7,1,2,6,2,85,3,1
Game_589,0,29,Day and Night,T20,1,1,2,Batting,South Africa,Rainy,55426,No,14,4,11,0,3,11,10,42,3,3
Game_590,1,29,Day,ODI,1,1,3,Bowling,Kenya,Summer,16723,Yes,13,3,4,3,2,6,3,86,2,1
Game_591,0,29,Day,ODI,3,1,3,Bowling,Kenya,Summer,16380,No,19,1,6,1,3,6,5,60,3,1
Game_592,0,29,Day,T20,2,1,4,Bowling,South Africa,Winter,48517,No,14,4,10,0,3,6,2,45,3,2
Game_593,0,29,Day,T20,3,1,1,Bowling,South Africa,Rainy,46508,No,19,2,10,0,3,6,0,78,2,2
Game_594,0,29,Day and Night,T20,2,1,2,Bowling,South Africa,Summer,31878,No,18,1,10,0,2,10,7,44,3,2
Game_595,1,29,Day,ODI,4,1,2,Bowling,Srilanka,Rainy,14833,Yes,11,4,7,4,2,7,7,77,1,1
Game_596,0,29,Day,ODI,5,1,2,Bowling,Srilanka,Summer,27881,No,17,3,4,2,3,6,2,30,2,1
Game_597,0,29,Day,T20,1,1,4,Batting,South Africa,Winter,57876,Yes,14,1,7,0,3,7,7,39,2,2
Game_598,0,29,Night,T20,3,1,4,Bowling,South Africa,Rainy,32543,No,14,1,4,0,2,6,3,61,3,2
Game_599,0,29,Day,ODI,3,1,4,Bowling,Kenya,Summer,15407,No,16,4,6,4,3,6,2,54,3,1
Game_600,0,29,Day,ODI,4,1,2,Bowling,West Indies,Summer,83545,No,18,3,10,2,3,10,2,93,2,3
Game_601,1,29,Day,ODI,5,1,3,Batting,Kenya,Rainy,17822,No,16,2,6,2,4,6,2,71,2,1
Game_602,0,27,Day,ODI,3,1,4,Bowling,England,Winter,29834,No,12,2,8,2,4,6,2,34,3,2
Game_603,0,29,Day,T20,2,1,2,Batting,South Africa,Rainy,38927,No,14,1,6,0,2,6,0,62,3,2
Game_604,0,29,Day and Night,ODI,4,1,2,Bowling,Kenya,Winter,19040,No,18,4,10,5,3,10,7,76,1,1
Game_605,0,29,Day,T20,3,1,3,Bowling,Zimbabwe,Summer,18494,No,11,3,1,0,3,6,0,99,3,1
Game_606,0,29,Day,T20,3,1,4,Bowling,Zimbabwe,Winter,16079,No,14,4,2,0,3,6,2,83,3,1
Game_607,0,29,Day,ODI,3,1,2,Batting,Pakistan,Rainy,30345,No,12,1,11,3,2,8,7,66,3,2
Game_608,1,29,Day,ODI,2,1,2,Batting,Srilanka,Rainy,16233,Yes,11,4,1,1,3,6,0,36,2,1
Game_609,0,29,Day,ODI,2,1,3,Bowling,Kenya,Rainy,45000,No,24,3,10,3,3,10,7,81,4,1
Game_610,1,29,Day,T20,3,1,2,Batting,Zimbabwe,Winter,19600,Yes,19,3,5,0,3,6,2,48,2,1
Game_611,0,29,Day,ODI,1,1,1,Batting,Srilanka,Winter,17724,No,14,3,8,5,3,6,3,62,2,1
Game_612,0,29,Day and Night,T20,3,1,3,Batting,Zimbabwe,Rainy,15099,No,15,2,3,0,3,6,1,84,3,1
Game_613,1,29,Day,ODI,3,1,4,Batting,Kenya,Summer,16828,Yes,20,3,3,5,3,6,0,92,2,1
Game_614,0,29,Day,ODI,4,1,3,Batting,Kenya,Winter,17598,No,22,1,11,1,3,7,5,93,3,1
Game_615,0,29,Day and Night,ODI,3,1,4,Batting,Kenya,Winter,23037,No,14,4,8,2,2,7,5,61,3,1
Game_616,0,29,Day,ODI,1,1,2,Bowling,England,Rainy,35392,Yes,15,3,10,2,2,10,7,79,2,2
Game_617,1,29,Day,T20,1,1,4,Batting,South Africa,Rainy,51352,No,13,1,11,0,1,11,8,45,2,3
Game_618,0,29,Day,ODI,1,1,2,Batting,Srilanka,Rainy,21917,No,13,1,10,5,3,10,8,54,3,1
Game_619,0,29,Day,ODI,1,1,2,Batting,Kenya,Rainy,15176,Yes,18,1,6,2,2,6,4,69,1,1
Game_620,0,29,Day,ODI,3,1,1,Batting,Kenya,Winter,26320,No,15,1,3,5,3,6,2,97,3,1
Game_621,0,29,Day,ODI,3,1,3,Bowling,Pakistan,Winter,46361,Yes,11,2,6,2,3,6,0,82,3,2
Game_622,0,29,Day,ODI,3,1,4,Batting,West Indies,Winter,112868,No,14,2,9,2,2,7,7,87,2,4
Game_623,1,29,Day,ODI,3,1,2,Batting,Srilanka,Winter,23373,Yes,13,1,10,2,3,7,7,39,3,1
Game_624,0,29,Day,Test,3,1,2,Bowling,Australia,Summer,55916,No,12,1,10,3,2,10,9,51,2,3
Game_625,1,29,Day and Night,ODI,1,1,3,Batting,Pakistan,Summer,52871,Yes,12,1,9,1,3,8,7,84,3,3
Game_626,1,29,Day and Night,T20,3,1,1,Batting,South Africa,Summer,40355,No,11,1,7,0,1,6,3,51,3,2
Game_627,0,29,Day,T20,3,1,3,Bowling,South Africa,Winter,60340,No,14,3,10,0,3,10,7,77,2,2
Game_628,0,29,Day and Night,ODI,1,1,4,Batting,Srilanka,Rainy,22260,No,13,3,4,3,3,6,2,97,3,1
Game_629,1,29,Day,ODI,4,1,1,Bowling,Kenya,Summer,16534,No,13,3,11,2,1,9,7,100,2,1
Game_630,0,29,Day,ODI,1,1,3,Batting,Pakistan,Rainy,68005,No,13,3,9,3,3,7,7,39,1,2
Game_631,0,29,Day,ODI,3,1,3,Bowling,Kenya,Rainy,17157,No,18,1,5,2,2,6,0,91,4,1
Game_632,0,29,Day,ODI,1,1,2,Bowling,Srilanka,Summer,33061,Yes,18,4,10,3,3,10,9,87,3,1
Game_633,0,29,Day and Night,ODI,1,1,1,Bowling,Pakistan,Winter,45000,No,19,4,6,0,4,6,4,87,3,2
Game_634,0,29,Day,T20,3,1,3,Bowling,South Africa,Summer,41083,No,11,3,8,0,3,6,2,42,2,2
Game_635,0,29,Day,T20,3,1,1,Bowling,South Africa,Winter,29309,Yes,13,2,10,0,2,10,0,43,2,2
Game_636,0,29,Day,ODI,4,1,4,Batting,Srilanka,Rainy,20818,No,17,3,9,2,3,6,3,43,3,1
Game_637,1,29,Day,T20,3,1,2,Batting,Zimbabwe,Summer,19320,No,13,3,2,0,3,6,2,52,1,1
Game_638,0,29,Day and Night,ODI,3,1,4,Bowling,Pakistan,Summer,44058,Yes,12,4,10,5,4,6,2,70,4,2
Game_639,0,29,Day,ODI,3,1,4,Batting,Kenya,Winter,14763,No,13,3,1,2,3,6,0,91,2,1
Game_640,1,29,Day,Test,3,1,1,Bowling,Australia,Winter,16345,Yes,15,4,4,3,3,6,2,56,2,1
Game_641,0,29,Day and Night,ODI,1,1,4,Bowling,Srilanka,Rainy,26684,No,13,2,11,3,4,11,8,40,3,1
Game_642,0,29,Day,ODI,1,1,4,Bowling,Pakistan,Winter,44688,No,17,4,11,3,3,7,0,93,1,2
Game_643,0,29,Day,Test,1,1,4,Bowling,Australia,Rainy,19628,No,11,4,1,3,3,6,0,87,2,1
Game_644,1,29,Day and Night,ODI,2,1,4,Bowling,Kenya,Summer,17073,Yes,24,2,1,3,2,6,0,73,2,1
Game_645,0,29,Day,ODI,3,1,4,Bowling,Srilanka,Summer,14434,No,14,2,11,2,3,6,2,59,3,1
Game_646,1,29,Day and Night,T20,3,1,3,Bowling,Zimbabwe,Summer,7637,No,17,4,1,0,3,6,0,45,4,1
Game_647,0,29,Day,ODI,3,1,1,Bowling,Pakistan,Rainy,37611,No,12,1,6,5,2,6,3,89,3,2
Game_648,1,29,Day,ODI,4,1,1,Bowling,Kenya,Summer,33509,Yes,12,2,4,3,4,6,2,36,3,1
Game_649,0,29,Day,ODI,2,1,4,Bowling,Srilanka,Rainy,28175,Yes,13,1,10,2,3,6,3,46,2,2
Game_650,1,27,Day,T20,2,1,2,Batting,South Africa,Summer,41951,Yes,11,1,8,0,1,6,4,94,3,2
Game_651,0,30,Day and Night,ODI,1,1,3,Bowling,Kenya,Rainy,35910,No,23,4,10,3,3,10,7,61,2,2
Game_652,1,30,Day,ODI,2,1,4,Bowling,Srilanka,Summer,14630,Yes,15,2,7,3,3,6,0,92,2,1
Game_653,0,30,Day and Night,ODI,4,1,4,Batting,Kenya,Rainy,20363,Yes,11,3,8,3,3,8,7,56,3,1
Game_654,0,30,Day and Night,ODI,2,1,4,Bowling,Srilanka,Summer,21476,No,13,3,8,2,2,7,7,79,3,1
Game_655,0,30,Day,ODI,3,1,3,Batting,Srilanka,Rainy,18690,Yes,20,1,12,3,2,6,0,81,4,1
Game_656,0,30,Day,ODI,1,1,4,Bowling,Srilanka,Winter,18851,No,22,2,1,2,3,6,0,67,3,1
Game_657,0,30,Day and Night,ODI,3,1,4,Bowling,England,Summer,45000,No,21,2,10,2,3,9,7,44,2,3
Game_658,0,30,Day,ODI,3,1,3,Bowling,Pakistan,Rainy,36659,No,13,2,17,3,2,7,7,94,3,2
Game_659,0,30,Day,ODI,3,1,1,Bowling,Srilanka,Rainy,16982,No,13,3,6,5,3,6,4,84,4,1
Game_660,0,30,Day,ODI,1,1,1,Bowling,Kenya,Winter,20377,No,17,4,5,1,2,6,2,31,3,1
Game_661,0,30,Day,ODI,2,1,2,Bowling,Srilanka,Winter,18627,No,11,3,3,2,3,6,2,93,3,1
Game_662,0,30,Day,ODI,2,1,1,Bowling,Kenya,Winter,23086,Yes,12,4,7,5,2,6,2,80,4,1
Game_663,0,30,Day,T20,4,1,1,Batting,Bangladesh,Rainy,107989,No,16,3,31,0,3,25,8,78,2,4
Game_664,0,30,Day,ODI,3,1,4,Bowling,Kenya,Summer,27608,Yes,11,3,6,3,3,6,2,45,3,1
Game_665,1,30,Day,T20,4,1,3,Bowling,Zimbabwe,Summer,23849,No,23,2,10,0,3,6,3,82,2,1
Game_666,0,30,Day,ODI,4,1,1,Batting,West Indies,Summer,83958,No,11,3,13,4,3,12,6,53,3,3
Game_667,1,30,Day,ODI,1,1,2,Bowling,Kenya,Summer,20720,No,11,3,8,2,3,6,2,83,3,1
Game_668,0,30,Day,ODI,3,1,3,Batting,Bangladesh,Winter,133658,No,11,4,26,3,2,14,13,58,3,5
Game_669,1,30,Day and Night,ODI,1,1,2,Batting,Kenya,Summer,27433,Yes,22,2,10,5,3,10,2,72,1,1
Game_670,0,30,Day,T20,4,1,3,Bowling,South Africa,Rainy,47775,No,11,4,10,0,3,9,7,48,3,2
Game_671,0,30,Day,ODI,4,1,1,Batting,Pakistan,Rainy,71736,No,14,4,24,4,3,22,6,42,2,3
Game_672,0,30,Day,T20,4,1,2,Batting,Bangladesh,Summer,132629,No,12,4,22,0,2,6,2,83,3,5
Game_673,0,30,Day,ODI,3,1,3,Bowling,Srilanka,Summer,17472,No,11,4,7,3,3,6,1,78,3,1
Game_674,0,30,Day,ODI,4,1,4,Bowling,Pakistan,Rainy,45255,Yes,13,4,9,5,4,6,2,41,3,2
Game_675,0,30,Day,ODI,2,1,4,Bowling,Srilanka,Summer,15442,No,13,1,10,5,3,10,0,83,2,1
Game_676,1,30,Day,T20,3,1,4,Bowling,Zimbabwe,Rainy,14602,No,14,3,19,0,4,6,0,56,3,2
Game_677,0,30,Day,ODI,2,1,4,Batting,Kenya,Winter,18515,No,12,4,6,3,2,6,3,72,4,1
Game_678,1,30,Day,T20,2,1,1,Bowling,Zimbabwe,Rainy,18781,Yes,14,3,3,0,3,6,2,86,2,1
Game_679,0,30,Day,T20,3,1,4,Batting,Zimbabwe,Rainy,14098,No,13,1,2,0,3,6,2,97,3,1
Game_680,0,30,Day,ODI,4,1,2,Batting,Kenya,Rainy,23933,Yes,14,4,6,3,4,6,1,82,2,1
Game_681,0,30,Day and Night,T20,3,1,3,Batting,South Africa,Rainy,45000,No,19,1,10,0,3,6,3,42,4,2
Game_682,0,30,Day,ODI,2,1,3,Bowling,Srilanka,Winter,13657,No,12,3,1,3,3,6,0,75,3,1
Game_683,0,30,Day and Night,ODI,2,1,3,Batting,Srilanka,Summer,28077,No,23,4,12,2,3,12,8,58,3,2
Game_684,1,30,Day,ODI,3,1,2,Batting,West Indies,Rainy,136815,No,12,4,23,0,3,22,15,49,3,5
Game_685,0,30,Night,T20,4,1,2,Bowling,South Africa,Summer,31976,No,20,3,10,0,3,9,5,72,3,2
Game_686,0,30,Day,ODI,2,1,2,Bowling,Kenya,Rainy,21154,No,21,1,8,1,3,6,0,73,3,1
Game_687,0,30,Day and Night,T20,4,1,1,Bowling,South Africa,Summer,40404,Yes,21,3,14,0,3,9,6,98,3,2
Game_688,0,30,Day,ODI,1,1,4,Bowling,Srilanka,Rainy,15883,No,19,4,1,2,3,6,0,36,4,1
Game_689,1,30,Day,ODI,2,1,1,Bowling,Srilanka,Summer,37667,Yes,13,4,23,2,3,6,0,98,2,3
Game_690,0,30,Day,T20,5,1,2,Batting,South Africa,Winter,38178,Yes,21,3,9,0,2,6,3,75,3,2
Game_691,0,30,Night,ODI,2,1,3,Bowling,Pakistan,Rainy,69188,Yes,13,3,10,3,3,6,0,79,2,3
Game_692,0,30,Day and Night,ODI,2,1,1,Batting,West Indies,Summer,94206,Yes,12,3,15,1,3,15,14,98,3,3
Game_693,0,30,Day and Night,T20,5,1,2,Bowling,South Africa,Rainy,63483,No,22,4,9,0,2,9,8,71,3,3
Game_694,0,30,Day,ODI,4,1,3,Batting,Srilanka,Rainy,28098,No,15,3,4,3,3,6,2,30,3,1
Game_695,0,30,Day,ODI,4,1,4,Bowling,Srilanka,Winter,41405,No,22,4,10,3,2,7,7,48,3,2
Game_696,0,30,Day,ODI,4,1,1,Bowling,England,Summer,41951,No,12,3,7,2,4,7,5,51,2,2
Game_697,0,30,Day,ODI,3,1,1,Bowling,England,Rainy,43134,Yes,22,2,9,3,3,9,8,33,3,2
Game_698,0,27,Day and Night,ODI,3,1,4,Batting,Srilanka,Summer,16842,No,11,4,10,2,3,10,3,50,3,2
Game_699,0,30,Day,ODI,2,1,2,Batting,West Indies,Winter,131180,Yes,12,4,29,2,2,27,3,43,2,5
Game_700,0,30,Day,T20,3,1,1,Batting,South Africa,Summer,53459,No,11,4,28,0,2,21,16,99,3,3
Game_701,0,30,Day,ODI,3,1,3,Batting,Pakistan,Winter,70672,No,13,2,17,2,3,17,14,59,3,3
Game_702,0,30,Day,ODI,3,1,3,Batting,Bangladesh,Winter,103292,Yes,14,3,21,2,3,6,0,33,3,4
Game_703,0,30,Day and Night,ODI,3,1,2,Bowling,England,Summer,45493,No,13,3,6,3,3,6,5,95,2,2
Game_704,0,30,Day,ODI,3,1,2,Bowling,Kenya,Winter,68068,No,17,3,25,2,3,6,0,59,3,3
Game_705,0,30,Day and Night,ODI,3,1,2,Bowling,Kenya,Rainy,45000,No,13,4,5,2,2,6,2,79,3,1
Game_706,1,30,Day,ODI,3,1,4,Bowling,Kenya,Rainy,23716,Yes,17,1,2,0,2,6,0,79,2,1
Game_707,0,30,Day and Night,T20,1,1,1,Batting,South Africa,Summer,38311,No,11,4,20,0,2,6,3,57,2,2
Game_708,0,30,Day,ODI,4,1,3,Bowling,Kenya,Summer,17507,No,17,2,1,4,3,6,1,87,3,1
Game_709,0,30,Day,ODI,3,1,2,Bowling,Kenya,Rainy,43540,No,17,2,10,3,3,10,4,66,3,2
Game_710,0,30,Day,ODI,3,1,2,Batting,Srilanka,Rainy,21266,No,12,2,5,3,3,6,0,55,4,1
Game_711,0,30,Day,ODI,4,1,3,Batting,England,Summer,30968,No,23,4,11,2,3,11,7,61,3,2
Game_712,0,30,Day,T20,4,1,3,Bowling,South Africa,Summer,30184,No,14,2,16,0,3,15,13,32,2,2
Game_713,0,30,Day,ODI,4,1,4,Bowling,West Indies,Rainy,92715,Yes,14,2,17,3,4,6,0,52,3,3
Game_714,0,30,Day,ODI,4,1,1,Bowling,West Indies,Summer,95648,No,13,1,16,3,4,6,2,30,3,3
Game_715,0,30,Day,Test,2,1,2,Bowling,Australia,Winter,35147,Yes,22,4,16,2,3,6,2,80,3,2
Game_716,0,30,Day,ODI,1,1,4,Bowling,Srilanka,Rainy,35882,Yes,12,3,10,1,2,10,8,55,2,2
Game_717,0,30,Day,ODI,3,1,2,Bowling,Kenya,Summer,20013,No,18,1,6,3,3,6,4,30,2,1
Game_718,0,30,Day,T20,2,1,1,Bowling,South Africa,Rainy,71673,No,14,4,24,0,3,6,0,70,3,3
Game_719,0,30,Night,ODI,3,1,2,Batting,Kenya,Winter,37303,Yes,12,4,17,3,3,13,11,79,1,2
Game_720,0,30,Day,ODI,2,1,1,Bowling,England,Summer,30275,No,15,3,5,2,3,6,2,94,3,2
Game_721,0,30,Day,ODI,3,1,4,Bowling,England,Summer,50820,No,11,1,37,3,2,6,4,49,1,3
Game_722,0,27,Day,ODI,3,1,4,Bowling,Srilanka,Rainy,14525,No,23,2,10,4,3,6,2,96,3,1
Game_723,0,30,Day,ODI,3,1,3,Bowling,Pakistan,Rainy,29064,No,19,1,11,3,3,11,10,99,2,2
Game_724,1,30,Day,T20,2,1,3,Bowling,South Africa,Summer,67333,No,16,4,9,0,3,9,8,64,2,3
Game_725,0,30,Day and Night,ODI,4,1,3,Bowling,Pakistan,Rainy,94521,No,22,4,22,3,2,22,3,78,2,4
Game_726,0,30,Day,T20,4,1,3,Bowling,South Africa,Summer,38087,Yes,22,4,11,0,1,10,7,71,3,2
Game_727,0,30,Day,T20,2,1,3,Batting,South Africa,Winter,36463,Yes,12,2,11,0,2,11,8,63,2,2
Game_728,0,30,Day and Night,ODI,3,1,3,Bowling,Pakistan,Rainy,74711,Yes,13,3,21,5,2,10,9,40,2,3
Game_729,0,30,Day,T20,4,1,2,Bowling,South Africa,Summer,45000,No,16,1,12,0,3,11,8,87,3,2
Game_730,0,30,Day,ODI,4,1,1,Batting,West Indies,Rainy,94843,No,12,1,16,5,1,6,3,60,3,3
Game_731,0,30,Day,T20,4,1,4,Bowling,South Africa,Summer,97104,No,13,3,38,0,2,37,10,37,3,4
Game_732,0,30,Night,ODI,3,1,2,Bowling,Srilanka,Rainy,14294,No,12,3,17,3,4,6,2,67,3,2
Game_733,1,30,Day,Test,4,1,3,Bowling,Australia,Winter,14511,Yes,22,4,7,3,3,6,2,63,3,1
Game_734,0,30,Day,ODI,1,1,4,Bowling,Kenya,Summer,20692,No,13,4,1,2,3,6,0,71,3,1
Game_735,0,30,Day,ODI,4,1,1,Batting,Kenya,Summer,33663,No,14,3,16,3,3,16,13,41,3,2
Game_736,0,30,Night,ODI,2,1,3,Bowling,Pakistan,Winter,36141,No,14,4,17,2,4,6,0,100,2,2
Game_737,0,30,Night,Test,4,1,3,Batting,Bangladesh,Rainy,131908,No,21,4,30,3,3,6,2,32,2,5
Game_738,0,30,Day and Night,ODI,3,1,1,Batting,West Indies,Rainy,127204,Yes,19,1,28,1,2,8,3,73,3,5
Game_739,0,30,Day and Night,ODI,4,1,1,Batting,Pakistan,Summer,52388,No,20,3,23,1,2,13,12,30,2,3
Game_740,1,30,Day and Night,ODI,3,1,1,Bowling,Srilanka,Summer,42518,Yes,24,4,9,3,3,9,7,66,1,2
Game_741,0,30,Night,Test,3,1,4,Batting,Bangladesh,Summer,121296,Yes,12,3,23,3,3,6,3,30,4,4
Game_742,0,30,Day,ODI,4,1,3,Batting,Kenya,Winter,31535,No,15,3,12,3,3,6,0,45,2,2
Game_743,0,30,Day,T20,3,1,3,Bowling,South Africa,Summer,51996,No,12,1,12,0,3,6,3,87,3,3
Game_744,0,30,Day,ODI,3,1,3,Batting,Bangladesh,Summer,81417,No,12,4,14,6,3,11,10,45,2,3
Game_745,0,30,Day and Night,T20,2,1,2,Batting,South Africa,Rainy,68166,No,14,3,10,0,3,9,7,92,3,3
Game_746,0,27,Day,ODI,3,1,1,Batting,Srilanka,Winter,19845,No,22,1,7,2,3,6,0,39,3,1
Game_747,0,30,Day and Night,T20,2,1,3,Bowling,Bangladesh,Rainy,118713,Yes,12,4,25,0,4,25,12,92,3,4
Game_748,0,30,Day and Night,ODI,3,1,1,Bowling,Kenya,Winter,18291,No,25,3,10,2,2,10,7,96,1,1
Game_749,0,30,Night,T20,2,1,3,Bowling,South Africa,Rainy,43022,No,13,1,8,0,4,7,7,95,3,2
Game_750,1,30,Day,ODI,4,1,3,Batting,Kenya,Rainy,34741,Yes,18,1,7,2,3,6,4,72,3,1
Game_751,0,30,Day,ODI,3,1,1,Bowling,West Indies,Summer,136759,No,13,3,23,5,3,20,18,51,3,5
Game_752,1,30,Day,T20,4,1,2,Bowling,South Africa,Rainy,43204,Yes,18,2,12,0,2,7,7,76,1,2
Game_753,1,30,Day,ODI,4,1,4,Batting,Pakistan,Rainy,72184,No,12,4,40,3,2,40,10,94,3,3
Game_754,0,30,Day,ODI,4,1,3,Batting,England,Rainy,45969,No,14,3,16,2,2,15,11,96,3,2
Game_755,0,30,Day and Night,ODI,3,1,2,Batting,Kenya,Summer,33173,No,12,4,18,2,3,6,2,72,4,1
Game_756,0,30,Day and Night,T20,3,1,3,Batting,South Africa,Summer,64456,No,11,4,16,0,3,6,2,77,3,3
Game_757,1,30,Day,T20,3,1,2,Batting,South Africa,Rainy,31913,Yes,11,3,4,0,3,6,2,71,1,2
Game_758,0,30,Day,ODI,1,1,3,Bowling,South Africa,Winter,57323,Yes,13,3,12,2,3,9,7,96,3,3
Game_759,0,30,Day,ODI,2,1,2,Bowling,England,Winter,34587,No,20,4,7,0,3,6,2,84,3,2
Game_760,1,30,Day and Night,ODI,4,1,1,Bowling,England,Summer,74550,No,15,4,18,2,3,6,2,53,1,3
Game_761,0,30,Day,T20,4,1,4,Batting,South Africa,Rainy,41314,No,14,3,17,0,4,15,11,47,2,2
Game_762,0,30,Day,Test,3,1,3,Bowling,Australia,Rainy,44429,Yes,19,4,12,2,1,11,9,48,3,2
Game_763,1,30,Day,ODI,3,1,1,Batting,Srilanka,Summer,29400,No,22,1,10,2,4,6,4,41,3,1
Game_764,0,30,Day,ODI,3,1,3,Bowling,Kenya,Summer,24164,No,13,2,9,2,2,6,5,83,3,1
Game_765,0,30,Day,ODI,5,1,4,Batting,Kenya,Summer,30219,Yes,20,2,19,2,3,6,2,32,3,2
Game_766,0,30,Day,ODI,3,1,1,Batting,Kenya,Summer,18424,No,14,3,5,4,2,6,4,75,3,1
Game_767,0,30,Day and Night,T20,2,1,4,Bowling,South Africa,Winter,32676,No,17,4,9,0,4,8,7,35,1,2
Game_768,0,30,Day,ODI,3,1,4,Batting,Kenya,Summer,22428,No,12,4,8,3,3,6,2,84,3,1
Game_769,0,30,Day,ODI,1,1,2,Bowling,Srilanka,Summer,19040,No,13,4,6,3,3,6,3,35,2,1
Game_770,0,27,Day and Night,ODI,3,1,4,Bowling,Bangladesh,Winter,120267,No,13,2,21,2,2,7,6,91,2,4
Game_771,0,70,Day,ODI,4,1,3,Bowling,Srilanka,Rainy,15666,No,21,4,7,2,3,6,0,94,3,1
Game_772,0,30,Day and Night,ODI,3,1,2,Batting,Kenya,Winter,39235,No,11,1,20,2,3,20,7,54,3,2
Game_773,0,30,Day,T20,5,1,3,Bowling,South Africa,Rainy,51065,No,13,1,10,0,3,10,8,94,3,3
Game_774,0,30,Day,T20,2,1,2,Bowling,Zimbabwe,Rainy,16142,Yes,20,4,13,0,1,7,7,34,3,2
Game_775,0,30,Day,ODI,3,1,2,Bowling,Srilanka,Winter,16436,No,18,3,20,2,1,17,9,60,3,2
Game_776,0,30,Day and Night,T20,3,1,2,Batting,South Africa,Summer,62986,No,14,4,9,0,3,9,8,43,3,3
Game_777,0,30,Day,ODI,4,1,2,Bowling,England,Rainy,45000,No,17,3,10,2,3,6,0,34,2,2
Game_778,0,30,Day,ODI,3,1,2,Batting,Kenya,Rainy,23422,Yes,20,2,9,3,2,6,0,75,2,1
Game_779,0,30,Day,T20,4,1,3,Bowling,South Africa,Rainy,75985,No,11,1,15,0,2,12,11,67,2,3
Game_780,0,30,Day and Night,T20,4,1,3,Batting,Zimbabwe,Rainy,15617,No,18,4,6,0,3,6,3,75,3,1
Game_781,0,30,Day,ODI,2,1,3,Bowling,Pakistan,Winter,66073,Yes,16,2,12,2,1,6,3,83,4,3
Game_782,0,30,Day,ODI,3,1,3,Batting,Bangladesh,Summer,139482,No,15,2,21,5,3,6,4,53,3,5
Game_783,0,30,Day,ODI,3,1,1,Bowling,Kenya,Winter,17157,No,12,1,13,2,3,9,8,56,3,1
Game_784,0,30,Day,T20,3,1,2,Batting,South Africa,Rainy,65933,No,12,3,12,0,3,10,9,41,3,3
Game_785,0,30,Day,T20,4,1,1,Batting,South Africa,Summer,60802,No,22,3,12,0,4,8,3,59,2,2
Game_786,0,30,Day,ODI,5,1,3,Bowling,Kenya,Summer,21266,No,20,1,8,2,3,6,4,43,3,1
Game_787,0,30,Day and Night,ODI,2,1,4,Bowling,Srilanka,Summer,14616,No,12,3,13,3,2,8,7,30,3,1
Game_788,0,30,Night,ODI,3,1,3,Bowling,Srilanka,Winter,21504,No,11,3,12,4,3,12,9,66,3,2
Game_789,0,30,Day,T20,2,1,3,Batting,South Africa,Winter,35042,Yes,11,1,9,0,4,6,4,30,3,2
Game_790,0,30,Day,ODI,3,1,3,Batting,Kenya,Winter,29799,Yes,18,3,19,3,3,6,2,67,3,1
Game_791,0,30,Day,ODI,3,1,3,Bowling,Kenya,Summer,17500,No,14,1,4,2,4,6,1,90,3,1
Game_792,0,30,Day,T20,2,1,2,Batting,South Africa,Winter,73171,No,25,3,24,0,3,24,13,92,3,3
Game_793,0,30,Day,ODI,2,1,3,Batting,Srilanka,Summer,16016,No,12,3,2,3,3,6,2,75,3,1
Game_794,0,27,Day,ODI,3,1,3,Batting,Kenya,Rainy,27503,Yes,23,3,7,0,3,6,2,95,3,1
Game_795,0,30,Day,ODI,2,1,4,Batting,Kenya,Summer,16177,No,15,4,9,3,3,6,2,95,3,1
Game_796,1,30,Day,T20,2,1,2,Batting,Zimbabwe,Summer,21980,Yes,22,4,4,0,2,6,3,70,3,1
Game_797,0,30,Day,ODI,3,1,3,Bowling,Srilanka,Rainy,25830,No,15,4,5,2,2,6,2,86,2,1
Game_798,0,30,Day,ODI,2,1,3,Batting,England,Winter,31150,No,11,3,5,3,3,6,2,57,4,2
Game_799,0,30,Day,ODI,3,1,4,Batting,Kenya,Rainy,19292,No,13,4,8,5,3,8,7,72,3,1
Game_800,0,30,Day,ODI,1,1,4,Batting,Bangladesh,Rainy,133231,No,14,2,21,2,3,20,8,46,3,5
Game_801,0,30,Day,ODI,4,1,3,Bowling,West Indies,Summer,45000,No,11,4,36,3,3,24,15,61,4,5
Game_802,0,30,Day and Night,ODI,1,1,4,Bowling,England,Rainy,66829,No,17,3,10,2,2,10,9,45,2,2
Game_803,0,30,Day,ODI,3,1,4,Batting,Pakistan,Summer,96138,No,18,3,21,6,3,7,7,98,3,4
Game_804,0,30,Day,ODI,4,1,3,Bowling,Bangladesh,Rainy,1399930,No,14,1,34,5,3,33,18,65,2,5
Game_805,1,30,Day,ODI,2,1,2,Bowling,England,Rainy,41412,Yes,13,1,8,1,3,6,0,50,2,2
Game_806,0,30,Night,ODI,3,1,4,Bowling,Kenya,Winter,14623,No,14,4,7,3,4,6,4,37,4,1
Game_807,0,30,Night,ODI,2,1,1,Bowling,Bangladesh,Rainy,117544,No,23,4,22,1,3,20,8,65,2,4
Game_808,0,30,Day,ODI,3,1,2,Bowling,Kenya,Rainy,24948,Yes,12,1,8,3,2,8,7,65,4,1
Game_809,0,30,Day and Night,ODI,3,1,2,Batting,Srilanka,Summer,30975,No,11,4,10,5,3,6,2,37,3,2
Game_810,0,30,Night,ODI,2,1,3,Batting,England,Winter,36855,No,16,2,11,5,3,6,3,36,3,2
Game_811,0,30,Day,ODI,4,1,4,Bowling,England,Rainy,45871,No,14,2,14,3,3,6,0,88,3,2
Game_812,0,30,Day,ODI,3,1,4,Bowling,England,Rainy,43827,No,18,1,9,3,1,7,7,54,3,2
Game_813,0,30,Night,ODI,4,1,4,Bowling,England,Winter,47628,Yes,15,1,7,0,3,7,7,92,3,2
Game_814,0,30,Day and Night,ODI,4,1,4,Bowling,Kenya,Winter,26705,Yes,17,4,5,4,4,6,3,43,3,1
Game_815,0,30,Day,ODI,2,1,3,Bowling,Srilanka,Rainy,19187,Yes,15,3,15,2,4,7,2,99,3,2
Game_816,1,30,Day,ODI,1,1,2,Bowling,Pakistan,Summer,46711,Yes,12,2,17,2,3,6,0,70,3,2
Game_817,0,30,Day and Night,ODI,1,1,2,Batting,Srilanka,Summer,15071,No,13,1,8,2,3,8,1,73,3,1
Game_818,0,27,Night,ODI,3,1,4,Bowling,Pakistan,Rainy,34132,No,14,4,5,5,1,6,2,63,2,2
Game_819,0,30,Day,ODI,4,1,4,Bowling,Pakistan,Winter,65772,No,16,3,17,3,3,6,2,97,3,3
Game_820,1,30,Day,T20,4,1,4,Bowling,South Africa,Rainy,72800,No,11,3,14,0,2,14,8,32,1,3
Game_821,0,30,Night,ODI,1,1,3,Bowling,England,Summer,59318,No,22,3,12,2,3,11,8,88,2,3
Game_822,0,30,Day,ODI,4,1,3,Bowling,West Indies,Rainy,87430,No,16,4,16,5,1,10,9,81,2,3
Game_823,1,30,Day,ODI,3,1,4,Batting,Kenya,Summer,18599,Yes,11,3,8,5,3,6,2,88,3,1
Game_824,0,30,Day,T20,3,1,4,Batting,Bangladesh,Summer,95137,Yes,18,3,16,0,3,6,0,75,3,3
Game_825,1,30,Day and Night,T20,4,1,3,Batting,South Africa,Summer,45000,No,15,3,9,0,2,6,3,52,2,2
Game_826,0,30,Night,T20,3,1,4,Batting,South Africa,Summer,62055,No,12,4,23,0,3,19,7,57,2,3
Game_827,0,30,Day,T20,3,1,4,Batting,South Africa,Rainy,41580,No,14,4,16,0,3,6,2,52,3,2
Game_828,0,30,Day,ODI,2,1,4,Bowling,Srilanka,Summer,41398,No,16,4,16,3,4,13,11,62,3,2
Game_829,0,30,Day,ODI,4,1,3,Batting,Kenya,Rainy,18354,No,21,4,7,3,3,6,2,47,2,1
Game_830,0,30,Day and Night,ODI,3,1,2,Bowling,West Indies,Winter,85295,Yes,14,3,10,1,3,10,8,47,3,3
Game_831,0,30,Day,T20,3,1,1,Bowling,South Africa,Winter,74263,No,12,3,17,0,2,16,10,76,3,3
Game_832,0,69,Night,ODI,4,1,3,Bowling,England,Rainy,30415,No,12,4,6,2,3,6,4,90,1,2
Game_833,0,30,Day,ODI,3,1,3,Bowling,Kenya,Rainy,15239,No,17,1,7,6,3,6,0,70,2,1
Game_834,0,30,Day and Night,T20,4,1,1,Bowling,Zimbabwe,Winter,19551,No,17,3,13,0,3,9,8,41,3,1
Game_835,0,30,Day and Night,T20,3,1,3,Batting,South Africa,Summer,61523,No,14,1,10,0,4,10,7,92,3,3
Game_836,0,30,Day,ODI,3,1,3,Batting,Srilanka,Summer,22484,No,15,2,6,3,2,6,2,89,2,1
Game_837,0,30,Day,ODI,2,1,3,Bowling,Bangladesh,Rainy,134624,No,11,4,22,3,3,22,17,58,3,5
Game_838,0,30,Day,Test,2,1,2,Bowling,Australia,Rainy,15869,No,17,4,7,2,2,6,2,52,3,1
Game_839,0,30,Day,T20,4,1,4,Batting,Bangladesh,Winter,136619,No,11,3,32,0,2,7,0,68,3,5
Game_840,1,30,Day,ODI,3,1,3,Bowling,Srilanka,Rainy,17052,Yes,12,3,8,2,1,6,4,58,3,1
Game_841,0,30,Day,T20,3,1,4,Batting,Bangladesh,Rainy,112448,Yes,22,3,22,0,3,17,13,80,3,4
Game_842,1,27,Day,ODI,2,1,1,Batting,Srilanka,Rainy,18949,No,20,1,13,3,4,9,7,39,3,1
Game_843,0,30,Night,T20,4,1,1,Bowling,Bangladesh,Summer,133476,Yes,18,4,33,0,4,33,7,79,2,5
Game_844,0,30,Day,T20,2,1,3,Batting,Zimbabwe,Rainy,27517,No,11,1,6,0,3,6,3,56,3,1
Game_845,1,30,Day,ODI,3,1,4,Bowling,Srilanka,Summer,26110,Yes,14,4,4,2,1,6,2,62,2,1
Game_846,0,30,Day,ODI,4,1,3,Batting,Srilanka,Winter,15624,No,14,3,7,1,3,6,2,96,3,1
Game_847,0,30,Night,T20,4,1,3,Bowling,South Africa,Rainy,31255,No,18,1,4,0,3,6,2,100,3,2
Game_848,0,30,Day,ODI,2,1,3,Bowling,Kenya,Winter,21504,No,16,1,17,2,2,6,0,36,3,2
Game_849,0,30,Day,ODI,2,1,1,Bowling,Kenya,Winter,45000,No,17,1,9,3,3,9,8,62,3,2
Game_850,0,30,Day,ODI,3,1,3,Bowling,Bangladesh,Rainy,134414,No,11,3,25,2,3,24,0,70,4,5
Game_851,0,30,Day and Night,ODI,4,1,2,Bowling,West Indies,Winter,95725,No,12,1,9,3,3,6,2,73,3,3
Game_852,0,30,Day,ODI,4,1,3,Batting,Kenya,Rainy,20377,No,13,3,2,2,2,6,2,63,2,1
Game_853,0,30,Day,ODI,4,1,4,Bowling,England,Rainy,41699,No,13,2,13,3,3,11,9,84,2,2
Game_854,0,30,Day,ODI,2,1,3,Batting,Kenya,Rainy,27440,No,14,1,17,2,2,6,1,83,2,1
Game_855,0,30,Day and Night,ODI,4,1,1,Bowling,England,Rainy,45038,No,17,4,9,1,3,6,2,77,4,2
Game_856,1,30,Day and Night,ODI,3,1,1,Bowling,England,Winter,70336,No,11,2,17,5,3,6,0,61,3,3
Game_857,0,30,Day and Night,ODI,4,1,3,Batting,Pakistan,Summer,76566,No,25,4,20,1,3,19,6,64,3,3
Game_858,0,30,Day,ODI,2,1,4,Batting,Kenya,Summer,45815,Yes,13,3,10,1,3,6,2,82,4,2
Game_859,0,30,Day,ODI,3,1,4,Batting,Srilanka,Winter,18151,Yes,11,3,10,4,3,9,6,56,2,1
Game_860,0,30,Day,ODI,2,1,1,Bowling,West Indies,Winter,136052,No,19,4,22,5,3,21,7,49,3,5
Game_861,0,30,Day,ODI,3,1,3,Bowling,Kenya,Rainy,19061,No,11,2,1,0,2,6,0,96,3,1
Game_862,1,30,Day and Night,ODI,2,1,3,Bowling,Srilanka,Summer,24353,No,11,2,6,2,4,6,4,71,2,1
Game_863,0,30,Day and Night,ODI,3,1,2,Bowling,Srilanka,Rainy,19558,No,20,3,5,3,1,6,1,100,4,1
Game_864,0,30,Night,T20,2,1,4,Bowling,South Africa,Summer,36743,No,12,4,13,0,3,8,7,39,2,2
Game_865,0,30,Day,ODI,1,1,4,Bowling,Srilanka,Summer,15232,No,13,4,9,5,3,6,2,84,2,2
Game_866,0,27,Day,T20,3,1,3,Batting,Bangladesh,Rainy,118104,Yes,12,2,28,0,2,7,7,75,1,4
Game_867,0,30,Day,ODI,3,1,2,Bowling,Pakistan,Rainy,39074,No,21,2,10,2,3,9,0,64,2,2
Game_868,0,30,Day,ODI,2,1,3,Bowling,Pakistan,Rainy,94472,Yes,14,2,21,2,3,20,7,79,3,4
Game_869,0,30,Day,ODI,3,1,4,Bowling,Srilanka,Rainy,22470,No,11,3,16,4,3,15,13,47,3,1
Game_870,0,30,Day,ODI,3,1,4,Bowling,Bangladesh,Summer,133315,Yes,14,3,37,2,3,36,10,81,3,5
Game_871,1,30,Night,ODI,4,1,1,Bowling,Bangladesh,Rainy,82943,Yes,12,4,10,2,2,10,7,88,3,3
Game_872,0,30,Day,T20,4,1,3,Bowling,South Africa,Rainy,45514,No,14,2,7,0,4,6,4,98,3,2
Game_873,0,30,Night,ODI,4,1,1,Batting,West Indies,Winter,45000,Yes,18,1,15,2,3,6,2,80,3,3
Game_874,0,30,Day,ODI,3,1,2,Batting,Bangladesh,Winter,83972,No,18,2,10,6,2,7,7,71,4,3
Game_875,0,30,Day,T20,2,1,1,Batting,South Africa,Winter,39235,Yes,24,3,8,0,3,8,0,44,4,2
Game_876,0,30,Day,ODI,1,1,1,Bowling,West Indies,Winter,134008,No,14,1,28,4,2,10,4,96,3,5
Game_877,0,30,Day,ODI,4,1,3,Bowling,West Indies,Rainy,123088,Yes,16,4,21,5,2,6,3,45,3,4
Game_878,0,30,Day,T20,1,1,2,Bowling,South Africa,Rainy,34349,No,25,3,20,0,3,20,16,99,3,2
Game_879,0,30,Day,ODI,2,1,2,Bowling,Srilanka,Rainy,37905,Yes,19,4,12,4,3,10,7,37,3,2
Game_880,0,30,Day,ODI,3,1,4,Batting,Kenya,Summer,14805,No,12,2,17,3,3,17,12,42,3,1
Game_881,1,30,Day and Night,ODI,3,1,4,Bowling,Srilanka,Winter,22127,Yes,22,4,19,0,1,6,0,43,3,1
Game_882,0,30,Day,ODI,4,1,4,Bowling,Pakistan,Winter,40215,No,14,2,10,2,3,6,2,82,3,2
Game_883,0,30,Day and Night,ODI,4,1,3,Batting,West Indies,Summer,130655,Yes,11,4,22,4,3,6,2,35,3,5
Game_884,0,30,Day,ODI,3,1,3,Bowling,Kenya,Summer,31395,No,12,4,10,2,3,8,0,30,3,2
Game_885,0,30,Day and Night,T20,3,1,4,Batting,Zimbabwe,Winter,19523,No,11,3,2,0,2,6,2,84,3,1
Game_886,0,30,Day and Night,ODI,3,1,2,Bowling,Kenya,Rainy,16282,No,12,3,4,3,2,6,2,53,3,1
Game_887,0,30,Day and Night,T20,3,1,3,Batting,South Africa,Rainy,94675,No,14,4,23,0,4,20,4,77,3,4
Game_888,0,30,Day,T20,3,1,3,Bowling,South Africa,Summer,56140,No,15,3,12,0,2,11,9,96,3,3
Game_889,0,30,Day and Night,ODI,4,1,3,Bowling,Srilanka,Rainy,25816,No,18,4,4,2,3,6,0,81,4,1
Game_890,0,27,Day,ODI,3,1,4,Bowling,England,Winter,38374,No,18,4,13,3,3,6,1,84,1,2
Game_891,0,30,Day,T20,4,1,4,Bowling,Bangladesh,Summer,112105,No,19,2,22,0,3,22,10,88,3,4
Game_892,0,30,Day,T20,3,1,2,Bowling,South Africa,Rainy,48503,No,11,2,10,0,2,8,7,100,4,2
Game_893,0,30,Day,ODI,3,1,3,Bowling,Pakistan,Winter,67291,No,17,1,19,5,2,18,10,48,4,3
Game_894,0,30,Night,ODI,4,1,2,Batting,Srilanka,Rainy,39718,No,15,3,11,3,3,9,8,47,3,2
Game_895,0,30,Day,T20,3,1,4,Bowling,South Africa,Rainy,38388,No,14,3,13,0,2,13,8,91,2,2
Game_896,0,30,Day,ODI,2,1,1,Batting,West Indies,Rainy,84427,No,17,3,19,2,3,10,8,81,2,3
Game_897,0,30,Night,ODI,4,1,4,Bowling,Pakistan,Winter,45000,Yes,13,4,12,2,3,6,3,32,1,2
Game_898,0,30,Day,ODI,4,1,3,Bowling,Kenya,Rainy,33747,Yes,12,3,6,4,3,6,2,86,3,1
Game_899,0,30,Day,Test,3,1,1,Bowling,Australia,Rainy,44870,No,12,4,9,1,3,6,2,62,2,2
Game_900,0,70,Day and Night,ODI,3,1,1,Bowling,Srilanka,Winter,36470,No,18,1,24,2,3,24,9,97,3,3
Game_901,0,30,Day,ODI,4,1,3,Bowling,Kenya,Winter,18865,Yes,18,2,3,2,1,6,2,32,3,1
Game_902,0,30,Day and Night,ODI,4,1,4,Batting,Bangladesh,Rainy,83146,No,11,2,12,2,3,10,6,74,3,3
Game_903,0,30,Day,ODI,1,1,3,Bowling,Bangladesh,Rainy,119476,Yes,14,4,21,3,3,21,9,99,3,4
Game_904,0,30,Day and Night,ODI,4,1,3,Batting,Srilanka,Summer,17185,No,19,1,9,5,3,8,7,33,3,1
Game_905,0,30,Day,ODI,2,1,3,Batting,Pakistan,Summer,97748,Yes,12,4,25,2,3,7,1,90,2,4
Game_906,1,30,Day,ODI,4,1,3,Bowling,Kenya,Rainy,34587,No,15,1,11,3,2,8,2,85,2,2
Game_907,0,30,Day,T20,2,1,3,Batting,South Africa,Rainy,36596,Yes,11,4,13,0,3,13,12,65,2,2
Game_908,0,30,Day,T20,3,1,4,Bowling,South Africa,Winter,52829,No,12,4,13,0,3,7,7,73,3,2
Game_909,0,30,Day,ODI,4,1,1,Batting,Kenya,Summer,35385,No,16,3,10,0,2,7,7,74,4,2
Game_910,0,30,Day,ODI,2,1,4,Batting,Kenya,Rainy,40425,No,13,4,11,2,3,10,8,64,3,2
Game_911,0,30,Day and Night,ODI,2,1,3,Batting,England,Rainy,62601,No,24,1,10,2,3,10,9,48,2,3
Game_912,0,30,Day and Night,ODI,2,1,3,Bowling,Bangladesh,Summer,134904,No,12,1,21,2,3,21,9,54,2,5
Game_913,1,30,Day,T20,2,1,4,Batting,South Africa,Rainy,36666,Yes,18,1,12,0,2,6,0,41,3,2
Game_914,0,27,Day and Night,T20,3,1,2,Bowling,South Africa,Summer,32774,No,14,3,9,0,2,7,7,46,2,2
Game_915,0,30,Day,ODI,5,1,4,Bowling,West Indies,Rainy,128100,No,11,2,21,2,3,6,2,42,3,5
Game_916,0,30,Day and Night,ODI,4,1,3,Batting,Srilanka,Winter,36799,No,11,2,9,3,4,9,7,82,2,2
Game_917,0,30,Day and Night,ODI,4,1,4,Batting,Kenya,Summer,34083,No,12,4,20,4,2,6,3,31,3,2
Game_918,0,30,Day,ODI,3,1,3,Batting,Pakistan,Rainy,69895,No,16,1,10,1,2,6,0,43,3,3
Game_919,0,30,Day,ODI,4,1,4,Bowling,Kenya,Rainy,25879,No,14,1,12,3,3,10,9,75,3,2
Game_920,0,30,Day,T20,2,1,2,Bowling,South Africa,Rainy,52199,Yes,22,3,6,0,2,6,3,57,1,2
Game_921,0,30,Day,T20,3,1,4,Batting,South Africa,Winter,45000,No,13,3,10,0,3,10,9,30,2,2
Game_922,0,30,Day,ODI,2,1,4,Bowling,England,Winter,44429,No,16,3,8,2,2,6,2,61,3,2
Game_923,0,30,Day,ODI,2,1,3,Bowling,West Indies,Winter,80570,Yes,14,2,12,3,3,11,10,92,2,3
Game_924,0,30,Day,ODI,4,1,3,Batting,England,Summer,50001,Yes,14,3,11,2,2,11,9,39,3,3
Game_925,0,30,Day,ODI,4,1,3,Bowling,England,Summer,56665,No,13,4,17,5,3,16,6,62,3,3
Game_926,0,30,Day,ODI,3,1,4,Bowling,England,Summer,42224,Yes,15,4,8,3,3,6,4,95,2,2
Game_927,0,30,Day and Night,T20,1,1,2,Bowling,Zimbabwe,Summer,20832,No,19,1,5,0,3,6,0,99,3,2
Game_928,0,30,Day,ODI,5,1,1,Batting,West Indies,Summer,111944,No,14,2,16,2,3,6,0,44,3,4
Game_929,0,30,Day,Test,1,1,3,Bowling,Australia,Winter,18872,Yes,11,3,4,5,3,6,2,52,3,1
Game_930,0,30,Day,ODI,3,1,3,Batting,Srilanka,Rainy,16590,No,13,3,8,4,3,8,0,75,3,1
Game_931,0,30,Day,T20,1,1,1,Batting,Bangladesh,Rainy,87528,No,21,2,15,0,1,6,0,91,3,3
Game_932,0,30,Day,ODI,3,1,3,Bowling,Kenya,Winter,41818,Yes,13,1,13,2,3,7,7,51,4,2
Game_933,0,30,Night,T20,2,1,4,Batting,South Africa,Rainy,33152,Yes,12,2,4,0,4,6,2,85,3,2
Game_934,0,30,Day,ODI,4,1,1,Bowling,Pakistan,Summer,47467,No,23,2,14,6,3,6,0,98,2,2
Game_935,0,30,Night,T20,5,1,4,Batting,South Africa,Summer,46571,No,15,2,7,0,3,6,0,45,3,2
Game_936,0,30,Day and Night,T20,4,1,1,Bowling,South Africa,Summer,67893,No,11,1,16,0,3,13,9,48,2,3
Game_937,0,30,Day,ODI,4,1,4,Bowling,Pakistan,Rainy,47285,No,11,3,15,2,3,6,2,88,3,2
Game_938,0,27,Day,ODI,4,1,4,Batting,Srilanka,Rainy,15491,Yes,13,3,10,3,3,7,7,46,4,1
Game_939,1,30,Day,T20,3,1,4,Batting,Zimbabwe,Summer,19957,Yes,13,2,1,0,3,6,0,34,3,1
Game_940,0,30,Day,ODI,3,1,3,Batting,Srilanka,Rainy,24164,No,20,2,17,3,3,6,4,98,3,1
Game_941,0,30,Night,ODI,4,1,3,Batting,England,Rainy,36806,No,14,3,7,2,4,6,0,30,3,2
Game_942,1,30,Day and Night,T20,3,1,3,Bowling,South Africa,Summer,65485,No,18,3,8,0,3,8,7,56,3,2
Game_943,0,30,Day,ODI,3,1,4,Bowling,Pakistan,Summer,73472,No,15,4,20,2,3,6,3,100,2,3
Game_944,1,30,Day,T20,2,1,3,Bowling,South Africa,Rainy,44660,Yes,12,1,8,0,3,6,4,68,2,2
Game_945,0,30,Day,ODI,4,1,3,Bowling,Kenya,Summer,45000,Yes,16,4,3,5,3,6,2,42,2,1
Game_946,0,30,Day,ODI,4,1,3,Bowling,Pakistan,Summer,45780,No,19,3,10,5,3,6,1,97,2,2
Game_947,0,30,Day,ODI,3,1,2,Bowling,Pakistan,Summer,76755,No,24,3,26,2,3,6,2,31,2,3
Game_948,0,30,Day,T20,2,1,3,Batting,South Africa,Rainy,34552,No,11,3,18,0,2,7,7,87,3,2
Game_949,0,30,Day,ODI,3,1,4,Batting,Kenya,Rainy,17801,No,13,2,6,3,3,6,2,96,3,1
Game_950,1,30,Night,T20,3,1,1,Bowling,South Africa,Summer,37128,Yes,13,2,9,0,2,6,2,67,4,2
Game_951,0,30,Day,ODI,3,1,3,Batting,Bangladesh,Summer,116613,Yes,13,3,30,2,3,6,4,97,3,4
Game_952,0,30,Day,T20,1,1,3,Bowling,Zimbabwe,Rainy,17332,No,18,1,1,0,3,6,0,72,3,1
Game_953,0,30,Day,T20,2,1,2,Bowling,South Africa,Rainy,53172,No,13,2,10,0,3,10,9,61,2,3
Game_954,1,30,Day and Night,ODI,3,1,3,Bowling,Kenya,Summer,15995,Yes,23,3,3,4,3,6,0,40,3,1
Game_955,0,30,Day,ODI,3,1,4,Batting,Srilanka,Winter,21238,No,12,3,18,2,2,18,7,95,3,1
Game_956,0,30,Day,T20,2,1,4,Batting,South Africa,Winter,40005,No,12,3,8,0,3,6,4,46,3,2
Game_957,0,30,Day,ODI,4,1,2,Batting,Srilanka,Winter,18032,No,16,2,8,5,3,6,2,95,3,1
Game_958,0,30,Day,ODI,4,1,3,Bowling,England,Summer,29379,Yes,12,4,18,2,2,6,0,49,3,2
Game_959,0,30,Day,ODI,3,1,1,Bowling,West Indies,Winter,100352,No,11,3,25,3,3,25,10,59,2,4
Game_960,0,30,Day,ODI,3,1,2,Batting,Srilanka,Summer,24136,No,12,2,20,3,3,6,0,78,2,2
Game_961,0,30,Day,ODI,2,1,1,Bowling,West Indies,Rainy,135842,No,11,3,24,4,2,6,2,86,3,5
Game_962,0,27,Night,T20,4,1,3,Batting,South Africa,Rainy,45766,No,15,1,6,0,3,6,2,72,3,2
Game_963,0,30,Day,ODI,2,1,2,Batting,England,Rainy,30142,No,12,2,13,5,1,13,10,31,3,2
Game_964,0,30,Day,ODI,3,1,4,Bowling,Srilanka,Rainy,15806,No,20,1,8,1,3,6,2,61,3,1
Game_965,0,30,Day,ODI,4,1,3,Batting,Pakistan,Winter,31654,Yes,14,4,8,3,3,6,2,74,3,2
Game_966,0,30,Night,ODI,5,1,2,Batting,Kenya,Rainy,31143,Yes,15,1,15,2,3,13,11,72,3,2
Game_967,0,30,Day,ODI,2,1,4,Bowling,Srilanka,Rainy,15526,No,12,3,0,3,3,6,2,98,2,1
Game_968,0,30,Day and Night,ODI,1,1,2,Bowling,Bangladesh,Winter,134379,Yes,14,3,21,3,3,21,8,52,3,5
Game_969,0,30,Day and Night,T20,3,1,3,Batting,South Africa,Rainy,45000,No,11,4,36,0,2,7,7,86,4,4
Game_970,0,30,Day,T20,3,1,2,Batting,South Africa,Summer,46039,No,11,2,6,0,3,6,4,83,3,2
Game_971,0,30,Day,T20,3,1,2,Bowling,South Africa,Rainy,58744,No,16,3,10,0,3,10,7,49,4,3
Game_972,0,30,Day,ODI,3,1,4,Bowling,England,Rainy,55783,Yes,14,3,28,4,3,6,4,39,2,3
Game_973,0,30,Day,ODI,2,1,1,Bowling,Kenya,Rainy,18578,No,21,4,8,3,2,6,2,69,3,1
Game_974,0,30,Day,ODI,2,1,4,Batting,Bangladesh,Rainy,115885,No,13,4,31,2,1,6,2,30,3,4
Game_975,0,30,Day and Night,ODI,2,1,1,Batting,Kenya,Winter,31892,No,11,2,19,3,3,6,4,92,3,2
Game_976,0,50,Day,ODI,3,1,3,Batting,England,Summer,42637,No,20,3,11,2,3,6,4,43,1,2
Game_977,0,30,Day,ODI,3,1,1,Batting,Bangladesh,Rainy,136962,No,11,4,33,5,1,29,8,41,3,5
Game_978,0,30,Day,ODI,3,1,3,Batting,England,Winter,33670,No,14,3,19,5,2,10,7,87,3,2
Game_979,0,30,Day and Night,ODI,4,1,4,Batting,Pakistan,Rainy,31661,No,11,4,7,4,4,6,5,88,2,2
Game_980,1,30,Day and Night,T20,2,1,4,Batting,Zimbabwe,Winter,16457,No,16,4,3,0,2,6,2,33,1,1
Game_981,0,30,Day and Night,ODI,2,1,4,Bowling,Srilanka,Rainy,11914,Yes,23,3,1,3,3,6,0,42,3,1
Game_982,0,30,Day,T20,4,1,3,Batting,Bangladesh,Rainy,126287,No,14,4,21,0,3,20,15,79,3,5
Game_983,0,30,Night,ODI,3,1,3,Bowling,Srilanka,Rainy,14679,No,15,3,9,3,1,6,3,53,3,1
Game_984,0,30,Night,T20,4,1,3,Batting,South Africa,Rainy,58884,No,11,3,10,0,3,9,8,69,3,3
Game_985,0,30,Day,T20,3,1,1,Bowling,Bangladesh,Winter,98826,No,12,3,32,0,2,6,0,56,2,4
Game_986,0,27,Day,ODI,3,1,2,Bowling,Bangladesh,Rainy,119322,No,15,2,28,2,3,27,10,88,2,4
Game_987,0,30,Night,ODI,3,1,3,Batting,Srilanka,Summer,17948,No,14,3,12,2,2,11,7,49,3,1
Game_988,0,30,Day,T20,3,1,3,Batting,South Africa,Rainy,71862,No,19,4,22,0,4,18,13,80,2,3
Game_989,0,30,Day,ODI,2,1,1,Batting,England,Winter,35490,No,13,3,20,2,3,6,0,65,3,2
Game_990,0,30,Day,ODI,3,1,1,Bowling,West Indies,Rainy,125027,No,13,3,26,2,1,6,2,51,3,4
Game_991,0,30,Day,ODI,3,1,4,Bowling,Srilanka,Summer,29610,No,15,3,0,2,3,6,4,46,1,1
Game_992,0,30,Day,ODI,4,1,3,Batting,Srilanka,Summer,26460,No,11,3,19,3,3,6,0,42,3,2
Game_993,0,30,Day,ODI,4,1,4,Bowling,Kenya,Winter,45000,No,12,3,14,3,3,7,3,62,2,1
Game_994,0,30,Day,T20,3,1,3,Batting,South Africa,Rainy,63497,Yes,19,3,15,0,3,6,2,94,2,3
Game_995,0,30,Day,ODI,1,1,3,Bowling,England,Winter,74536,No,25,4,13,6,4,13,8,33,3,3
Game_996,1,30,Day,ODI,1,1,2,Bowling,Bangladesh,Rainy,95270,Yes,12,4,15,2,4,7,6,56,3,3
Game_997,1,30,Day,ODI,1,1,1,Bowling,Srilanka,Winter,23856,No,13,1,8,2,3,6,3,38,1,1
Game_998,0,30,Day,T20,1,1,4,Bowling,Zimbabwe,Summer,20881,No,14,1,4,0,3,6,2,57,3,1
Game_999,0,30,Day,ODI,3,1,4,Bowling,Pakistan,Rainy,53424,Yes,12,3,10,2,3,8,7,72,3,3
Game_1000,1,30,Day and Night,ODI,3,1,1,Bowling,Pakistan,Rainy,68768,No,12,1,12,2,3,6,0,66,3,3
Game_1001,1,30,Day and Night,Test,3,1,2,Batting,Australia,Winter,69650,Yes,15,3,11,2,3,6,2,43,3,3
Game_1002,0,30,Day and Night,ODI,2,1,2,Bowling,Srilanka,Rainy,14651,No,17,4,8,4,3,6,2,97,3,1
Game_1003,0,30,Night,T20,4,1,2,Bowling,South Africa,Summer,69860,No,14,4,10,0,2,10,3,32,3,3
Game_1004,0,30,Day,T20,5,1,2,Batting,South Africa,Rainy,28357,No,14,1,14,0,3,9,7,37,3,2
Game_1005,0,30,Day,T20,5,1,1,Batting,Bangladesh,Summer,117845,No,23,4,37,0,3,10,9,83,3,4
Game_1006,0,30,Night,T20,2,1,4,Bowling,South Africa,Summer,43610,No,14,4,16,0,3,14,3,56,3,2
Game_1007,0,30,Day,T20,3,1,2,Bowling,South Africa,Rainy,33019,No,11,3,15,0,3,11,9,85,3,2
Game_1008,0,30,Day,ODI,3,1,2,Batting,England,Summer,92659,No,15,3,22,3,3,20,6,75,3,4
Game_1009,0,30,Day and Night,ODI,1,1,3,Batting,Srilanka,Rainy,26285,No,11,1,8,3,3,8,3,48,3,1
Game_1010,0,27,Day,T20,3,1,2,Bowling,South Africa,Summer,46074,Yes,13,3,10,0,4,6,5,77,3,2
Game_1011,0,30,Day,ODI,3,1,4,Bowling,England,Rainy,51842,Yes,21,4,10,5,2,10,9,56,3,3
Game_1012,0,30,Day,T20,3,1,4,Bowling,South Africa,Rainy,33635,No,19,2,9,0,4,8,7,61,3,2
Game_1013,0,30,Day,ODI,5,1,1,Batting,West Indies,Winter,113288,No,19,3,10,2,3,6,1,95,4,4
Game_1014,0,30,Day,T20,3,1,3,Bowling,Bangladesh,Winter,80899,No,21,3,10,0,2,6,4,44,2,3
Game_1015,0,30,Night,T20,3,1,3,Bowling,South Africa,Winter,76524,No,15,3,20,0,3,6,0,58,1,3
Game_1016,0,30,Night,ODI,4,1,1,Batting,Pakistan,Summer,47677,Yes,17,1,10,3,3,8,7,62,2,2
Game_1017,0,30,Day,T20,3,1,1,Batting,South Africa,Summer,34013,No,16,4,5,0,3,6,4,80,3,2
Game_1018,0,30,Day,T20,4,1,4,Bowling,South Africa,Summer,37359,No,12,4,10,0,3,10,7,74,4,2
Game_1019,0,30,Day,ODI,3,1,2,Batting,England,Summer,52437,No,17,4,12,3,4,6,5,59,3,3
Game_1020,0,30,Day and Night,ODI,1,1,1,Batting,Pakistan,Rainy,73689,No,11,4,28,3,2,6,2,86,3,3
Game_1021,0,30,Day,T20,5,1,2,Batting,Bangladesh,Rainy,116165,No,16,2,22,0,3,18,16,91,3,4
Game_1022,0,30,Night,ODI,4,1,1,Bowling,South Africa,Winter,61838,No,13,4,9,6,3,9,5,69,3,3
Game_1023,0,30,Day,ODI,2,1,4,Bowling,Kenya,Winter,39039,Yes,12,2,18,3,3,10,9,78,3,2
Game_1024,1,30,Night,T20,4,1,4,Bowling,South Africa,Rainy,32949,No,12,4,6,0,3,6,2,60,4,2
Game_1025,0,30,Day,ODI,3,1,3,Batting,Pakistan,Rainy,68768,No,19,3,18,4,3,6,0,76,3,2
Game_1026,0,30,Day,ODI,4,1,2,Batting,England,Rainy,45129,No,12,2,8,2,2,6,5,65,3,2
Game_1027,0,30,Day,ODI,4,1,4,Bowling,West Indies,Winter,136514,Yes,17,3,31,5,3,31,9,58,2,5
Game_1028,0,30,Day and Night,Test,3,1,1,Bowling,Bangladesh,Rainy,127400,No,11,3,32,2,3,32,5,99,3,5
Game_1029,1,30,Day and Night,T20,4,1,2,Bowling,Zimbabwe,Rainy,14231,No,18,3,1,0,4,6,0,74,2,1
Game_1030,0,30,Day,ODI,2,1,2,Bowling,Kenya,Rainy,25354,No,13,4,6,3,3,6,5,83,2,1
Game_1031,1,30,Day,T20,4,1,2,Bowling,South Africa,Winter,29631,No,17,3,9,0,1,6,1,46,3,2
Game_1032,0,30,Day,ODI,2,1,1,Bowling,Srilanka,Summer,25767,No,14,4,9,3,3,6,2,54,2,2
Game_1033,0,30,Day,T20,4,1,1,Bowling,South Africa,Winter,38220,No,22,4,13,0,4,7,7,66,4,2
Game_1034,0,27,Day,T20,3,1,4,Bowling,South Africa,Rainy,67214,Yes,11,3,17,0,2,6,0,75,3,2
Game_1035,0,30,Day,ODI,4,1,3,Batting,Pakistan,Rainy,28623,No,13,2,10,4,3,10,2,81,3,2
Game_1036,0,30,Day,ODI,4,1,2,Bowling,West Indies,Winter,116389,Yes,14,3,21,3,2,6,0,50,2,4
Game_1037,0,30,Day,ODI,1,1,3,Batting,Kenya,Summer,18333,No,17,4,8,3,2,6,0,43,3,1
Game_1038,0,30,Day and Night,ODI,5,1,4,Bowling,Srilanka,Winter,39753,Yes,13,2,10,3,3,8,7,72,3,2
Game_1039,0,30,Day,ODI,4,1,4,Batting,Bangladesh,Rainy,107814,No,11,1,0,3,1,6,2,40,2,4
Game_1040,0,30,Day,Test,4,1,1,Batting,Australia,Summer,41895,No,11,2,10,1,4,6,2,50,2,2
Game_1041,0,30,Day,T20,3,1,3,Batting,Zimbabwe,Winter,18053,Yes,18,4,8,0,3,8,2,31,3,1
Game_1042,0,30,Day,ODI,4,1,4,Bowling,Bangladesh,Rainy,136591,Yes,12,1,26,2,4,6,2,35,3,5
Game_1043,0,30,Day,T20,4,1,3,Bowling,South Africa,Winter,49728,No,12,4,6,0,3,6,0,39,3,2
Game_1044,0,30,Day,ODI,4,1,1,Batting,Kenya,Rainy,44254,Yes,12,4,6,2,2,6,4,92,3,2
Game_1045,0,30,Day and Night,ODI,3,1,3,Batting,Kenya,Winter,14581,No,20,3,1,2,3,6,0,71,3,1
Game_1046,0,30,Day,ODI,1,1,4,Batting,South Africa,Summer,58667,No,20,4,18,2,4,14,7,34,3,2
Game_1047,0,30,Day,ODI,5,1,2,Bowling,Kenya,Rainy,18837,No,12,4,10,4,2,10,9,42,3,1
Game_1048,1,30,Day and Night,T20,4,1,1,Batting,South Africa,Rainy,30002,No,14,4,5,0,3,6,1,100,3,2
Game_1049,0,30,Day,ODI,3,1,3,Bowling,England,Rainy,66038,No,15,3,10,2,3,10,7,36,3,3
Game_1050,0,30,Day,ODI,4,1,2,Bowling,Kenya,Summer,46522,No,13,2,17,3,3,17,11,82,1,2
Game_1051,0,30,Day and Night,ODI,3,1,3,Bowling,Pakistan,Winter,54075,No,23,3,15,2,1,13,11,30,3,2
Game_1052,0,30,Day,Test,4,1,3,Bowling,Australia,Rainy,75075,No,15,3,16,1,4,9,7,88,3,3
Game_1053,0,30,Day,ODI,2,1,2,Bowling,England,Winter,61929,Yes,11,3,13,2,3,6,2,48,2,2
Game_1054,1,30,Day and Night,ODI,3,1,1,Bowling,Kenya,Summer,23436,No,11,1,10,3,3,10,8,70,3,1
Game_1055,0,30,Night,ODI,3,1,3,Bowling,Srilanka,Rainy,8967,No,18,3,1,3,3,6,0,41,2,1
Game_1056,0,30,Day,T20,4,1,4,Batting,South Africa,Summer,28196,No,20,1,8,0,3,7,7,46,2,2
Game_1057,0,30,Day,T20,1,1,2,Bowling,South Africa,Rainy,56840,No,12,4,12,0,3,6,2,56,4,2
Game_1058,0,27,Day,ODI,2,1,4,Bowling,Kenya,Summer,32760,No,17,1,4,2,3,6,0,80,4,1
Game_1059,0,30,Day,ODI,1,1,4,Bowling,Srilanka,Rainy,22547,Yes,11,3,20,3,3,20,8,74,4,1
Game_1060,0,30,Day,ODI,3,1,4,Batting,Pakistan,Summer,60347,No,14,2,9,3,4,8,7,46,2,3
Game_1061,0,30,Day,ODI,4,1,4,Batting,Pakistan,Summer,31871,No,11,1,20,4,3,20,7,80,2,2
Game_1062,0,30,Day,T20,3,1,3,Bowling,South Africa,Summer,37772,No,12,4,10,0,2,10,7,55,3,2
Game_1063,1,30,Day and Night,T20,2,1,2,Bowling,South Africa,Rainy,47572,Yes,14,1,0,0,3,6,3,50,3,2
Game_1064,0,30,Day,ODI,4,1,2,Batting,Pakistan,Summer,53375,No,13,3,10,4,2,9,7,33,4,2
Game_1065,0,30,Day,ODI,2,1,3,Batting,West Indies,Summer,45000,No,15,4,10,6,3,7,7,39,3,3
Game_1066,0,30,Day,T20,4,1,4,Bowling,South Africa,Summer,34720,No,12,4,20,0,3,7,7,42,3,2
Game_1067,0,30,Day and Night,T20,4,1,4,Bowling,South Africa,Rainy,73325,Yes,21,3,20,0,3,18,13,48,2,3
Game_1068,0,30,Day,ODI,3,1,3,Bowling,West Indies,Rainy,103698,No,19,3,32,3,3,6,1,59,4,4
Game_1069,0,30,Day,Test,4,1,2,Bowling,Bangladesh,Winter,133987,No,15,2,23,2,2,21,6,73,2,5
Game_1070,0,30,Day,ODI,4,1,1,Bowling,South Africa,Summer,37835,No,14,4,10,1,3,6,2,84,3,2
Game_1071,0,30,Day,Test,3,1,4,Bowling,Bangladesh,Rainy,134323,No,12,2,22,3,3,22,7,59,2,5
Game_1072,0,30,Day,T20,4,1,4,Bowling,Zimbabwe,Rainy,27125,No,15,4,4,0,3,6,2,54,3,1
Game_1073,0,30,Night,ODI,3,1,1,Batting,West Indies,Rainy,81991,No,14,1,10,2,3,8,7,63,4,3
Game_1074,0,30,Day,ODI,3,1,3,Batting,England,Summer,55027,Yes,14,4,10,4,4,6,0,81,3,3
Game_1075,0,30,Night,ODI,3,1,1,Bowling,Srilanka,Summer,25956,No,14,3,9,5,3,6,2,49,1,1
Game_1076,0,30,Day and Night,T20,3,1,4,Batting,South Africa,Winter,96390,Yes,12,4,28,0,2,22,2,49,3,4
Game_1077,0,30,Day,T20,5,1,3,Bowling,South Africa,Winter,37128,No,23,4,10,0,2,8,7,99,3,2
Game_1078,1,30,Day and Night,ODI,3,1,3,Bowling,Kenya,Winter,19313,No,12,4,7,2,3,6,2,57,4,1
Game_1079,0,30,Day and Night,T20,3,1,4,Bowling,South Africa,Rainy,47628,No,18,3,7,0,3,6,2,47,2,2
Game_1080,0,30,Day,ODI,2,1,2,Batting,Pakistan,Summer,42994,No,11,4,10,2,3,6,1,96,3,2
Game_1081,0,30,Day,Test,3,1,3,Batting,Australia,Rainy,44723,No,15,3,12,3,1,8,3,44,4,2
Game_1082,0,27,Day,ODI,3,1,3,Bowling,Pakistan,Rainy,77721,No,11,3,30,1,2,10,7,81,3,4
Game_1083,0,30,Day,ODI,1,1,4,Batting,Kenya,Summer,16394,Yes,20,4,5,2,2,6,2,86,2,1
Game_1084,0,30,Day,ODI,3,1,4,Bowling,Srilanka,Summer,17150,No,17,4,19,4,3,6,2,86,3,2
Game_1085,0,30,Night,ODI,4,1,4,Batting,Pakistan,Winter,35651,No,11,1,16,2,4,6,0,61,3,2
Game_1086,0,30,Day and Night,ODI,4,1,3,Bowling,Srilanka,Rainy,37163,No,15,4,10,2,3,10,8,80,3,2
Game_1087,0,30,Day,ODI,5,1,4,Bowling,Kenya,Rainy,21399,Yes,13,2,0,0,1,6,0,92,3,1
Game_1088,0,30,Day,ODI,5,1,2,Batting,England,Winter,35847,No,14,3,7,3,3,6,0,32,3,2
Game_1089,0,30,Day,T20,4,1,3,Bowling,Bangladesh,Rainy,45000,No,11,1,34,0,4,34,6,31,2,4
Game_1090,1,30,Day,ODI,4,1,4,Bowling,Kenya,Summer,18802,Yes,13,3,10,2,2,10,9,63,3,1
Game_1091,0,30,Day,T20,2,1,2,Bowling,Zimbabwe,Summer,46424,No,13,1,9,0,3,8,7,46,1,2
Game_1092,1,30,Day and Night,T20,2,1,2,Batting,South Africa,Summer,44779,Yes,12,4,8,0,3,6,4,77,4,2
Game_1093,0,30,Day,T20,3,1,4,Bowling,South Africa,Summer,43918,No,22,3,6,0,3,6,5,60,3,2
Game_1094,1,30,Day,ODI,3,1,4,Bowling,Bangladesh,Rainy,139013,Yes,13,4,24,2,3,6,2,78,3,5
Game_1095,0,30,Night,T20,4,1,1,Bowling,South Africa,Summer,53109,No,15,2,10,0,3,10,7,76,2,3
Game_1096,0,30,Night,ODI,4,1,4,Bowling,Kenya,Rainy,29806,No,18,1,5,3,3,6,3,41,3,1
Game_1097,0,30,Day,ODI,4,1,2,Batting,Kenya,Summer,22960,No,16,3,10,2,3,6,2,72,4,1
Game_1098,0,30,Day,ODI,4,1,4,Batting,England,Winter,38395,Yes,11,2,9,4,3,6,3,95,3,2
Game_1099,0,30,Day,ODI,1,1,4,Batting,Kenya,Winter,19474,Yes,13,2,6,3,2,6,3,82,3,1
Game_1100,0,30,Day and Night,ODI,4,1,1,Batting,England,Summer,41860,Yes,12,4,17,2,3,15,7,75,4,2
Game_1101,0,30,Day,ODI,4,1,3,Batting,Kenya,Summer,30667,No,11,3,6,3,3,6,5,86,2,1
Game_1102,0,30,Day,T20,4,1,1,Batting,Zimbabwe,Rainy,18004,No,16,2,3,0,2,6,2,72,3,1
Game_1103,0,30,Day,ODI,3,1,4,Bowling,Srilanka,Rainy,26831,No,21,3,7,2,3,6,2,38,1,1
Game_1104,0,30,Day and Night,ODI,2,1,3,Batting,Pakistan,Summer,29708,No,24,4,8,2,3,8,7,38,4,2
Game_1105,0,30,Day,T20,2,1,3,Batting,South Africa,Rainy,45500,No,17,2,6,0,3,6,2,93,3,2
Game_1106,0,30,Day and Night,ODI,3,1,2,Bowling,Bangladesh,Winter,129010,No,13,2,24,4,2,24,7,66,3,5
Game_1107,0,30,Day,ODI,4,1,4,Batting,Srilanka,Rainy,22043,No,20,2,9,3,3,6,2,82,3,2
Game_1108,0,30,Day,ODI,3,1,3,Bowling,West Indies,Rainy,123473,No,16,4,30,3,3,6,3,64,3,4
Game_1109,0,30,Day,ODI,3,1,3,Bowling,West Indies,Rainy,81837,No,11,4,14,3,4,13,9,49,3,3
Game_1110,1,30,Day,T20,3,1,3,Batting,South Africa,Summer,37268,No,15,3,6,0,3,6,2,69,3,2
Game_1111,0,30,Day,ODI,2,1,3,Batting,Bangladesh,Rainy,117264,Yes,11,3,0,3,2,26,14,33,3,4
Game_1112,0,30,Day,ODI,3,1,3,Batting,England,Rainy,36596,No,15,1,10,2,3,9,7,35,3,2
Game_1113,1,30,Day,ODI,4,1,4,Bowling,West Indies,Summer,45000,Yes,12,4,40,2,3,31,15,31,3,5
Game_1114,0,30,Day,ODI,4,1,4,Batting,Kenya,Summer,17542,No,13,3,7,0,3,6,2,40,4,1
Game_1115,0,30,Day,ODI,2,1,4,Batting,England,Rainy,42434,Yes,13,4,8,4,3,6,3,43,2,2
Game_1116,0,30,Day,Test,3,1,3,Bowling,Australia,Rainy,15001,No,13,2,8,2,3,6,2,36,3,1
Game_1117,0,30,Day,ODI,3,1,3,Batting,England,Rainy,43134,No,12,3,14,3,3,14,13,98,2,2
Game_1118,0,30,Day and Night,ODI,4,1,1,Bowling,Srilanka,Summer,35658,No,14,4,10,6,3,6,0,51,2,2
Game_1119,0,30,Day,ODI,3,1,3,Batting,England,Summer,48139,Yes,24,2,12,4,2,6,0,52,2,2
Game_1120,0,30,Day,ODI,3,1,2,Batting,Kenya,Summer,15918,No,14,4,1,3,3,6,0,95,2,1
Game_1121,0,30,Day,ODI,3,1,2,Bowling,England,Rainy,31038,No,13,4,10,3,2,9,8,98,3,2
Game_1122,0,30,Day and Night,ODI,3,1,1,Bowling,Pakistan,Winter,44016,No,15,3,13,3,2,6,3,45,2,2
Game_1123,0,30,Day and Night,ODI,4,1,3,Batting,Kenya,Summer,17871,No,16,3,6,3,3,6,2,100,2,1
Game_1124,1,30,Day,T20,3,1,3,Batting,South Africa,Rainy,53578,No,18,1,9,0,4,9,8,43,3,3
Game_1125,1,30,Day,T20,1,1,3,Bowling,South Africa,Summer,36120,No,16,3,12,0,2,9,7,37,3,2
Game_1126,0,30,Day,ODI,2,1,2,Bowling,West Indies,Rainy,120113,No,24,3,22,3,3,6,1,94,3,4
Game_1127,0,30,Day,ODI,3,1,3,Bowling,England,Summer,71547,No,21,2,17,3,4,8,5,59,3,3
Game_1128,0,30,Day,Test,2,1,3,Bowling,Australia,Summer,26159,No,19,3,4,1,1,6,2,88,3,1
Game_1129,0,30,Day,T20,4,1,1,Batting,Bangladesh,Rainy,114149,No,14,3,29,0,2,20,6,66,3,4
Game_1130,0,30,Day,ODI,3,1,4,Bowling,Pakistan,Summer,41531,No,12,4,10,2,2,6,2,50,3,2
Game_1131,0,30,Day,T20,3,1,1,Bowling,South Africa,Winter,28259,No,22,1,9,0,3,9,8,48,4,2
Game_1132,0,30,Day,ODI,1,1,3,Batting,Kenya,Summer,17913,No,11,4,6,3,2,6,5,53,2,1
Game_1133,0,30,Day,T20,2,1,2,Bowling,South Africa,Rainy,43407,Yes,14,4,18,0,2,18,14,56,3,2
Game_1134,0,30,Day,T20,4,1,2,Bowling,South Africa,Winter,30821,No,11,3,8,0,2,6,2,73,3,2
Game_1135,0,30,Day and Night,ODI,4,1,2,Bowling,Kenya,Winter,26327,No,12,2,0,3,2,6,4,75,2,1
Game_1136,0,30,Day,T20,2,1,1,Batting,South Africa,Rainy,76538,Yes,18,4,35,0,3,6,2,78,2,3
Game_1137,0,30,Day,T20,3,1,4,Bowling,South Africa,Winter,45000,Yes,12,3,18,0,3,6,4,74,3,3
Game_1138,0,30,Day,ODI,2,1,3,Batting,Kenya,Rainy,36225,No,12,3,9,3,2,6,3,91,4,2
Game_1139,0,30,Day and Night,ODI,4,1,3,Batting,England,Rainy,96782,No,22,3,31,3,3,9,8,81,2,4
Game_1140,0,30,Day,T20,4,1,4,Bowling,South Africa,Winter,44338,No,19,4,9,0,3,6,0,66,2,2
Game_1141,0,30,Day,ODI,4,1,1,Bowling,Srilanka,Rainy,19726,Yes,24,3,10,2,2,6,2,62,4,1
Game_1142,0,30,Day and Night,ODI,1,1,2,Bowling,Kenya,Summer,17605,Yes,14,4,8,2,3,6,1,35,3,1
Game_1143,0,30,Day,Test,3,1,1,Bowling,Australia,Rainy,16394,No,21,3,6,3,3,6,4,77,2,1
Game_1144,0,30,Day,ODI,3,1,4,Batting,England,Rainy,74795,Yes,20,2,17,2,3,17,14,66,2,3
Game_1145,1,30,Day and Night,ODI,4,1,4,Batting,Kenya,Winter,14154,Yes,19,1,10,3,2,10,2,96,3,1
Game_1146,0,30,Night,ODI,3,1,4,Bowling,Srilanka,Winter,16198,No,12,2,4,2,3,6,0,61,3,1
Game_1147,0,30,Day,ODI,3,1,3,Batting,Kenya,Rainy,25060,No,16,2,7,2,3,6,2,36,3,1
Game_1148,0,30,Day and Night,T20,2,1,2,Bowling,South Africa,Rainy,45668,No,14,4,10,0,3,10,8,48,3,2
Game_1149,0,30,Day,T20,3,1,2,Bowling,Zimbabwe,Rainy,20293,No,19,4,3,0,3,6,2,98,2,1
Game_1150,0,30,Day,ODI,3,1,3,Batting,Srilanka,Rainy,36617,No,13,2,17,1,2,6,3,95,4,2
Game_1151,0,30,Day,ODI,4,1,4,Bowling,Kenya,Rainy,16492,Yes,19,2,8,2,3,6,4,48,3,1
Game_1152,0,30,Day,T20,3,1,1,Bowling,South Africa,Summer,82852,No,14,3,28,0,3,6,0,73,3,4
Game_1153,0,30,Day,ODI,3,1,4,Bowling,England,Rainy,76321,No,16,1,16,2,3,13,10,78,2,3
Game_1154,0,27,Day and Night,T20,3,1,3,Batting,Zimbabwe,Rainy,20811,No,15,2,10,0,3,6,4,54,3,1
Game_1155,0,30,Day,ODI,4,1,4,Batting,West Indies,Summer,99925,No,18,3,33,0,3,12,9,72,3,4
Game_1156,0,30,Day and Night,ODI,3,1,4,Batting,Pakistan,Rainy,38934,No,13,2,12,2,2,6,2,33,3,2
Game_1157,0,30,Day,T20,2,1,3,Batting,South Africa,Rainy,31759,Yes,22,1,8,0,3,7,6,35,3,2
Game_1158,0,30,Night,T20,2,1,3,Bowling,South Africa,Summer,53494,Yes,13,4,10,0,3,10,0,32,3,3
Game_1159,0,30,Night,ODI,4,1,1,Bowling,Bangladesh,Winter,125468,No,11,4,0,3,3,31,6,98,3,4
Game_1160,0,30,Day,Test,3,1,4,Batting,Australia,Rainy,36428,No,11,3,13,2,3,6,4,42,2,2
Game_1161,0,30,Day,Test,2,1,4,Bowling,Australia,Winter,45000,Yes,11,3,7,4,4,6,3,57,3,1
Game_1162,1,30,Day,ODI,4,1,1,Bowling,Srilanka,Summer,19565,Yes,24,3,1,2,1,6,0,87,3,1
Game_1163,0,30,Day,ODI,2,1,2,Bowling,Kenya,Rainy,17913,Yes,13,4,8,0,3,8,7,61,3,1
Game_1164,1,30,Day and Night,ODI,1,1,4,Bowling,Srilanka,Winter,16660,Yes,14,4,3,3,2,6,0,57,2,1
Game_1165,0,30,Day,ODI,3,1,1,Batting,England,Winter,33355,No,21,3,4,2,4,6,0,55,3,2
Game_1166,0,30,Day,ODI,1,1,3,Bowling,Pakistan,Rainy,46102,Yes,17,1,17,2,2,16,8,68,3,2
Game_1167,0,30,Day,T20,4,1,4,Batting,Zimbabwe,Summer,23058,Yes,18,1,3,0,2,6,2,65,2,1
Game_1168,1,30,Day,ODI,4,1,2,Batting,Srilanka,Winter,19446,Yes,13,3,10,1,2,7,7,57,1,1
Game_1169,1,30,Day,ODI,3,1,4,Bowling,Srilanka,Rainy,16828,Yes,21,4,8,2,1,6,2,70,3,1
Game_1170,0,30,Day,ODI,3,1,2,Bowling,Srilanka,Winter,14056,No,14,2,1,3,3,6,0,83,3,1
Game_1171,0,30,Day,T20,2,1,3,Batting,South Africa,Summer,43708,No,17,1,10,0,3,6,4,68,2,2
Game_1172,0,30,Day,ODI,4,1,3,Bowling,Kenya,Summer,19593,Yes,11,2,6,1,3,6,2,100,2,1
Game_1173,0,30,Day,ODI,3,1,3,Batting,Pakistan,Winter,73864,Yes,13,4,24,3,3,6,0,37,2,3
Game_1174,0,30,Day,T20,4,1,2,Bowling,Zimbabwe,Rainy,16303,No,15,2,13,0,4,7,7,41,2,1
Game_1175,0,30,Day,ODI,1,1,4,Batting,Pakistan,Rainy,28098,Yes,25,4,10,2,1,10,6,51,3,2
Game_1176,0,30,Day,ODI,2,1,1,Batting,Srilanka,Summer,51821,No,11,3,29,3,2,26,9,51,3,3
Game_1177,0,30,Day,ODI,4,1,4,Bowling,Kenya,Rainy,15813,No,17,1,13,2,2,6,0,51,3,1
Game_1178,0,27,Night,T20,3,1,4,Batting,South Africa,Rainy,48524,No,13,4,9,0,2,9,8,45,3,2
Game_1179,0,30,Day,ODI,4,1,2,Bowling,Kenya,Summer,32746,No,18,3,8,6,3,6,2,65,3,1
Game_1180,0,30,Day,ODI,3,1,4,Batting,West Indies,Rainy,95074,No,13,2,15,3,3,15,12,80,3,3
Game_1181,0,30,Night,ODI,3,1,3,Batting,Srilanka,Rainy,16324,No,20,3,5,3,3,6,0,70,2,1
Game_1182,0,30,Day,T20,4,1,1,Bowling,South Africa,Winter,67935,No,12,2,11,0,2,6,0,67,2,3
Game_1183,0,30,Day,ODI,3,1,4,Bowling,Srilanka,Summer,33047,Yes,13,3,0,3,3,18,13,59,3,1
Game_1184,0,30,Day,ODI,4,1,3,Bowling,Srilanka,Summer,17633,No,21,3,16,6,3,11,8,79,3,1
Game_1185,0,30,Day,ODI,3,1,4,Batting,Pakistan,Rainy,45000,Yes,11,3,10,2,1,9,7,41,3,2
Game_1186,0,30,Day and Night,ODI,4,1,4,Bowling,Kenya,Winter,25319,Yes,14,4,3,2,3,6,1,35,3,1
Game_1187,0,30,Day,ODI,4,1,3,Batting,England,Rainy,47075,No,12,3,8,2,4,8,7,93,3,2
Game_1188,1,30,Day,T20,1,1,3,Bowling,South Africa,Rainy,72275,Yes,11,1,16,0,3,16,7,51,2,3
Game_1189,0,30,Day,ODI,3,1,2,Batting,Pakistan,Summer,48643,No,14,1,6,3,3,6,0,42,2,2
Game_1190,1,30,Day,ODI,4,1,1,Bowling,South Africa,Rainy,74263,No,11,3,17,2,1,14,1,46,2,3
Game_1191,0,30,Night,ODI,2,1,3,Bowling,Srilanka,Rainy,31129,No,12,2,9,5,2,9,7,57,3,2
Game_1192,0,30,Day,T20,3,1,3,Batting,South Africa,Rainy,32207,No,16,2,5,0,3,6,2,86,3,2
Game_1193,0,30,Day,ODI,2,1,4,Bowling,Bangladesh,Rainy,119693,No,15,2,26,2,2,9,8,70,3,4
Game_1194,1,30,Day,ODI,3,1,4,Bowling,Kenya,Summer,17353,No,24,1,7,4,3,6,0,51,3,1
Game_1195,0,30,Day,T20,2,1,3,Bowling,Bangladesh,Winter,103964,No,13,3,22,0,4,17,13,45,3,4
Game_1196,0,30,Day,T20,2,1,3,Bowling,South Africa,Winter,50848,No,11,1,10,0,4,8,4,62,3,3
Game_1197,0,30,Night,T20,3,1,3,Batting,South Africa,Summer,39662,Yes,13,2,6,0,3,6,3,85,3,2
Game_1198,0,30,Day,T20,4,1,4,Bowling,South Africa,Winter,54761,No,13,2,12,0,3,10,9,92,3,3
Game_1199,0,30,Day,T20,5,1,1,Bowling,South Africa,Summer,55160,No,18,4,9,0,3,8,7,41,4,3
Game_1200,1,30,Night,T20,3,1,2,Batting,South Africa,Summer,92358,Yes,16,4,22,0,2,6,0,100,4,4
Game_1201,0,30,Day and Night,ODI,4,1,3,Bowling,England,Winter,35469,Yes,19,3,20,3,4,19,10,64,4,2
Game_1202,0,27,Night,T20,4,1,1,Bowling,South Africa,Winter,35553,No,13,4,12,0,3,7,7,84,3,2
Game_1203,1,30,Night,ODI,2,1,3,Bowling,Kenya,Summer,16247,Yes,22,1,4,0,3,6,2,46,2,1
Game_1204,0,30,Night,T20,3,1,4,Bowling,Bangladesh,Summer,122108,No,11,4,10,0,3,10,8,38,3,4
Game_1205,0,30,Day,ODI,1,1,2,Batting,Kenya,Summer,24164,No,18,1,5,4,3,6,2,53,3,1
Game_1206,0,30,Day,ODI,4,1,4,Batting,Srilanka,Winter,15890,No,14,4,8,2,3,6,3,91,3,1
Game_1207,0,30,Day,ODI,2,1,4,Bowling,West Indies,Winter,121793,No,22,3,0,1,2,6,4,66,3,4
Game_1208,0,30,Day and Night,ODI,4,1,3,Batting,Pakistan,Rainy,38416,Yes,13,1,6,2,3,6,5,84,4,2
Game_1209,0,30,Day and Night,ODI,3,1,1,Bowling,West Indies,Winter,135933,No,17,2,21,2,4,18,16,64,3,5
Game_1210,0,30,Night,ODI,2,1,4,Bowling,Srilanka,Rainy,25431,Yes,15,3,9,2,3,9,8,42,3,2
Game_1211,0,30,Day,T20,2,1,4,Batting,South Africa,Summer,29141,Yes,17,3,9,0,3,9,0,83,3,2
Game_1212,1,30,Day,ODI,3,1,1,Batting,Kenya,Rainy,14924,Yes,11,2,7,2,3,6,2,48,3,1
Game_1213,0,30,Day,ODI,3,1,4,Bowling,England,Rainy,97811,Yes,18,4,22,2,3,12,11,95,3,4
Game_1214,0,30,Day and Night,ODI,1,1,3,Bowling,Kenya,Rainy,18788,No,17,2,3,0,2,6,1,66,3,1
Game_1215,0,30,Day,ODI,2,1,4,Bowling,England,Winter,75915,No,13,2,13,3,3,8,7,75,3,3
Game_1216,1,30,Day,ODI,4,1,3,Bowling,Srilanka,Winter,26201,Yes,24,4,5,2,1,6,2,39,2,1
Game_1217,0,30,Day and Night,ODI,1,1,3,Batting,England,Rainy,29036,No,12,3,4,1,3,6,3,96,3,2
Game_1218,0,30,Day,ODI,3,1,3,Batting,England,Rainy,75173,No,11,3,22,2,3,10,7,56,3,3
Game_1219,0,30,Day,ODI,4,1,3,Batting,Pakistan,Winter,72716,Yes,11,3,16,3,2,16,10,57,3,3
Game_1220,0,30,Day,ODI,2,1,2,Batting,West Indies,Rainy,79912,Yes,12,3,9,4,2,8,7,73,4,3
Game_1221,1,30,Day and Night,ODI,3,1,2,Batting,Srilanka,Summer,16954,No,17,1,4,3,3,6,2,60,3,1
Game_1222,0,30,Day,ODI,3,1,1,Bowling,Pakistan,Summer,29680,No,13,4,19,0,3,6,2,97,2,2
Game_1223,0,30,Day,ODI,4,1,3,Bowling,Pakistan,Summer,76993,No,14,2,27,3,3,15,11,78,2,3
Game_1224,0,30,Day,ODI,2,1,4,Batting,England,Summer,35021,No,14,2,8,6,3,6,2,42,3,2
Game_1225,0,30,Day,ODI,1,1,4,Batting,England,Rainy,89194,No,16,3,21,3,3,21,6,65,2,4
Game_1226,0,30,Day,ODI,3,1,2,Bowling,Srilanka,Winter,27419,No,20,1,3,4,2,6,2,45,3,1
Game_1227,0,30,Day,T20,2,1,4,Batting,Bangladesh,Rainy,128121,No,13,2,21,0,4,6,0,90,3,5
Game_1228,0,30,Day,ODI,3,1,1,Bowling,Srilanka,Rainy,16660,No,18,2,8,5,3,6,0,64,3,1
Game_1229,0,30,Day,ODI,3,1,3,Batting,England,Summer,96082,Yes,13,1,30,4,3,6,3,69,2,4
Game_1230,1,30,Day,ODI,2,1,3,Batting,Pakistan,Rainy,33439,No,15,1,15,2,1,6,0,61,1,2
Game_1231,0,30,Day and Night,ODI,4,1,3,Batting,Pakistan,Rainy,44695,Yes,14,4,17,3,3,8,7,62,3,2
Game_1232,0,30,Night,ODI,1,1,2,Batting,Pakistan,Winter,139811,No,22,2,21,3,3,21,16,55,1,5
Game_1233,0,30,Day,T20,4,1,2,Bowling,South Africa,Summer,45000,Yes,12,3,19,0,3,6,0,42,3,2
Game_1234,1,30,Day,T20,1,1,1,Batting,Bangladesh,Rainy,138915,No,15,4,33,0,3,32,14,57,1,5
Game_1235,0,30,Day,T20,3,1,4,Batting,South Africa,Rainy,93240,Yes,18,3,23,0,3,12,11,53,4,4
Game_1236,0,30,Night,T20,3,1,4,Batting,South Africa,Rainy,44429,No,12,1,19,0,3,18,7,95,3,2
Game_1237,1,30,Day,ODI,4,1,3,Batting,Srilanka,Summer,19201,No,16,3,18,1,3,17,13,43,4,1
Game_1238,0,30,Day and Night,ODI,3,1,4,Batting,England,Summer,76160,Yes,13,3,21,2,3,21,6,82,3,3
Game_1239,0,30,Night,T20,1,1,2,Batting,Zimbabwe,Summer,16394,No,19,4,3,0,2,6,2,88,2,1
Game_1240,0,30,Day,T20,2,1,4,Batting,Bangladesh,Rainy,123550,No,13,2,26,0,4,9,3,90,3,4
Game_1241,0,30,Night,ODI,4,1,4,Batting,Srilanka,Summer,28175,No,12,2,10,2,3,8,7,69,3,1
Game_1242,0,30,Day,T20,4,1,2,Bowling,South Africa,Winter,68075,No,11,4,16,0,2,15,1,75,4,2
Game_1243,0,30,Day,T20,2,1,2,Bowling,Bangladesh,Rainy,83328,Yes,14,3,14,0,1,6,4,66,3,3
Game_1244,0,30,Day,Test,4,1,2,Bowling,Australia,Summer,15239,No,16,1,6,3,3,6,3,36,3,1
Game_1245,0,30,Day and Night,T20,3,1,3,Batting,South Africa,Rainy,52675,No,12,1,30,0,3,15,7,38,2,3
Game_1246,1,30,Day,ODI,3,1,1,Bowling,Srilanka,Winter,33838,No,14,2,9,3,2,6,0,81,3,2
Game_1247,0,30,Day,T20,4,1,3,Batting,Zimbabwe,Rainy,15540,Yes,19,4,1,0,3,6,1,87,3,1
Game_1248,0,30,Day and Night,ODI,4,1,3,Bowling,Kenya,Summer,19747,No,16,1,8,2,3,6,2,44,3,1
Game_1249,0,30,Day,ODI,4,1,2,Bowling,West Indies,Rainy,134659,Yes,11,4,29,2,2,8,1,62,3,5
Game_1250,0,27,Day,ODI,3,1,4,Batting,Pakistan,Summer,28749,No,15,1,8,3,2,6,3,35,3,2
Game_1251,0,30,Day,T20,3,1,3,Bowling,South Africa,Rainy,58772,No,14,2,8,0,2,7,7,74,3,2
Game_1252,0,30,Day,ODI,4,1,4,Bowling,West Indies,Winter,137389,No,17,4,23,0,3,6,2,40,3,5
Game_1253,0,30,Day,T20,4,1,3,Batting,South Africa,Rainy,74802,No,11,2,13,0,3,9,4,41,2,3
Game_1254,0,30,Day and Night,ODI,3,1,1,Batting,Kenya,Rainy,20594,No,19,2,18,4,3,6,4,63,3,1
Game_1255,0,30,Day,ODI,5,1,4,Batting,England,Summer,62006,No,11,2,0,2,2,14,8,51,2,3
Game_1256,0,30,Night,ODI,1,1,3,Bowling,Bangladesh,Summer,117292,No,15,2,31,3,4,9,7,40,2,4
Game_1257,0,30,Day,T20,3,1,3,Bowling,South Africa,Winter,45000,No,13,3,18,0,3,6,0,79,2,3
Game_1258,0,30,Day,ODI,4,1,4,Batting,Kenya,Winter,32305,Yes,23,1,19,2,3,16,13,74,2,2
Game_1259,1,30,Day,ODI,4,1,1,Bowling,Kenya,Rainy,17227,Yes,12,3,18,2,4,10,0,34,3,1
Game_1260,0,30,Day,ODI,3,1,3,Bowling,England,Rainy,69699,No,15,3,7,1,2,6,2,85,3,2
Game_1261,0,30,Day,ODI,2,1,2,Batting,Kenya,Rainy,23632,No,13,3,10,3,3,10,6,43,4,1
Game_1262,0,30,Day,ODI,1,1,3,Batting,Pakistan,Rainy,61761,No,18,1,20,4,2,19,9,65,2,3
Game_1263,0,30,Day,ODI,4,1,1,Bowling,Pakistan,Rainy,72254,No,20,4,14,6,3,11,10,61,3,3
Game_1264,0,30,Day and Night,ODI,1,1,4,Bowling,England,Rainy,76832,No,18,2,23,4,3,6,2,65,3,3
Game_1265,1,30,Day,Test,2,1,2,Bowling,Australia,Rainy,73374,No,14,4,24,1,3,20,6,91,2,3
Game_1266,0,30,Day,ODI,3,1,4,Bowling,Pakistan,Winter,49833,No,15,3,9,2,3,6,2,34,2,3
Game_1267,1,30,Day,T20,3,1,4,Bowling,South Africa,Summer,67074,Yes,22,1,9,0,3,8,7,86,3,3
Game_1268,1,30,Day and Night,ODI,4,1,1,Batting,Kenya,Summer,31556,No,22,2,14,4,3,13,7,54,2,2
Game_1269,0,30,Day and Night,ODI,1,1,1,Bowling,Pakistan,Summer,54292,No,17,3,7,1,2,6,2,45,3,2
Game_1270,0,30,Day,T20,4,1,4,Batting,South Africa,Winter,46858,No,14,3,8,0,3,6,0,88,2,2
Game_1271,1,30,Day,ODI,3,1,1,Bowling,Kenya,Summer,16191,Yes,20,2,5,0,3,6,2,55,2,1
Game_1272,0,30,Day,ODI,2,1,4,Bowling,Bangladesh,Summer,123655,No,17,4,23,3,3,22,6,35,3,4
Game_1273,1,30,Day and Night,T20,4,1,4,Bowling,South Africa,Summer,33096,Yes,14,4,5,0,3,6,0,81,3,2
Game_1274,0,27,Day and Night,T20,3,1,4,Batting,South Africa,Rainy,30114,No,17,3,4,0,3,6,2,30,3,2
Game_1275,0,30,Night,ODI,4,1,3,Bowling,Kenya,Rainy,20853,No,17,4,6,2,3,6,0,40,2,1
Game_1276,0,30,Night,ODI,4,1,1,Bowling,Bangladesh,Summer,118195,No,22,3,27,3,2,6,4,35,4,4
Game_1277,0,30,Night,T20,4,1,2,Batting,South Africa,Rainy,39151,No,13,4,15,0,3,15,10,65,2,2
Game_1278,0,30,Day,ODI,4,1,3,Bowling,Pakistan,Summer,73115,No,19,4,18,4,3,8,6,87,3,3
Game_1279,0,30,Day,T20,4,1,3,Batting,South Africa,Winter,61180,Yes,14,2,0,0,3,8,7,73,2,3
Game_1280,0,30,Day,T20,1,1,1,Bowling,Bangladesh,Rainy,122255,No,12,4,23,0,3,12,9,52,3,4
Game_1281,0,30,Day,T20,2,1,4,Bowling,South Africa,Summer,45000,No,16,3,10,0,3,6,0,32,3,3
Game_1282,0,30,Day and Night,ODI,3,1,3,Batting,England,Rainy,75740,No,11,3,18,1,3,8,7,83,3,3
Game_1283,1,30,Day and Night,ODI,3,1,1,Bowling,Pakistan,Winter,85183,No,11,4,21,4,3,18,7,84,3,4
Game_1284,0,30,Day,ODI,3,1,3,Bowling,West Indies,Summer,137382,No,14,1,21,2,4,20,7,44,2,5
Game_1285,0,30,Night,ODI,3,1,3,Bowling,Srilanka,Summer,47474,No,15,3,9,2,2,6,4,70,3,2
Game_1286,0,30,Night,ODI,4,1,1,Bowling,England,Summer,54453,No,20,1,18,0,3,11,9,78,3,2
Game_1287,0,30,Day and Night,T20,3,1,3,Bowling,Zimbabwe,Rainy,19537,No,12,1,3,0,3,6,2,67,4,1
Game_1288,0,30,Day and Night,T20,2,1,4,Bowling,South Africa,Winter,34776,No,11,4,5,0,3,6,2,54,3,2
Game_1289,0,30,Day,T20,4,1,4,Bowling,South Africa,Rainy,91840,No,17,2,22,0,3,9,8,56,2,4
Game_1290,0,30,Day and Night,ODI,2,1,4,Bowling,England,Summer,28231,No,11,4,5,3,2,6,2,95,3,2
Game_1291,0,30,Day,ODI,3,1,2,Bowling,Srilanka,Summer,29904,No,19,1,16,3,3,6,0,56,1,2
Game_1292,0,30,Day,Test,3,1,3,Bowling,Australia,Rainy,19908,No,13,4,7,2,4,7,6,37,4,1
Game_1293,1,30,Day,T20,4,1,1,Batting,South Africa,Summer,57568,Yes,17,1,6,0,3,6,2,77,3,2
Game_1294,0,30,Day,ODI,4,1,2,Bowling,Srilanka,Rainy,33362,Yes,11,1,6,4,3,6,0,46,3,1
Game_1295,1,30,Day and Night,ODI,3,1,3,Bowling,Srilanka,Rainy,18270,No,12,3,2,5,2,6,2,72,3,1
Game_1296,0,30,Day,ODI,2,1,3,Batting,Pakistan,Summer,40117,No,13,3,9,2,3,6,2,52,2,2
Game_1297,0,30,Day,T20,1,1,2,Batting,South Africa,Rainy,39998,No,20,1,6,0,2,6,5,70,3,2
Game_1298,0,27,Day,Test,4,1,3,Bowling,Australia,Summer,30261,No,17,2,6,2,1,6,4,100,3,1
Game_1299,0,30,Day and Night,ODI,4,1,2,Batting,West Indies,Summer,94493,No,17,3,20,3,2,18,7,88,3,3
Game_1300,1,30,Day and Night,T20,3,1,3,Bowling,South Africa,Summer,96306,Yes,12,2,22,0,2,21,9,44,3,4
Game_1301,0,30,Day,T20,4,1,2,Bowling,South Africa,Summer,36085,No,13,4,9,0,4,6,4,45,3,2
Game_1302,0,30,Day,ODI,4,1,4,Bowling,Srilanka,Rainy,15806,No,12,2,10,2,3,8,0,58,2,1
Game_1303,0,30,Day,T20,3,1,3,Batting,South Africa,Rainy,46046,No,18,1,0,0,3,10,3,72,2,2
Game_1304,0,30,Day and Night,ODI,2,1,3,Batting,Kenya,Rainy,30954,Yes,13,4,16,3,1,6,1,92,2,2
Game_1305,0,30,Day,ODI,3,1,3,Bowling,England,Winter,45000,No,18,2,15,2,4,7,7,44,2,3
Game_1306,0,30,Day and Night,ODI,3,1,4,Bowling,Pakistan,Summer,37401,No,20,3,14,3,3,13,9,97,2,2
Game_1307,0,30,Day and Night,ODI,4,1,4,Bowling,Srilanka,Rainy,16632,No,13,2,2,2,4,6,2,47,2,1
Game_1308,1,30,Day,T20,3,1,1,Batting,South Africa,Summer,37422,No,13,2,7,0,2,6,3,85,1,2
Game_1309,0,30,Night,T20,1,1,3,Batting,Zimbabwe,Winter,19789,No,12,3,1,0,3,6,0,76,3,1
Game_1310,0,30,Day,ODI,4,1,4,Batting,Bangladesh,Winter,139601,No,13,4,28,2,3,6,2,92,3,5
Game_1311,0,30,Day,ODI,3,1,1,Batting,Kenya,Rainy,31339,Yes,19,3,7,2,2,6,2,83,3,1
Game_1312,0,30,Day,ODI,3,1,4,Batting,England,Rainy,45318,No,13,2,14,2,2,14,8,56,2,2
Game_1313,1,30,Day,ODI,4,1,3,Bowling,Kenya,Summer,20552,Yes,11,3,6,4,3,6,4,96,3,1
Game_1314,0,30,Day,ODI,2,1,4,Batting,Bangladesh,Winter,130242,No,18,2,26,6,3,7,7,50,3,5
Game_1315,0,30,Day,T20,3,1,3,Batting,Bangladesh,Rainy,119336,No,23,1,28,0,3,26,15,69,3,4
Game_1316,0,30,Night,ODI,3,1,4,Bowling,Kenya,Summer,16030,No,13,4,6,3,3,6,0,74,1,1
Game_1317,0,30,Day,Test,3,1,2,Bowling,Australia,Rainy,25200,No,13,4,5,2,3,6,4,99,3,1
Game_1318,1,30,Night,ODI,2,1,1,Bowling,Kenya,Winter,14749,No,17,1,5,2,1,6,0,95,2,1
Game_1319,0,30,Day,T20,4,1,3,Bowling,South Africa,Winter,28805,No,19,3,8,0,3,6,3,61,3,2
Game_1320,0,30,Day and Night,T20,4,1,2,Bowling,South Africa,Summer,30289,No,12,4,5,0,3,6,0,62,3,2
Game_1321,0,30,Day and Night,ODI,3,1,4,Batting,Bangladesh,Rainy,124992,No,22,3,32,3,3,6,2,30,3,4
Game_1322,0,27,Day,ODI,3,1,4,Bowling,West Indies,Rainy,133567,No,11,1,25,2,3,6,2,52,3,5
Game_1323,0,30,Day,T20,4,1,3,Bowling,South Africa,Rainy,62762,Yes,15,4,15,0,3,7,7,94,3,2
Game_1324,0,30,Day and Night,T20,3,1,2,Batting,South Africa,Rainy,31773,No,12,1,10,0,2,10,7,82,3,2
Game_1325,0,30,Day,ODI,4,1,3,Bowling,Srilanka,Winter,19187,No,14,3,7,4,3,7,7,60,1,1
Game_1326,0,30,Day,ODI,4,1,3,Bowling,Srilanka,Winter,24437,No,13,1,10,4,2,10,7,49,3,2
Game_1327,0,30,Day,ODI,4,1,4,Batting,Kenya,Summer,31787,No,25,2,20,3,3,20,11,32,3,2
Game_1328,0,30,Day,ODI,4,1,4,Bowling,Pakistan,Winter,51653,No,11,3,12,3,2,6,3,60,3,2
Game_1329,0,30,Night,Test,5,1,4,Bowling,Australia,Rainy,45000,No,16,1,10,3,4,6,3,79,4,2
Game_1330,0,30,Day,T20,4,1,2,Bowling,South Africa,Winter,36540,Yes,18,2,12,0,3,11,7,52,4,2
Game_1331,0,30,Day and Night,ODI,3,1,3,Batting,Srilanka,Rainy,19201,No,20,3,2,2,3,6,2,77,2,1
Game_1332,0,30,Day and Night,ODI,2,1,4,Batting,Kenya,Summer,34986,Yes,14,4,10,2,3,8,7,38,3,2
Game_1333,0,30,Day,ODI,3,1,3,Batting,England,Winter,71764,Yes,21,3,17,2,3,7,7,77,1,3
Game_1334,0,30,Day,ODI,3,1,1,Bowling,Kenya,Rainy,19467,No,13,2,15,5,3,14,10,60,3,1
Game_1335,0,30,Day,T20,3,1,2,Batting,South Africa,Winter,47964,No,12,2,7,0,4,6,1,84,2,2
Game_1336,0,30,Day,ODI,3,1,4,Bowling,Kenya,Rainy,25053,Yes,21,1,12,2,3,11,9,63,3,1
Game_1337,0,30,Day and Night,ODI,5,1,1,Batting,West Indies,Rainy,92337,Yes,17,3,20,6,3,6,0,60,3,3
Game_1338,0,30,Night,T20,2,1,3,Batting,South Africa,Rainy,72639,Yes,11,2,16,0,2,13,2,78,2,3
Game_1339,0,30,Day and Night,ODI,4,1,4,Batting,England,Winter,73514,No,17,1,33,2,1,6,4,53,3,3
Game_1340,0,30,Day,ODI,1,1,1,Batting,Kenya,Rainy,14077,No,13,4,10,5,3,10,5,72,4,1
Game_1341,0,30,Day,ODI,3,1,4,Bowling,West Indies,Rainy,124453,No,14,1,36,2,3,10,9,85,3,4
Game_1342,0,30,Day,ODI,2,1,3,Bowling,Pakistan,Rainy,47831,No,12,4,6,2,2,6,5,80,3,2
Game_1343,0,30,Day,ODI,3,1,3,Batting,Pakistan,Summer,47684,No,19,2,10,2,3,10,9,96,2,2
Game_1344,0,30,Day,T20,3,1,3,Batting,South Africa,Summer,36197,No,17,4,13,0,3,6,1,48,2,2
Game_1345,0,30,Day,ODI,3,1,3,Bowling,West Indies,Rainy,138180,No,14,2,25,2,3,8,7,96,1,5
Game_1346,0,27,Day,ODI,3,1,1,Bowling,Bangladesh,Rainy,130977,No,13,3,23,2,4,6,0,85,2,5
Game_1347,0,30,Day and Night,ODI,3,1,3,Bowling,Kenya,Rainy,25844,No,12,3,12,2,2,11,10,46,3,1
Game_1348,0,30,Day,ODI,2,1,4,Bowling,Srilanka,Summer,17913,No,11,3,7,4,2,6,0,76,4,1
Game_1349,0,30,Day,ODI,3,1,4,Bowling,West Indies,Summer,127855,No,12,3,25,3,4,6,0,76,2,5
Game_1350,0,30,Day,ODI,3,1,3,Batting,Kenya,Rainy,18095,No,17,4,2,5,2,6,0,89,4,1
Game_1351,0,30,Day,T20,3,1,2,Batting,Bangladesh,Rainy,127491,No,11,3,0,0,3,22,9,88,3,5
Game_1352,0,30,Day,T20,5,1,4,Bowling,South Africa,Winter,58660,Yes,14,4,10,0,3,9,8,82,4,3
Game_1353,1,30,Day,T20,3,1,1,Batting,Bangladesh,Summer,45000,Yes,16,1,26,0,3,24,10,94,1,5
Game_1354,0,30,Night,ODI,1,1,4,Bowling,Pakistan,Winter,95039,Yes,15,4,34,3,3,33,9,37,2,4
Game_1355,0,30,Day,T20,2,1,4,Batting,Bangladesh,Rainy,131523,No,14,3,26,0,3,11,4,33,2,5
Game_1356,0,30,Day,T20,3,1,3,Batting,South Africa,Summer,31766,Yes,12,4,4,0,3,6,2,86,3,2
Game_1357,0,30,Day and Night,T20,3,1,4,Bowling,Bangladesh,Winter,138929,Yes,24,1,31,0,2,29,10,83,3,5
Game_1358,0,30,Day,ODI,4,1,4,Bowling,England,Summer,73584,No,12,4,25,6,2,9,7,67,3,3
Game_1359,0,30,Day and Night,ODI,3,1,3,Batting,Srilanka,Winter,31108,No,13,3,15,2,4,11,8,46,3,2
Game_1360,0,30,Day,ODI,2,1,3,Bowling,Bangladesh,Winter,134330,No,14,4,26,4,2,25,9,92,4,5
Game_1361,0,30,Day and Night,Test,3,1,3,Bowling,Australia,Rainy,31430,No,11,4,14,5,4,10,9,56,2,2
Game_1362,0,30,Day,ODI,1,1,3,Bowling,Kenya,Rainy,24542,Yes,14,4,4,3,3,6,2,66,3,1
Game_1363,0,30,Day,ODI,4,1,2,Batting,Kenya,Rainy,16604,Yes,16,4,18,2,3,6,0,78,4,2
Game_1364,0,30,Day,T20,4,1,4,Batting,South Africa,Summer,71617,No,14,4,23,0,4,21,7,56,2,3
Game_1365,0,30,Day,ODI,4,1,3,Batting,England,Summer,37870,Yes,11,4,18,2,3,16,14,53,3,2
Game_1366,1,30,Day,ODI,3,1,1,Batting,Pakistan,Rainy,55846,No,11,4,10,2,3,10,7,73,3,3
Game_1367,0,30,Day and Night,ODI,2,1,2,Batting,Srilanka,Summer,19866,No,14,2,8,6,2,7,0,40,2,1
Game_1368,0,30,Night,ODI,2,1,3,Batting,England,Summer,32865,Yes,18,3,10,3,3,8,4,72,3,2
Game_1369,0,30,Day,T20,3,1,3,Bowling,South Africa,Rainy,43463,No,15,3,10,0,4,10,7,56,4,2
Game_1370,0,27,Day and Night,ODI,3,1,2,Batting,Bangladesh,Summer,126427,No,22,3,22,4,3,6,0,83,3,5
Game_1371,0,30,Day,ODI,4,1,3,Batting,Bangladesh,Winter,119861,Yes,13,4,21,4,3,19,9,94,2,4
Game_1372,0,30,Day,ODI,4,1,1,Bowling,Kenya,Winter,16604,No,12,4,2,3,3,6,2,88,3,1
Game_1373,1,30,Day,ODI,2,1,4,Bowling,Srilanka,Rainy,34181,No,18,1,10,3,3,10,4,79,3,2
Game_1374,1,30,Day,ODI,3,1,3,Bowling,Kenya,Summer,27328,No,13,1,6,2,3,6,2,93,3,1
Game_1375,0,30,Day,ODI,3,1,1,Batting,Srilanka,Rainy,32389,No,12,1,0,6,3,9,2,48,2,2
Game_1376,0,30,Day,ODI,4,1,4,Batting,Pakistan,Rainy,49658,No,12,1,10,0,3,7,7,63,3,3
Game_1377,0,30,Day,Test,2,1,4,Batting,Australia,Summer,45000,No,12,3,10,3,4,7,6,44,3,1
Game_1378,0,30,Day,ODI,3,1,4,Batting,West Indies,Rainy,118160,Yes,11,2,25,2,3,6,2,43,3,4
Game_1379,1,30,Day,T20,4,1,4,Bowling,South Africa,Summer,63658,Yes,12,3,9,0,3,6,4,57,2,3
Game_1380,1,30,Day,T20,3,1,2,Bowling,South Africa,Summer,59122,Yes,19,3,10,0,2,8,7,64,3,3
Game_1381,0,30,Day,ODI,4,1,2,Batting,Bangladesh,Rainy,83412,Yes,23,4,9,2,3,9,1,95,3,3
Game_1382,0,30,Day,ODI,2,1,1,Bowling,England,Summer,31738,No,11,1,9,6,3,8,7,32,3,2
Game_1383,0,30,Night,T20,4,1,4,Batting,South Africa,Winter,68964,Yes,19,1,10,0,2,10,8,57,3,3
Game_1384,0,30,Night,T20,2,1,3,Bowling,South Africa,Summer,43057,No,13,1,19,0,3,19,2,40,1,2
Game_1385,1,30,Day and Night,T20,3,1,4,Batting,Zimbabwe,Summer,16114,Yes,11,1,3,0,4,6,2,54,3,1
Game_1386,1,30,Day,ODI,3,1,1,Bowling,Srilanka,Rainy,16534,No,12,3,10,4,4,6,2,89,3,1
Game_1387,0,30,Night,ODI,1,1,3,Bowling,Bangladesh,Rainy,125027,Yes,13,4,21,3,2,20,8,37,3,4
Game_1388,0,30,Day,ODI,2,1,4,Batting,Bangladesh,Rainy,134309,No,14,4,23,5,3,19,9,58,1,5
Game_1389,0,30,Day,Test,4,1,4,Bowling,Bangladesh,Summer,138019,No,14,1,36,4,3,7,3,99,3,5
Game_1390,0,30,Night,ODI,2,1,3,Bowling,Kenya,Winter,24808,No,16,2,6,0,3,6,2,74,3,1
Game_1391,0,30,Day,ODI,3,1,4,Bowling,Pakistan,Winter,59500,No,11,4,10,0,2,9,7,86,3,3
Game_1392,0,30,Day,ODI,3,1,3,Bowling,Kenya,Summer,32627,No,13,3,9,4,3,9,8,98,3,2
Game_1393,0,30,Day and Night,T20,3,1,3,Batting,South Africa,Winter,28721,No,17,4,10,0,3,9,3,66,3,2
Game_1394,0,30,Day and Night,ODI,4,1,3,Bowling,Kenya,Summer,29743,Yes,11,2,9,3,3,9,6,87,3,2
Game_1395,0,30,Day,Test,3,1,3,Bowling,Bangladesh,Winter,98182,Yes,11,2,33,2,3,33,9,84,3,4
Game_1396,0,30,Day,T20,2,1,2,Batting,South Africa,Winter,48251,No,15,4,11,0,3,7,7,31,3,2
Game_1397,0,30,Day,T20,2,1,3,Batting,South Africa,Summer,42875,No,12,4,10,0,4,10,8,66,3,2
Game_1398,1,30,Day,ODI,4,1,3,Batting,England,Rainy,70056,Yes,14,4,31,0,2,10,9,53,2,3
Game_1399,0,30,Day,ODI,4,1,2,Bowling,Srilanka,Rainy,16709,No,22,3,0,3,3,6,2,88,3,1
Game_1400,0,30,Day and Night,T20,3,1,1,Batting,Pakistan,Rainy,32473,No,16,4,17,0,2,15,7,83,4,2
Game_1401,0,30,Day,ODI,3,1,4,Bowling,England,Summer,55286,No,11,3,11,2,3,10,9,54,3,3
Game_1402,0,30,Day,ODI,2,1,4,Batting,England,Summer,91994,No,16,2,29,1,2,6,2,82,2,4
Game_1403,0,30,Day,ODI,3,1,4,Batting,Srilanka,Rainy,37541,No,12,2,10,0,3,9,7,60,2,2
Game_1404,1,30,Day,T20,4,1,1,Bowling,South Africa,Summer,95865,Yes,17,3,24,0,2,19,7,85,4,4
Game_1405,0,30,Day,ODI,3,1,4,Bowling,England,Rainy,93814,Yes,12,1,33,0,3,19,16,68,3,4
Game_1406,0,30,Night,ODI,1,1,1,Batting,Kenya,Winter,14203,No,20,3,5,2,3,6,4,92,2,1
Game_1407,0,30,Day,ODI,1,1,2,Batting,Pakistan,Winter,44639,No,20,2,15,0,3,12,11,89,4,2
Game_1408,0,30,Day,ODI,3,1,2,Bowling,Srilanka,Rainy,38003,No,13,1,10,1,3,8,7,86,3,2
Game_1409,1,30,Day and Night,T20,3,1,3,Batting,Zimbabwe,Summer,19495,No,14,3,3,0,4,6,0,90,2,1
Game_1410,1,30,Day and Night,T20,4,1,4,Batting,South Africa,Rainy,32298,Yes,18,3,5,0,2,6,2,67,3,2
Game_1411,0,30,Day and Night,ODI,3,1,4,Bowling,Kenya,Winter,18270,No,11,4,4,2,3,6,2,57,4,1
Game_1412,0,30,Day,ODI,4,1,3,Batting,Pakistan,Summer,46809,No,11,4,14,2,4,14,11,98,3,2
Game_1413,1,30,Day,ODI,4,1,4,Bowling,England,Rainy,43253,Yes,15,4,10,3,2,10,2,98,3,2
Game_1414,0,30,Day,T20,4,1,1,Bowling,South Africa,Rainy,42840,No,12,4,8,0,4,6,4,44,2,2
Game_1415,0,30,Day and Night,T20,3,1,2,Bowling,South Africa,Rainy,74172,No,11,2,14,0,3,6,2,52,3,3
Game_1416,0,30,Day and Night,ODI,3,1,4,Batting,Kenya,Summer,38269,Yes,14,1,12,4,2,6,2,75,3,2
Game_1417,0,30,Day,ODI,1,1,3,Bowling,Kenya,Rainy,20972,Yes,15,4,8,2,3,6,4,54,3,1
Game_1418,0,27,Day and Night,T20,1,1,2,Bowling,South Africa,Rainy,69986,No,13,1,8,0,4,6,4,61,3,2
Game_1419,0,30,Day,T20,1,1,3,Bowling,South Africa,Rainy,28546,Yes,13,1,4,0,2,6,2,36,3,2
Game_1420,0,30,Night,ODI,2,1,3,Bowling,Pakistan,Rainy,76440,No,21,2,13,2,3,6,4,71,3,3
Game_1421,0,30,Day and Night,ODI,2,1,4,Batting,England,Rainy,92729,Yes,11,2,24,3,2,6,3,59,4,4
Game_1422,0,30,Day,ODI,3,1,1,Batting,Kenya,Summer,28567,Yes,14,1,20,3,1,20,7,73,2,2
Game_1423,0,30,Day,Test,3,1,3,Batting,Bangladesh,Rainy,117593,No,14,3,0,5,3,20,7,31,3,4
Game_1424,0,30,Day,ODI,4,1,3,Batting,Pakistan,Rainy,20650,No,13,3,12,2,1,6,4,54,3,1
Game_1425,0,30,Day,ODI,3,1,1,Batting,Srilanka,Summer,45000,No,18,1,8,6,3,6,2,94,3,1
Game_1426,0,30,Day and Night,ODI,2,1,3,Bowling,England,Summer,65534,No,11,3,10,2,3,6,2,60,3,3
Game_1427,1,30,Day and Night,ODI,2,1,1,Bowling,Srilanka,Summer,29988,No,20,1,20,2,3,6,3,97,2,2
Game_1428,0,30,Day,ODI,3,1,4,Batting,West Indies,Summer,121296,No,19,4,29,3,2,20,7,54,3,4
Game_1429,0,30,Day,ODI,3,1,4,Batting,West Indies,Rainy,137907,Yes,21,3,32,3,3,9,8,76,3,5
Game_1430,0,30,Day,ODI,4,1,2,Bowling,West Indies,Winter,103124,No,13,4,31,4,4,7,7,81,4,4
Game_1431,0,30,Day,T20,4,1,1,Batting,South Africa,Summer,64946,Yes,16,4,15,0,3,6,4,99,3,2
Game_1432,1,30,Day and Night,T20,4,1,2,Batting,Zimbabwe,Summer,9513,No,12,2,1,0,3,6,0,50,1,1
Game_1433,0,30,Day,T20,4,1,4,Batting,South Africa,Winter,33453,No,14,2,8,0,3,6,2,73,3,2
Game_1434,0,30,Day,ODI,5,1,1,Batting,West Indies,Summer,114954,No,11,3,9,3,4,6,2,93,3,4
Game_1435,0,30,Day and Night,ODI,4,1,4,Bowling,Kenya,Winter,20972,No,14,3,10,2,3,6,3,91,3,1
Game_1436,1,30,Day,ODI,3,1,1,Batting,Kenya,Summer,8827,No,12,3,1,3,4,6,0,34,2,1
Game_1437,0,30,Day,ODI,4,1,1,Bowling,Srilanka,Summer,40670,No,16,3,10,2,2,10,4,37,2,2
Game_1438,0,30,Day,T20,4,1,3,Batting,South Africa,Rainy,39529,No,13,1,11,0,2,6,2,98,2,2
Game_1439,0,30,Day,ODI,3,1,1,Bowling,Kenya,Rainy,23940,No,12,3,17,2,2,6,5,74,3,1
Game_1440,0,30,Night,ODI,2,1,3,Bowling,Srilanka,Summer,24500,No,14,1,7,2,1,6,5,84,4,1
Game_1441,0,30,Day,ODI,2,1,1,Batting,Kenya,Rainy,14462,No,22,4,5,3,4,6,2,90,3,1
Game_1442,0,27,Day,ODI,4,1,1,Batting,West Indies,Rainy,120183,No,19,2,26,2,4,20,17,82,3,4
Game_1443,0,30,Day,T20,5,1,4,Bowling,South Africa,Rainy,64428,No,12,3,7,0,2,6,3,97,3,2
Game_1444,0,30,Day,ODI,3,1,4,Batting,Srilanka,Rainy,23058,No,17,1,7,2,2,6,4,86,2,1
Game_1445,0,30,Day,ODI,5,1,2,Bowling,Kenya,Rainy,14889,Yes,12,1,7,5,2,6,2,90,4,1
Game_1446,0,30,Night,ODI,4,1,3,Bowling,Srilanka,Winter,27825,No,11,3,11,2,4,8,7,81,3,2
Game_1447,0,30,Day,T20,2,1,1,Batting,South Africa,Winter,75551,No,18,1,13,0,3,13,7,31,3,3
Game_1448,1,30,Day,T20,3,1,1,Bowling,Pakistan,Winter,70672,No,11,1,28,0,4,7,7,52,3,3
Game_1449,1,30,Night,ODI,3,1,1,Batting,Srilanka,Summer,45000,Yes,23,2,11,2,4,6,0,54,2,1
Game_1450,1,30,Day and Night,ODI,5,1,3,Batting,England,Summer,52122,No,11,1,10,2,3,10,8,100,4,3
Game_1451,0,30,Day,ODI,3,1,2,Bowling,Pakistan,Winter,75957,Yes,18,2,24,2,3,7,7,95,1,3
Game_1452,0,30,Day,Test,2,1,4,Batting,Australia,Summer,14763,No,18,4,8,3,3,6,2,96,4,1
Game_1453,1,30,Day and Night,ODI,3,1,2,Bowling,Srilanka,Rainy,26054,Yes,13,3,7,2,1,6,2,94,3,1
Game_1454,0,30,Day,ODI,3,1,2,Bowling,England,Rainy,65660,Yes,18,4,10,4,4,6,1,55,3,3
Game_1455,0,30,Day,T20,3,1,3,Bowling,South Africa,Winter,38402,No,11,1,15,0,3,6,2,96,3,2
Game_1456,1,30,Day,Test,4,1,1,Batting,Australia,Rainy,19194,No,15,4,2,0,3,6,2,52,3,1
Game_1457,0,30,Night,ODI,1,1,4,Bowling,West Indies,Winter,96299,No,11,3,16,5,3,9,8,55,2,3
Game_1458,0,30,Night,ODI,3,1,3,Bowling,Srilanka,Summer,22134,No,14,4,7,5,3,6,2,90,2,1
Game_1459,0,30,Day,ODI,3,1,4,Bowling,West Indies,Summer,116186,No,12,2,35,2,2,9,8,39,4,4
Game_1460,0,30,Day,ODI,4,1,1,Bowling,Pakistan,Rainy,46557,No,14,2,20,0,2,6,2,96,3,2
Game_1461,0,30,Day,ODI,3,1,3,Bowling,Kenya,Winter,16415,No,14,3,8,3,4,6,1,68,3,1
Game_1462,0,30,Day,ODI,3,1,4,Bowling,Kenya,Summer,23940,No,13,3,6,3,2,6,2,49,3,1
Game_1463,0,30,Day and Night,T20,3,1,4,Bowling,South Africa,Rainy,30611,No,14,1,5,0,3,6,3,54,3,2
Game_1464,0,30,Day,T20,3,1,4,Bowling,South Africa,Summer,33313,No,18,4,15,0,3,13,9,81,1,2
Game_1465,0,30,Day,T20,1,1,4,Bowling,South Africa,Rainy,37107,No,15,3,4,0,2,6,1,96,3,2
Game_1466,0,27,Day and Night,ODI,2,1,1,Batting,Srilanka,Summer,25711,No,13,3,12,3,3,12,9,74,3,1
Game_1467,0,30,Day and Night,T20,5,1,1,Batting,South Africa,Rainy,33376,No,12,3,11,0,2,6,0,79,3,2
Game_1468,0,30,Night,ODI,3,1,3,Bowling,Kenya,Winter,8918,No,13,2,1,2,2,6,0,64,3,1
Game_1469,0,30,Day,ODI,2,1,2,Bowling,Kenya,Rainy,34300,No,24,1,13,2,2,12,9,93,4,2
Game_1470,0,30,Day,ODI,4,1,3,Bowling,Pakistan,Winter,73262,No,14,2,29,3,3,8,7,35,3,3
Game_1471,0,30,Day and Night,ODI,3,1,2,Batting,West Indies,Winter,119049,No,14,4,0,3,2,14,8,71,3,4
Game_1472,1,30,Day,T20,4,1,1,Batting,Pakistan,Summer,32193,Yes,23,3,16,0,4,15,9,40,2,2
Game_1473,0,30,Day,T20,1,1,4,Bowling,Zimbabwe,Rainy,45000,No,13,1,1,0,3,6,0,76,3,1
Game_1474,0,30,Day and Night,ODI,1,1,2,Bowling,England,Summer,71463,Yes,18,2,16,2,2,6,2,86,3,3
Game_1475,0,30,Day,Test,3,1,3,Bowling,Australia,Winter,14448,No,21,1,6,3,4,6,3,46,3,1
Game_1476,0,30,Day,ODI,4,1,4,Bowling,Pakistan,Rainy,28245,Yes,16,2,4,2,3,6,2,30,3,2
Game_1477,0,30,Day,ODI,4,1,1,Batting,Srilanka,Rainy,26866,No,11,4,8,5,3,6,4,82,2,1
Game_1478,0,30,Day,T20,3,1,3,Batting,South Africa,Rainy,32137,Yes,17,3,11,0,2,6,4,78,3,2
Game_1479,0,30,Day,ODI,2,1,3,Batting,Srilanka,Rainy,33523,No,25,1,10,3,3,6,2,43,2,2
Game_1480,0,30,Day,ODI,5,1,4,Bowling,Pakistan,Summer,44716,Yes,17,1,14,6,3,6,0,69,3,2
Game_1481,0,30,Day,ODI,3,1,3,Bowling,Bangladesh,Summer,78708,No,25,2,10,5,4,6,2,64,3,3
Game_1482,0,30,Day and Night,ODI,4,1,2,Batting,Bangladesh,Winter,112224,No,20,1,26,2,3,14,9,87,3,4
Game_1483,0,30,Day,ODI,3,1,4,Bowling,West Indies,Rainy,114296,No,13,3,24,1,4,20,6,32,3,4
Game_1484,0,30,Day,ODI,3,1,2,Batting,England,Summer,58632,No,18,4,9,3,3,6,0,32,3,3
Game_1485,0,30,Day,T20,3,1,3,Batting,Bangladesh,Rainy,116242,No,12,4,23,0,4,13,12,51,3,4
Game_1486,0,30,Day,ODI,3,1,4,Batting,Pakistan,Summer,60242,No,19,4,11,3,1,11,8,91,2,3
Game_1487,1,30,Day,ODI,4,1,4,Bowling,Srilanka,Summer,14126,No,14,2,15,3,1,6,4,86,3,1
Game_1488,0,30,Day,T20,3,1,4,Bowling,South Africa,Summer,49581,Yes,14,4,10,0,3,10,9,64,2,3
Game_1489,1,30,Day and Night,ODI,3,1,4,Batting,Kenya,Summer,28588,No,12,1,7,2,1,7,2,33,3,1
Game_1490,0,27,Day and Night,ODI,5,1,3,Bowling,West Indies,Summer,100877,Yes,13,4,32,2,3,32,6,88,1,4
Game_1491,0,30,Day,T20,2,1,2,Bowling,Zimbabwe,Rainy,16156,Yes,25,2,12,0,3,11,10,55,3,1
Game_1492,0,30,Day,ODI,3,1,3,Bowling,Srilanka,Rainy,33887,No,14,2,4,3,3,6,0,68,2,1
Game_1493,0,30,Day,ODI,3,1,1,Bowling,Kenya,Rainy,29995,No,17,1,10,2,3,10,8,47,3,2
Game_1494,0,30,Day,ODI,3,1,4,Bowling,England,Summer,30240,No,13,4,5,2,3,6,3,44,2,2
Game_1495,0,30,Day,ODI,3,1,4,Batting,Kenya,Rainy,14924,No,20,4,0,3,3,6,4,97,3,1
Game_1496,0,30,Day and Night,ODI,3,1,4,Bowling,Pakistan,Rainy,70868,Yes,14,3,24,3,1,20,8,40,3,3
Game_1497,0,30,Day,T20,2,1,1,Bowling,South Africa,Rainy,45000,No,12,4,9,0,4,8,4,47,3,2
Game_1498,0,30,Day,ODI,4,1,2,Bowling,Srilanka,Rainy,36449,Yes,12,2,15,3,3,15,14,79,3,2
Game_1499,0,30,Day,Test,2,1,3,Bowling,Bangladesh,Summer,115059,Yes,21,4,21,2,3,21,7,38,3,4
Game_1500,0,30,Night,ODI,2,1,4,Bowling,Pakistan,Winter,28483,Yes,18,3,8,2,3,6,2,72,3,2
Game_1501,0,30,Day,ODI,4,1,1,Bowling,Pakistan,Winter,52087,No,12,1,10,4,3,10,8,66,3,3
Game_1502,0,30,Day,ODI,4,1,2,Batting,Zimbabwe,Rainy,17010,No,23,1,6,5,3,6,3,98,2,1
Game_1503,0,30,Day,ODI,2,1,4,Batting,Kenya,Rainy,41146,No,12,1,12,2,3,7,1,67,2,2
Game_1504,0,30,Day,T20,4,1,3,Bowling,Zimbabwe,Summer,18508,Yes,21,4,7,0,2,6,2,70,3,1
Game_1505,0,30,Day,T20,4,1,3,Batting,South Africa,Winter,45073,No,14,3,18,0,3,8,7,96,3,2
Game_1506,0,30,Day,T20,4,1,1,Bowling,South Africa,Rainy,44744,No,13,4,8,0,1,6,2,46,3,2
Game_1507,1,30,Day,T20,3,1,2,Bowling,South Africa,Rainy,67998,No,11,4,10,0,3,10,8,64,2,2
Game_1508,0,30,Day and Night,Test,4,1,3,Bowling,Australia,Rainy,42539,No,11,3,10,2,3,6,3,71,3,2
Game_1509,0,30,Day,ODI,3,1,4,Bowling,Srilanka,Summer,17150,No,19,2,3,3,3,6,0,68,2,1
Game_1510,0,30,Day,T20,4,1,3,Bowling,South Africa,Rainy,64750,No,12,2,9,0,3,6,2,33,3,3
Game_1511,1,30,Day,ODI,3,1,1,Batting,Srilanka,Winter,14518,Yes,12,4,1,2,3,6,0,69,3,1
Game_1512,1,30,Day,ODI,5,1,3,Batting,England,Summer,71183,No,16,2,34,4,3,33,7,78,2,3
Game_1513,1,30,Day,ODI,3,1,3,Bowling,England,Rainy,33985,No,11,1,7,2,3,6,2,81,3,2
Game_1514,0,27,Night,ODI,3,1,4,Bowling,Kenya,Rainy,28609,No,14,2,9,3,2,6,5,62,3,2
Game_1515,0,30,Day,ODI,4,1,3,Batting,Kenya,Rainy,16569,No,12,4,10,3,2,8,2,65,3,1
Game_1516,0,30,Day,ODI,4,1,1,Bowling,Kenya,Summer,20804,No,13,3,1,4,1,6,0,35,3,1
Game_1517,0,30,Day,T20,5,1,3,Bowling,Bangladesh,Rainy,137102,No,21,3,36,0,3,36,6,60,2,5
Game_1518,0,30,Day,ODI,4,1,2,Bowling,Kenya,Rainy,38388,No,17,2,9,3,2,6,2,45,3,2
Game_1519,0,30,Day,T20,3,1,3,Batting,South Africa,Rainy,69468,No,11,4,0,0,3,9,8,80,3,2
Game_1520,0,30,Day,T20,3,1,2,Batting,Pakistan,Summer,29386,No,12,2,8,0,4,6,2,90,3,2
Game_1521,0,30,Day,T20,4,1,2,Batting,South Africa,Summer,47705,No,13,1,15,0,3,6,0,73,3,2
Game_1522,0,30,Day,ODI,4,1,1,Batting,Pakistan,Summer,42994,Yes,16,3,10,4,3,6,2,51,3,2
Game_1523,0,30,Day,T20,3,1,4,Bowling,South Africa,Rainy,57659,No,11,1,11,0,3,7,6,38,4,3
Game_1524,0,30,Day,T20,3,1,3,Bowling,Bangladesh,Rainy,135317,Yes,16,3,27,0,3,6,0,59,3,5
Game_1525,0,30,Day and Night,ODI,4,1,1,Bowling,Srilanka,Rainy,38934,Yes,13,4,9,3,3,6,2,80,4,2
Game_1526,0,30,Day,ODI,2,1,4,Bowling,Bangladesh,Summer,137291,No,22,4,24,2,3,6,0,93,2,5
Game_1527,0,30,Day,ODI,3,1,2,Bowling,Srilanka,Rainy,23849,No,17,4,10,3,2,10,9,46,4,2
Game_1528,0,30,Day and Night,ODI,4,1,4,Bowling,Pakistan,Rainy,35441,No,14,2,8,3,2,8,2,92,2,2
Game_1529,0,30,Day,T20,2,1,4,Batting,South Africa,Rainy,32473,No,15,3,5,0,3,6,4,84,3,2
Game_1530,0,30,Day,ODI,3,1,4,Bowling,Srilanka,Winter,34132,No,12,3,8,0,3,6,4,87,4,1
Game_1531,0,30,Day,ODI,2,1,3,Bowling,Srilanka,Rainy,18830,No,18,4,1,5,2,6,0,63,2,1
Game_1532,0,30,Day,T20,4,1,4,Bowling,Bangladesh,Summer,122969,No,15,2,27,0,1,26,0,56,4,4
Game_1533,0,30,Day and Night,ODI,5,1,2,Bowling,Pakistan,Rainy,78715,Yes,15,3,32,3,3,30,8,41,3,4
Game_1534,0,30,Day,ODI,4,1,2,Batting,Kenya,Rainy,23184,No,17,4,6,3,3,6,2,35,4,1
Game_1535,0,30,Day,ODI,3,1,2,Batting,West Indies,Winter,133343,Yes,14,4,23,4,2,22,7,31,3,5
Game_1536,0,30,Day,ODI,3,1,2,Bowling,Kenya,Summer,14987,No,12,2,6,3,2,9,4,48,2,1
Game_1537,0,30,Day,ODI,5,1,3,Batting,Srilanka,Summer,40383,Yes,14,1,10,3,3,10,7,50,1,2
Game_1538,0,27,Night,T20,3,1,1,Bowling,South Africa,Rainy,30695,No,15,1,10,0,3,10,7,52,2,2
Game_1539,0,30,Day and Night,T20,4,1,4,Bowling,South Africa,Summer,37324,No,13,4,10,0,3,6,2,54,3,2
Game_1540,0,30,Day,ODI,4,1,3,Batting,England,Rainy,32641,Yes,12,2,7,2,3,6,2,76,3,2
Game_1541,0,30,Day and Night,ODI,4,1,3,Bowling,England,Winter,33068,No,13,1,9,3,3,9,7,42,4,2
Game_1542,0,30,Day,ODI,4,1,3,Batting,Srilanka,Rainy,22477,No,14,4,10,3,2,9,6,84,3,1
Game_1543,0,30,Day,ODI,5,1,2,Batting,England,Rainy,37639,No,13,4,10,3,3,7,7,76,3,2
Game_1544,0,30,Day,ODI,5,1,2,Bowling,Pakistan,Rainy,36456,No,11,4,16,2,3,16,15,48,4,2
Game_1545,0,30,Day,Test,4,1,4,Batting,Bangladesh,Rainy,45000,No,11,3,27,2,3,6,2,98,3,5
Game_1546,0,30,Day,ODI,2,1,3,Bowling,Srilanka,Winter,21483,No,15,4,11,3,3,10,8,76,2,2
Game_1547,0,30,Day,ODI,3,1,1,Batting,England,Rainy,73045,No,13,4,18,2,3,18,15,80,2,3
Game_1548,0,30,Night,ODI,4,1,3,Batting,Pakistan,Rainy,29036,No,12,4,15,5,3,14,11,52,3,2
Game_1549,0,30,Day,ODI,3,1,3,Bowling,England,Rainy,40376,No,17,1,9,2,2,6,3,85,3,2
Game_1550,0,30,Day and Night,ODI,3,1,1,Batting,England,Summer,35294,No,13,4,10,2,1,9,2,81,3,2
Game_1551,0,30,Day,ODI,2,1,4,Batting,England,Winter,40390,No,19,1,10,3,3,10,7,59,2,2
Game_1552,0,30,Day,ODI,2,1,4,Batting,England,Rainy,54292,Yes,19,4,10,6,4,6,4,54,2,3
Game_1553,1,30,Day,T20,3,1,4,Bowling,South Africa,Rainy,72142,No,17,3,15,0,3,13,12,55,2,3
Game_1554,0,30,Day,ODI,3,1,2,Batting,Kenya,Rainy,27552,No,11,1,8,2,1,8,4,71,3,1
Game_1555,0,30,Day,ODI,3,1,3,Batting,England,Summer,55615,Yes,15,4,18,2,2,6,2,84,3,3
Game_1556,0,30,Day and Night,Test,5,1,1,Bowling,Australia,Rainy,40201,Yes,11,3,14,3,3,10,7,37,3,2
Game_1557,0,30,Day and Night,ODI,5,1,3,Bowling,Bangladesh,Rainy,106414,No,25,2,23,3,3,6,2,89,2,4
Game_1558,1,30,Day,T20,2,1,1,Bowling,South Africa,Winter,38080,No,14,4,7,0,2,6,2,59,1,2
Game_1559,1,30,Day,ODI,3,1,1,Bowling,Srilanka,Summer,15162,Yes,14,2,10,3,1,6,2,73,3,1
Game_1560,0,30,Day,ODI,4,1,2,Batting,Pakistan,Summer,56056,No,12,3,9,6,3,9,2,42,3,3
Game_1561,0,30,Day,ODI,3,1,4,Bowling,England,Rainy,37065,No,21,3,7,3,3,6,4,66,3,2
Game_1562,0,27,Day,ODI,3,1,1,Batting,West Indies,Rainy,114891,No,16,2,27,2,3,6,2,72,3,4
Game_1563,0,30,Day,ODI,5,1,4,Batting,West Indies,Winter,92883,No,15,3,19,3,3,14,11,50,2,3
Game_1564,0,30,Day,ODI,3,1,4,Batting,Kenya,Winter,38031,No,12,3,11,2,3,11,8,66,3,2
Game_1565,0,30,Day,ODI,3,1,1,Bowling,Srilanka,Summer,14091,No,11,3,15,4,3,6,3,77,3,1
Game_1566,0,30,Day,ODI,1,1,3,Batting,Pakistan,Rainy,97762,Yes,19,2,30,3,3,15,11,41,2,4
Game_1567,0,30,Night,ODI,4,1,4,Batting,England,Rainy,30618,No,15,3,0,6,3,6,2,33,2,2
Game_1568,0,30,Day,ODI,2,1,4,Bowling,Pakistan,Winter,47894,No,20,1,13,3,3,6,4,79,4,2
Game_1569,0,30,Day,ODI,5,1,2,Batting,Bangladesh,Rainy,45000,No,25,3,36,6,3,10,8,91,3,4
Game_1570,0,30,Day,ODI,2,1,3,Bowling,West Indies,Rainy,123221,No,24,1,14,3,3,14,10,65,2,4
Game_1571,1,30,Day and Night,T20,4,1,4,Bowling,South Africa,Summer,32067,Yes,24,1,13,0,4,11,9,36,3,2
Game_1572,0,30,Day and Night,ODI,3,1,4,Bowling,Kenya,Rainy,33145,No,15,4,19,4,4,13,11,90,3,2
Game_1573,0,30,Day,T20,4,1,4,Bowling,South Africa,Winter,38535,No,14,3,6,0,3,6,2,93,3,2
Game_1574,0,30,Day,ODI,3,1,4,Bowling,Kenya,Winter,38290,No,13,3,10,4,2,9,5,45,3,2
Game_1575,0,30,Day,T20,4,1,1,Batting,South Africa,Rainy,38332,No,11,1,10,0,3,10,0,67,3,2
Game_1576,0,30,Day,ODI,3,1,4,Batting,Srilanka,Winter,18109,Yes,16,2,17,2,2,6,2,74,3,1
Game_1577,0,30,Day and Night,ODI,3,1,4,Batting,Srilanka,Summer,17080,No,22,2,4,3,3,6,3,42,2,1
Game_1578,0,30,Day,T20,4,1,2,Batting,Bangladesh,Winter,111804,No,14,3,29,0,3,6,2,47,4,4
Game_1579,0,30,Day,ODI,3,1,3,Bowling,Bangladesh,Summer,107653,No,14,1,23,2,3,8,7,36,3,4
Game_1580,0,30,Day,T20,2,1,4,Bowling,South Africa,Summer,49574,Yes,16,4,21,0,3,6,0,80,3,3
Game_1581,0,30,Night,T20,3,1,3,Batting,South Africa,Winter,37576,Yes,25,3,7,0,3,6,5,36,3,2
Game_1582,0,30,Day,ODI,4,1,1,Bowling,Pakistan,Rainy,37429,No,14,2,10,2,2,6,2,80,3,2
Game_1583,0,30,Day,Test,3,1,3,Batting,Australia,Winter,22365,Yes,18,1,8,2,3,6,2,44,3,1
Game_1584,0,30,Day,ODI,2,1,4,Batting,Srilanka,Summer,23142,No,19,4,7,5,2,9,0,87,3,1
Game_1585,0,30,Day,ODI,4,1,2,Bowling,Pakistan,Rainy,49035,No,15,3,11,2,3,6,3,48,4,3
Game_1586,1,27,Day and Night,T20,3,1,4,Batting,Zimbabwe,Rainy,18585,Yes,11,3,19,0,3,9,7,95,3,1
Game_1587,1,30,Day,ODI,4,1,4,Bowling,Srilanka,Summer,9751,No,12,1,1,2,3,6,0,95,3,1
Game_1588,0,30,Day,ODI,3,1,1,Bowling,Kenya,Winter,24759,No,12,4,8,1,3,6,2,94,2,1
Game_1589,0,30,Day,ODI,2,1,2,Bowling,Srilanka,Rainy,27902,No,14,3,15,3,4,15,10,57,2,2
Game_1590,0,30,Day,ODI,4,1,3,Bowling,Pakistan,Winter,76181,No,20,3,19,2,4,6,0,32,1,3
Game_1591,0,30,Day,ODI,3,1,2,Bowling,Srilanka,Rainy,14196,No,18,4,0,6,3,14,11,79,4,1
Game_1592,0,30,Day and Night,T20,4,1,3,Bowling,Pakistan,Winter,66675,No,14,3,6,0,2,6,3,31,1,2
Game_1593,0,30,Day,ODI,3,1,2,Batting,Kenya,Rainy,45000,No,12,2,10,3,3,10,9,35,2,1
Game_1594,0,30,Day,ODI,3,1,3,Batting,Pakistan,Rainy,55153,Yes,19,2,9,2,3,8,7,96,4,3
Game_1595,0,30,Day and Night,ODI,4,1,1,Bowling,Kenya,Summer,34510,Yes,14,3,6,2,4,6,4,79,2,1
Game_1596,0,30,Day,T20,3,1,4,Bowling,South Africa,Rainy,54929,Yes,17,1,10,0,3,10,9,73,3,2
Game_1597,0,30,Day,T20,3,1,4,Bowling,South Africa,Summer,64687,No,12,2,10,0,3,10,8,35,3,3
Game_1598,0,30,Day,ODI,4,1,3,Batting,Zimbabwe,Summer,31514,No,15,3,17,2,2,13,7,51,3,2
Game_1599,0,30,Night,ODI,1,1,3,Bowling,Pakistan,Rainy,75236,No,23,4,25,3,2,23,15,74,2,3
Game_1600,1,30,Day and Night,T20,3,1,3,Bowling,South Africa,Rainy,90552,No,11,3,25,0,1,23,5,82,1,4
Game_1601,0,30,Day,ODI,2,1,4,Batting,West Indies,Summer,116928,No,11,3,21,2,3,21,6,48,2,4
Game_1602,0,30,Day and Night,ODI,3,1,1,Bowling,Kenya,Rainy,24031,No,13,1,10,3,2,6,2,56,3,1
Game_1603,0,30,Day,ODI,4,1,2,Bowling,Srilanka,Rainy,24339,No,14,4,6,2,4,6,2,69,3,1
Game_1604,0,30,Night,Test,3,1,3,Bowling,Australia,Rainy,45010,No,19,2,10,4,3,6,2,60,1,2
Game_1605,0,30,Day,ODI,2,1,2,Batting,England,Rainy,45612,Yes,16,2,18,3,3,6,0,92,3,2
Game_1606,0,30,Day,ODI,4,1,3,Bowling,Pakistan,Summer,38934,No,14,4,19,3,3,10,7,34,3,2
Game_1607,0,30,Day,ODI,4,1,4,Bowling,England,Rainy,48181,No,16,2,17,3,3,7,7,49,3,2
Game_1608,0,30,Day,ODI,1,1,2,Bowling,Kenya,Summer,20034,No,12,2,10,2,2,9,0,33,3,1
Game_1609,0,30,Night,T20,4,1,3,Bowling,South Africa,Rainy,34846,No,11,4,4,0,1,6,0,87,3,2
Game_1610,0,27,Day,T20,3,1,3,Bowling,South Africa,Winter,72576,Yes,12,2,13,0,2,10,6,74,3,3
Game_1611,1,30,Day,T20,5,1,2,Bowling,South Africa,Winter,42938,Yes,13,2,16,0,3,6,2,96,2,2
Game_1612,1,30,Day,T20,2,1,1,Bowling,South Africa,Summer,47145,No,15,2,10,0,3,6,0,34,1,2
Game_1613,0,30,Day and Night,ODI,1,1,4,Batting,England,Summer,36666,No,20,4,9,3,2,6,4,30,3,2
Game_1614,0,30,Night,ODI,3,1,4,Bowling,Srilanka,Rainy,45304,Yes,15,4,9,2,3,9,8,32,3,2
Game_1615,0,30,Day,T20,3,1,4,Batting,South Africa,Rainy,67270,No,13,3,0,0,1,6,3,80,1,3
Game_1616,0,30,Day,T20,4,1,2,Bowling,Bangladesh,Summer,138831,No,14,2,21,0,2,21,8,88,3,5
Game_1617,0,30,Day,Test,3,1,3,Batting,Australia,Rainy,45000,No,21,3,9,2,4,6,0,56,1,3
Game_1618,0,30,Day and Night,ODI,4,1,4,Batting,Kenya,Summer,34776,No,16,4,10,2,3,9,7,78,2,1
Game_1619,1,30,Day and Night,Test,3,1,3,Batting,Australia,Winter,15260,No,11,3,6,0,2,6,2,66,2,1
Game_1620,0,30,Day,T20,3,1,1,Bowling,South Africa,Rainy,58422,No,19,3,6,0,3,6,2,51,3,2
Game_1621,0,30,Day,T20,2,1,3,Bowling,South Africa,Winter,49980,No,11,1,12,0,3,7,7,94,2,3
Game_1622,0,30,Day,ODI,4,1,4,Bowling,Kenya,Rainy,20524,Yes,14,1,6,3,3,6,0,97,4,1
Game_1623,0,30,Night,T20,3,1,4,Batting,South Africa,Summer,36029,No,15,4,13,0,2,11,7,62,3,2
Game_1624,0,30,Day,T20,4,1,4,Batting,South Africa,Summer,31549,No,12,3,8,0,4,6,1,80,3,2
Game_1625,1,30,Day,T20,3,1,1,Batting,South Africa,Summer,59948,Yes,20,3,11,0,2,6,0,74,3,3
Game_1626,0,30,Day and Night,ODI,2,1,3,Batting,Srilanka,Rainy,17276,No,14,2,9,4,2,6,1,75,2,1
Game_1627,1,30,Day,T20,4,1,1,Bowling,South Africa,Rainy,57127,No,13,1,10,0,3,6,0,70,3,3
Game_1628,0,30,Day,ODI,3,1,3,Bowling,Pakistan,Rainy,37058,No,16,3,10,3,3,7,0,58,4,2
Game_1629,0,30,Night,ODI,4,1,2,Bowling,Kenya,Summer,19026,No,14,2,12,3,3,7,7,65,3,1
Game_1630,0,30,Day,ODI,3,1,2,Bowling,Pakistan,Rainy,40677,Yes,16,3,15,2,3,6,0,60,1,2
Game_1631,1,30,Day and Night,ODI,3,1,3,Bowling,Kenya,Rainy,17059,Yes,16,4,6,4,3,6,0,38,2,1
Game_1632,0,30,Day,ODI,3,1,2,Bowling,Srilanka,Winter,19362,No,22,2,7,6,2,9,3,57,3,1
Game_1633,0,30,Day,ODI,3,1,3,Bowling,West Indies,Rainy,133266,No,12,2,34,2,3,6,0,60,2,5
Game_1634,0,27,Night,ODI,3,1,4,Bowling,Kenya,Winter,21385,No,15,4,11,2,2,9,8,90,3,2
Game_1635,0,30,Day,ODI,4,1,3,Bowling,Srilanka,Winter,16023,No,20,2,5,2,3,6,3,94,3,1
Game_1636,0,30,Day,T20,3,1,4,Bowling,South Africa,Winter,28007,Yes,14,3,15,0,3,15,14,87,3,2
Game_1637,0,30,Night,ODI,4,1,1,Batting,England,Rainy,90755,Yes,20,4,27,2,2,6,2,60,2,4
Game_1638,0,30,Day,Test,3,1,2,Bowling,Australia,Summer,24773,No,13,2,10,5,3,9,7,32,3,1
Game_1639,0,30,Day,T20,2,1,4,Batting,South Africa,Summer,42203,No,12,1,0,0,3,6,2,32,1,2
Game_1640,0,30,Day,ODI,2,1,4,Batting,Pakistan,Rainy,25914,No,11,2,5,3,3,6,4,40,2,1
Game_1641,0,30,Day,T20,4,1,1,Batting,South Africa,Rainy,45000,No,14,1,13,0,3,12,7,91,2,2
Game_1642,0,30,Day,ODI,3,1,1,Batting,Bangladesh,Rainy,91812,No,11,4,15,2,3,6,2,53,3,3
Game_1643,0,30,Day,T20,2,1,2,Bowling,South Africa,Rainy,29323,No,14,1,5,0,3,6,2,46,2,2
Game_1644,0,30,Day,ODI,4,1,3,Bowling,West Indies,Winter,135296,Yes,17,3,24,3,3,6,1,46,3,5
Game_1645,0,30,Day,ODI,3,1,4,Bowling,Pakistan,Rainy,58247,Yes,13,4,15,1,3,12,8,90,3,3
Game_1646,1,30,Day and Night,ODI,2,1,3,Bowling,Kenya,Winter,16394,Yes,12,3,6,2,2,6,3,99,3,1
Game_1647,0,30,Day,Test,2,1,3,Bowling,Australia,Winter,28497,No,13,3,19,4,2,10,0,89,3,2
Game_1648,1,30,Day,T20,3,1,3,Bowling,South Africa,Summer,40691,Yes,18,4,10,0,3,10,7,84,3,2
Game_1649,0,30,Day,ODI,4,1,4,Bowling,Kenya,Rainy,22001,No,19,2,14,1,3,10,8,90,4,1
Game_1650,0,30,Day,ODI,1,1,3,Bowling,West Indies,Summer,94248,No,21,3,9,3,3,6,3,65,3,3
Game_1651,0,30,Night,T20,2,1,2,Bowling,South Africa,Summer,55937,No,15,3,6,0,3,6,2,98,2,2
Game_1652,0,30,Day,ODI,2,1,3,Batting,Srilanka,Rainy,23639,No,17,4,7,5,2,6,3,99,3,1
Game_1653,0,30,Day,ODI,3,1,2,Bowling,Pakistan,Rainy,38766,No,18,3,10,2,2,6,0,95,4,2
Game_1654,0,30,Night,ODI,2,1,2,Bowling,England,Winter,40334,No,14,3,15,6,3,7,7,90,3,2
Game_1655,0,30,Night,Test,3,1,1,Bowling,Australia,Winter,18144,No,13,4,13,3,3,11,10,100,3,1
Game_1656,1,30,Day and Night,ODI,4,1,4,Bowling,Srilanka,Summer,37422,No,17,3,11,3,2,9,1,93,3,2
Game_1657,1,30,Day,ODI,4,1,4,Bowling,England,Summer,29491,No,15,2,10,4,1,10,3,58,3,2
Game_1658,0,27,Day and Night,T20,3,1,3,Bowling,South Africa,Winter,28889,No,18,4,7,0,3,6,1,83,3,2
Game_1659,0,30,Night,ODI,3,1,1,Bowling,Kenya,Summer,17066,No,13,3,7,2,2,6,2,52,3,1
Game_1660,0,30,Day,ODI,3,1,2,Bowling,Pakistan,Summer,48090,No,12,1,11,3,1,6,2,85,4,2
Game_1661,0,30,Day,T20,1,1,3,Batting,South Africa,Winter,73129,Yes,13,4,23,0,4,22,14,81,3,3
Game_1662,0,30,Day,ODI,3,1,1,Batting,England,Summer,67669,No,14,2,9,3,3,7,7,32,3,3
Game_1663,1,30,Day,ODI,2,1,4,Batting,Pakistan,Rainy,62482,No,22,4,13,2,4,9,7,66,3,2
Game_1664,0,30,Day,ODI,3,1,3,Batting,Pakistan,Winter,45591,No,17,4,12,3,3,6,3,52,3,2
Game_1665,0,30,Day,T20,2,1,2,Bowling,South Africa,Rainy,47593,No,21,3,10,0,3,10,8,92,4,2
Game_1666,0,30,Night,T20,3,1,2,Bowling,Bangladesh,Winter,114037,No,22,4,37,0,2,16,9,52,3,4
Game_1667,0,30,Day,ODI,4,1,2,Bowling,Srilanka,Rainy,18935,No,16,2,6,2,4,6,4,91,1,1
Game_1668,0,30,Day,ODI,3,1,3,Batting,England,Winter,72331,Yes,12,3,28,4,3,22,11,92,2,3
Game_1669,0,30,Day,ODI,3,1,2,Batting,Pakistan,Winter,31136,No,12,2,15,3,3,7,4,47,3,2
Game_1670,0,30,Day,ODI,4,1,4,Batting,Kenya,Rainy,47978,No,15,2,14,2,2,7,1,68,3,2
Game_1671,0,30,Day and Night,T20,4,1,1,Batting,South Africa,Rainy,67459,No,14,4,9,0,3,6,2,68,3,3
Game_1672,0,30,Day,T20,4,1,2,Batting,Zimbabwe,Rainy,37835,Yes,20,1,20,0,2,6,2,77,1,2
Game_1673,0,30,Day and Night,ODI,4,1,1,Bowling,West Indies,Rainy,110509,Yes,14,2,23,3,3,6,2,87,3,4
Game_1674,1,30,Day,Test,5,1,4,Bowling,Australia,Rainy,20692,No,17,3,2,4,3,6,0,89,4,1
Game_1675,0,30,Night,T20,4,1,3,Batting,South Africa,Rainy,36078,No,22,2,10,0,4,8,7,67,3,2
Game_1676,0,30,Day,ODI,4,1,4,Batting,Kenya,Rainy,48734,Yes,22,4,15,2,3,6,0,73,3,2
Game_1677,0,30,Day and Night,T20,4,1,1,Bowling,South Africa,Rainy,39725,No,20,3,7,0,3,7,7,92,3,2
Game_1678,0,30,Day and Night,T20,4,1,4,Bowling,South Africa,Summer,32536,No,13,3,4,0,4,6,0,79,3,2
Game_1679,0,30,Night,ODI,4,1,3,Bowling,Kenya,Rainy,20552,No,22,2,10,1,2,6,3,38,3,1
Game_1680,0,30,Day,ODI,4,1,2,Batting,Srilanka,Summer,14735,No,12,3,7,2,3,9,2,64,3,1
Game_1681,0,30,Day,ODI,2,1,4,Bowling,England,Winter,60046,No,14,3,12,4,2,9,8,82,3,3
Game_1682,0,27,Day,ODI,3,1,4,Bowling,Srilanka,Summer,27776,No,13,4,8,3,3,6,0,81,3,1
Game_1683,1,30,Day,T20,4,1,3,Bowling,South Africa,Summer,69349,Yes,12,3,7,0,2,6,2,82,2,2
Game_1684,0,30,Day,T20,3,1,1,Batting,South Africa,Winter,92575,No,12,4,25,0,3,19,17,45,4,4
Game_1685,0,30,Day,ODI,3,1,1,Batting,Bangladesh,Rainy,135744,No,13,4,21,2,3,16,12,81,2,5
Game_1686,0,30,Day,ODI,3,1,4,Bowling,West Indies,Rainy,137655,No,12,4,29,3,3,22,10,32,2,5
Game_1687,1,30,Day,T20,3,1,3,Batting,South Africa,Rainy,51198,No,21,3,0,0,3,8,7,64,3,3
Game_1688,0,30,Day,ODI,4,1,4,Bowling,Pakistan,Winter,27314,No,14,2,7,2,3,6,2,41,3,2
Game_1689,0,30,Day,ODI,4,1,2,Bowling,Kenya,Rainy,45000,No,20,2,19,2,4,6,2,98,2,1
Game_1690,1,30,Day,T20,3,1,2,Bowling,Zimbabwe,Summer,7567,No,13,3,1,0,2,6,0,89,3,1
Game_1691,0,30,Day,T20,4,1,2,Batting,South Africa,Rainy,39711,Yes,13,1,10,0,3,10,9,63,2,2
Game_1692,0,30,Day,ODI,3,1,2,Bowling,Srilanka,Winter,29379,No,11,1,10,2,3,10,8,89,3,2
Game_1693,0,30,Day,T20,3,1,3,Bowling,South Africa,Rainy,67991,Yes,13,4,9,0,3,6,3,64,3,3
Game_1694,0,30,Day,ODI,4,1,4,Bowling,Kenya,Rainy,29988,Yes,22,3,16,2,3,6,3,78,3,2
Game_1695,0,30,Day,ODI,2,1,4,Batting,England,Rainy,33516,Yes,11,4,4,2,3,6,2,44,2,2
Game_1696,0,30,Day,ODI,2,1,2,Batting,England,Rainy,41342,No,13,4,10,2,2,9,8,93,2,2
Game_1697,0,30,Day and Night,Test,1,1,2,Bowling,Australia,Summer,27202,No,21,4,10,2,2,10,1,94,2,2
Game_1698,0,30,Day,ODI,4,1,1,Bowling,Bangladesh,Winter,117761,No,11,1,22,3,3,19,7,98,3,4
Game_1699,0,30,Day and Night,ODI,3,1,4,Batting,Bangladesh,Winter,120218,No,11,2,24,3,3,22,17,58,3,4
Game_1700,0,30,Day,ODI,4,1,2,Bowling,Pakistan,Rainy,35231,No,15,4,10,5,3,6,0,78,4,2
Game_1701,1,30,Night,ODI,4,1,4,Bowling,Kenya,Rainy,16149,Yes,23,2,5,2,3,6,2,85,1,1
Game_1702,1,30,Day,ODI,2,1,1,Bowling,Srilanka,Summer,18109,No,16,4,5,3,3,6,2,97,3,1
Game_1703,0,30,Day,T20,2,1,3,Bowling,South Africa,Rainy,38549,No,16,3,12,0,1,6,2,33,2,2
Game_1704,0,30,Day,T20,3,1,3,Batting,South Africa,Summer,30751,No,21,3,14,0,3,9,4,54,3,2
Game_1705,0,30,Day,ODI,3,1,3,Bowling,West Indies,Rainy,93436,No,13,2,18,3,4,13,7,83,3,3
Game_1706,0,27,Day,T20,3,1,3,Batting,South Africa,Winter,46081,Yes,11,4,8,0,3,6,2,86,3,2
Game_1707,0,30,Day,T20,1,1,4,Batting,South Africa,Rainy,56721,Yes,12,3,9,0,2,6,2,75,2,2
Game_1708,0,30,Day,ODI,3,1,1,Batting,Srilanka,Winter,27846,No,12,2,4,0,2,6,2,62,4,1
Game_1709,0,30,Day and Night,ODI,4,1,2,Bowling,Pakistan,Summer,37793,No,12,3,12,3,3,6,2,44,3,2
Game_1710,0,30,Day,T20,4,1,2,Bowling,South Africa,Summer,38409,No,14,2,10,0,2,10,4,32,3,2
Game_1711,0,30,Night,T20,4,1,1,Batting,South Africa,Rainy,40152,No,19,3,0,0,3,6,2,32,1,2
Game_1712,0,30,Day and Night,ODI,4,1,3,Bowling,Pakistan,Rainy,40229,Yes,15,2,0,3,3,15,10,86,2,2
Game_1713,0,30,Night,ODI,4,1,3,Bowling,Kenya,Rainy,45000,No,18,3,0,4,4,8,7,64,3,2
Game_1714,0,30,Day,T20,5,1,4,Batting,South Africa,Rainy,37660,No,16,3,0,0,3,6,0,89,2,2
Game_1715,0,30,Day,ODI,2,1,1,Bowling,England,Rainy,36057,No,25,4,10,3,3,10,0,87,3,2
Game_1716,0,30,Day and Night,ODI,3,1,4,Batting,Kenya,Winter,14931,Yes,16,3,20,3,3,20,11,58,2,2
Game_1717,0,30,Day,T20,3,1,4,Batting,Bangladesh,Rainy,125125,Yes,13,3,29,0,2,6,0,72,3,4
Game_1718,1,30,Day and Night,ODI,2,1,1,Batting,Kenya,Summer,17024,Yes,14,1,8,2,3,6,1,47,4,1
Game_1719,0,30,Day,ODI,2,1,2,Bowling,Kenya,Winter,33397,No,19,4,10,0,4,6,2,71,3,1
Game_1720,0,30,Day and Night,ODI,1,1,2,Bowling,West Indies,Rainy,134127,No,15,4,28,3,3,6,4,42,3,5
Game_1721,0,30,Day,T20,4,1,2,Bowling,South Africa,Winter,35609,Yes,12,3,14,0,3,6,0,77,3,2
Game_1722,0,30,Day,T20,4,1,2,Bowling,South Africa,Rainy,38927,No,16,4,6,0,1,6,3,71,3,2
Game_1723,0,30,Night,ODI,2,1,3,Bowling,Kenya,Winter,21455,Yes,13,4,4,3,4,6,2,48,3,1
Game_1724,0,30,Night,ODI,4,1,1,Bowling,Srilanka,Rainy,19670,No,22,2,5,3,3,6,4,66,4,1
Game_1725,0,30,Day,T20,3,1,1,Bowling,South Africa,Summer,69216,No,21,1,14,0,2,14,8,32,3,3
Game_1726,0,30,Day,T20,4,1,4,Bowling,South Africa,Winter,60396,No,18,3,9,0,2,8,7,39,3,3
Game_1727,0,30,Night,ODI,4,1,3,Batting,Pakistan,Winter,46669,No,18,2,9,6,3,6,1,34,3,2
Game_1728,0,30,Day and Night,ODI,3,1,4,Bowling,Kenya,Summer,35021,No,21,2,10,6,3,9,8,48,1,2
Game_1729,0,30,Day,T20,3,1,1,Bowling,Zimbabwe,Summer,20006,No,14,1,20,0,2,6,0,59,2,1
Game_1730,0,30,Day,T20,3,1,3,Batting,South Africa,Rainy,36428,Yes,11,4,10,0,3,10,8,55,3,2
Game_1731,0,30,Day,ODI,4,1,4,Bowling,England,Summer,67753,No,24,2,8,1,3,6,0,56,2,2
Game_1732,1,30,Day and Night,T20,4,1,1,Bowling,South Africa,Rainy,39319,Yes,11,3,10,0,3,10,7,63,3,2
Game_1733,1,30,Day,T20,4,1,1,Bowling,South Africa,Summer,73136,Yes,13,2,15,0,2,6,2,66,3,3
Game_1734,0,30,Day,ODI,2,1,1,Batting,Kenya,Rainy,20279,No,11,3,9,6,2,6,3,32,3,2
Game_1735,0,30,Day and Night,ODI,2,1,4,Bowling,Pakistan,Winter,41776,No,20,3,9,2,3,9,7,36,3,2
Game_1736,0,30,Day,ODI,3,1,1,Bowling,Pakistan,Rainy,52570,No,17,2,10,1,3,10,9,30,3,3
Game_1737,0,30,Day and Night,Test,4,1,4,Bowling,Australia,Rainy,45000,Yes,11,2,7,2,3,6,2,88,3,1
Game_1738,0,30,Day,Test,4,1,3,Bowling,Bangladesh,Rainy,137452,Yes,18,1,35,0,3,10,9,71,4,5
Game_1739,0,30,Day,ODI,1,1,4,Batting,Srilanka,Winter,7903,Yes,11,3,1,4,3,6,0,59,1,1
Game_1740,0,30,Day,T20,4,1,2,Bowling,South Africa,Summer,93387,No,12,1,21,0,3,20,8,77,3,4
Game_1741,0,30,Night,ODI,2,1,4,Bowling,Kenya,Summer,30324,No,12,4,20,2,3,20,9,37,2,2
Game_1742,0,30,Night,ODI,3,1,3,Batting,West Indies,Rainy,77217,No,20,3,13,2,4,11,7,40,3,3
Game_1743,0,30,Day,ODI,3,1,3,Batting,England,Summer,31080,Yes,19,4,9,3,3,6,2,77,3,2
Game_1744,0,30,Day and Night,ODI,3,1,4,Batting,Srilanka,Rainy,44261,No,11,1,10,2,4,10,9,73,3,2
Game_1745,0,30,Day,T20,2,1,2,Batting,South Africa,Rainy,39739,No,14,3,15,0,3,11,8,92,3,2
Game_1746,0,30,Day,ODI,2,1,4,Bowling,Srilanka,Rainy,26236,No,13,3,12,6,2,12,8,76,3,1
Game_1747,0,30,Day,ODI,3,1,1,Bowling,Pakistan,Summer,60431,No,23,2,25,3,3,17,14,84,3,3
Game_1748,0,30,Night,ODI,2,1,2,Bowling,Srilanka,Winter,14056,No,12,3,1,2,0,6,1,59,2,1
Game_1749,0,30,Day,T20,4,1,4,Bowling,South Africa,Rainy,31080,No,15,1,16,0,3,15,13,86,3,2
Game_1750,0,30,Day,T20,2,1,1,Bowling,Zimbabwe,Rainy,21469,No,19,3,3,0,3,6,2,54,3,1
Game_1751,0,30,Day and Night,ODI,4,1,1,Bowling,England,Rainy,37247,No,11,4,10,1,3,8,3,72,2,2
Game_1752,0,30,Day,ODI,4,1,4,Bowling,Kenya,Summer,37870,Yes,17,3,9,3,2,9,3,35,3,2
Game_1753,0,30,Day,ODI,3,1,4,Bowling,Kenya,Rainy,19474,No,22,1,12,3,3,6,3,76,3,1
Game_1754,0,27,Night,ODI,3,1,3,Batting,West Indies,Rainy,83699,No,18,1,14,3,1,13,8,98,3,3
Game_1755,0,30,Day,ODI,4,1,4,Bowling,Srilanka,Rainy,18620,Yes,11,3,5,3,3,6,2,43,3,1
Game_1756,0,30,Day,ODI,4,1,2,Bowling,Kenya,Summer,35686,No,19,2,10,5,3,10,7,48,3,2
Game_1757,0,30,Day,ODI,2,1,2,Batting,Pakistan,Rainy,34146,Yes,13,1,10,6,3,9,7,95,3,2
Game_1758,0,30,Day,ODI,4,1,3,Batting,Srilanka,Summer,19859,No,13,3,6,3,3,6,2,32,2,1
Game_1759,0,30,Day,ODI,4,1,1,Batting,Srilanka,Rainy,16842,No,19,3,8,3,2,6,0,83,3,1
Game_1760,0,30,Day,T20,4,1,2,Bowling,Pakistan,Rainy,15883,No,14,2,3,0,3,6,2,68,2,1
Game_1761,0,30,Day,ODI,1,1,1,Bowling,Kenya,Summer,45000,No,13,1,18,2,3,7,7,52,3,2
Game_1762,0,30,Day,ODI,3,1,2,Batting,West Indies,Rainy,92442,No,12,1,20,3,3,18,16,99,1,3
Game_1763,0,30,Day,T20,4,1,3,Batting,South Africa,Rainy,72954,No,19,3,14,0,3,14,10,48,3,3
Game_1764,0,30,Day,ODI,3,1,3,Batting,West Indies,Rainy,96208,Yes,25,1,16,2,3,16,11,42,4,3
Game_1765,0,30,Night,T20,4,1,1,Bowling,Zimbabwe,Winter,24374,No,15,2,16,0,2,9,8,40,3,1
Game_1766,0,30,Day,ODI,3,1,2,Bowling,Kenya,Summer,17052,Yes,12,3,6,2,3,6,3,42,3,1
Game_1767,0,30,Night,ODI,3,1,4,Bowling,Bangladesh,Summer,136017,No,13,3,21,3,2,6,0,87,3,5
Game_1768,0,30,Day,T20,3,1,1,Batting,South Africa,Rainy,53508,No,19,3,10,0,3,9,7,94,2,3
Game_1769,0,30,Day and Night,ODI,2,1,4,Batting,England,Winter,35917,No,13,2,18,3,3,6,2,97,3,2
Game_1770,0,30,Night,ODI,4,1,3,Bowling,Pakistan,Winter,44142,No,21,1,13,2,2,13,12,57,3,2
Game_1771,0,30,Day,ODI,3,1,1,Bowling,Bangladesh,Rainy,132160,No,11,1,24,2,2,22,6,56,3,5
Game_1772,1,30,Day,ODI,2,1,4,Bowling,Srilanka,Rainy,16373,No,11,4,14,4,0,10,9,72,3,1
Game_1773,0,30,Day,ODI,4,1,1,Batting,England,Rainy,94990,No,23,3,21,3,3,20,7,60,2,4
Game_1774,0,30,Day,T20,3,1,4,Batting,South Africa,Rainy,46984,No,21,4,8,0,3,8,7,95,2,2
Game_1775,0,30,Night,T20,4,1,4,Bowling,South Africa,Winter,37842,No,24,1,15,0,2,15,12,88,1,2
Game_1776,0,30,Day,T20,3,1,3,Bowling,South Africa,Summer,62566,No,11,3,14,0,3,9,4,57,2,2
Game_1777,0,30,Day,ODI,3,1,4,Bowling,Kenya,Summer,17073,No,14,4,4,4,3,6,2,78,3,1
Game_1778,0,27,Day,Test,3,1,3,Batting,Australia,Summer,61859,Yes,16,3,9,2,3,9,0,31,3,3
Game_1779,0,30,Day,T20,2,1,1,Batting,South Africa,Rainy,37401,No,11,3,10,0,3,10,7,100,3,2
Game_1780,1,30,Day,T20,4,1,2,Bowling,South Africa,Winter,47096,No,12,4,12,0,3,6,3,94,3,2
Game_1781,0,30,Day,T20,4,1,2,Batting,South Africa,Rainy,46564,No,13,1,8,0,2,6,3,100,2,2
Game_1782,0,30,Day,T20,3,1,4,Batting,South Africa,Summer,33950,No,15,3,8,0,3,6,3,32,3,2
Game_1783,0,30,Day,ODI,4,1,3,Bowling,Kenya,Summer,19663,No,14,4,8,2,3,6,2,52,2,1
Game_1784,0,30,Day and Night,ODI,4,1,3,Bowling,Pakistan,Rainy,39823,Yes,14,4,10,2,4,10,2,80,3,2
Game_1785,0,30,Day,ODI,4,1,3,Batting,Kenya,Rainy,45000,No,14,2,20,2,3,6,3,98,3,1
Game_1786,0,30,Day,ODI,4,1,3,Batting,Kenya,Rainy,20839,No,12,4,4,5,3,6,3,62,1,1
Game_1787,1,30,Day,T20,3,1,4,Bowling,South Africa,Winter,75978,Yes,13,2,20,0,3,6,2,39,2,3
Game_1788,0,30,Day,T20,1,1,2,Batting,South Africa,Rainy,84217,No,11,1,21,0,2,20,9,60,2,4
Game_1789,0,30,Night,ODI,3,1,2,Bowling,England,Summer,69552,No,19,2,10,2,3,9,4,74,3,2
Game_1790,0,30,Day and Night,ODI,2,1,3,Bowling,Srilanka,Rainy,17997,No,17,3,17,3,3,6,2,41,4,2
Game_1791,0,30,Day,ODI,1,1,4,Bowling,Pakistan,Rainy,69937,No,15,1,9,5,3,7,7,42,2,3
Game_1792,0,30,Day and Night,T20,3,1,4,Bowling,South Africa,Rainy,37730,No,14,4,17,0,2,9,6,63,2,2
Game_1793,0,30,Day,ODI,3,1,2,Bowling,Srilanka,Rainy,30828,No,12,1,6,3,4,6,3,82,4,2
Game_1794,1,30,Day,T20,2,1,2,Batting,South Africa,Summer,41951,Yes,11,1,8,0,1,6,4,94,3,2
Game_1795,0,30,Day and Night,ODI,1,1,3,Bowling,Kenya,Rainy,35910,No,23,4,10,3,3,10,7,61,2,2
Game_1796,1,30,Day,ODI,2,1,4,Bowling,Srilanka,Summer,14630,Yes,15,2,7,3,0,6,0,92,2,1
Game_1797,0,30,Day and Night,ODI,4,1,4,Batting,Kenya,Rainy,20363,Yes,11,3,8,3,3,8,7,56,3,1
Game_1798,0,30,Day and Night,ODI,2,1,4,Bowling,Srilanka,Summer,21476,No,13,3,8,2,2,7,7,79,3,1
Game_1799,0,30,Day,ODI,3,1,3,Batting,Srilanka,Rainy,18690,Yes,20,1,12,3,2,6,0,81,4,1
Game_1800,0,30,Day,ODI,1,1,4,Bowling,Srilanka,Summer,18851,No,22,2,1,2,3,6,0,67,3,1
Game_1801,0,30,Day and Night,ODI,3,1,4,Bowling,England,Summer,66682,No,21,2,10,2,3,9,7,44,2,3
Game_1802,0,27,Day,ODI,3,1,3,Bowling,Pakistan,Rainy,36659,No,13,2,17,3,2,7,7,94,3,2
Game_1803,0,30,Day,ODI,3,1,1,Bowling,Srilanka,Rainy,16982,No,13,3,6,5,3,6,4,84,4,1
Game_1804,0,30,Day,ODI,1,1,1,Bowling,Kenya,Winter,20377,No,17,4,5,1,2,6,2,31,3,1
Game_1805,0,30,Day,ODI,2,1,2,Bowling,Srilanka,Winter,18627,No,11,3,3,2,3,6,2,93,3,1
Game_1806,0,30,Day,ODI,2,1,1,Bowling,Kenya,Winter,23086,Yes,12,4,7,5,2,6,2,32,4,1
Game_1807,0,30,Day,T20,4,1,1,Batting,Bangladesh,Rainy,107989,No,16,3,31,0,3,25,8,78,2,4
Game_1808,0,30,Day,ODI,3,1,4,Bowling,Pakistan,Summer,27608,Yes,11,3,6,3,3,6,2,45,3,1
Game_1809,1,30,Day,T20,4,1,3,Bowling,Zimbabwe,Summer,23849,No,23,2,10,0,3,6,3,82,2,1
Game_1810,0,30,Day,ODI,4,1,1,Batting,West Indies,Summer,83958,No,11,3,13,4,3,12,6,53,3,3
Game_1811,1,30,Day,ODI,1,1,2,Bowling,Kenya,Summer,20720,No,11,3,8,2,3,6,2,83,3,1
Game_1812,0,30,Day,ODI,3,1,3,Batting,Bangladesh,Winter,133658,No,11,4,26,3,2,14,13,58,3,5
Game_1813,1,30,Day and Night,ODI,1,1,2,Batting,Kenya,Summer,27433,Yes,22,2,10,5,3,10,2,72,1,1
Game_1814,0,30,Day,ODI,4,1,3,Bowling,South Africa,Rainy,47775,No,11,4,10,2,3,9,7,48,3,2
Game_1815,0,30,Day,ODI,4,1,1,Batting,Pakistan,Rainy,71736,No,14,4,24,4,3,22,6,42,2,3
Game_1816,0,30,Day,T20,4,1,2,Batting,Bangladesh,Summer,132629,No,12,4,22,0,2,6,2,83,3,5
Game_1817,0,30,Day,ODI,3,1,3,Bowling,Srilanka,Summer,17472,No,11,4,7,3,3,6,1,78,3,1
Game_1818,0,30,Day,ODI,4,1,4,Bowling,Pakistan,Rainy,45255,Yes,13,4,9,5,4,6,2,41,3,2
Game_1819,0,30,Day,ODI,2,1,4,Bowling,Srilanka,Summer,15442,No,13,1,10,5,3,10,0,83,2,1
Game_1820,1,30,Day,T20,3,1,4,Bowling,Zimbabwe,Rainy,14602,No,14,3,19,0,4,6,0,56,3,2
Game_1821,0,30,Day,ODI,2,1,4,Batting,Kenya,Winter,18515,No,12,4,6,3,2,6,3,72,4,1
Game_1822,1,30,Day,T20,2,1,1,Bowling,Zimbabwe,Rainy,18781,Yes,14,3,3,0,3,6,2,86,2,1
Game_1823,0,30,Day,T20,3,1,4,Batting,Zimbabwe,Rainy,14098,No,13,1,2,0,3,6,2,97,3,1
Game_1824,0,30,Day,ODI,4,1,2,Batting,Kenya,Summer,23933,Yes,14,4,6,3,4,9,1,82,2,1
Game_1825,0,30,Day and Night,T20,3,1,3,Batting,South Africa,Rainy,37632,No,19,1,10,0,3,6,3,42,4,2
Game_1826,0,30,Day,ODI,3,1,3,Bowling,Srilanka,Winter,13657,No,12,3,1,3,3,6,0,75,3,1
Game_1827,0,30,Day and Night,ODI,2,1,3,Batting,Srilanka,Summer,28077,No,23,4,12,2,3,12,8,58,3,2
Game_1828,1,30,Day,ODI,3,1,2,Batting,West Indies,Rainy,136815,No,12,4,23,0,3,22,15,49,3,5
Game_1829,0,30,Night,T20,4,1,2,Bowling,South Africa,Summer,31976,No,20,3,10,0,3,9,5,72,3,2
Game_1830,0,30,Day,ODI,2,1,3,Bowling,Kenya,Rainy,21154,No,21,1,8,1,3,6,0,32,3,1
Game_1831,0,30,Day and Night,T20,4,1,1,Batting,South Africa,Summer,40404,Yes,21,3,14,0,3,9,6,98,3,2
Game_1832,0,30,Day,ODI,1,1,4,Bowling,Srilanka,Rainy,15883,No,19,4,1,2,3,6,0,36,4,1
Game_1833,1,30,Day,ODI,2,1,1,Bowling,Srilanka,Summer,45000,Yes,13,4,23,2,3,6,0,98,2,3
Game_1834,0,30,Day,T20,5,1,2,Batting,South Africa,Winter,38178,Yes,21,3,9,0,2,6,3,75,3,2
Game_1835,0,30,Night,ODI,2,1,3,Bowling,Pakistan,Rainy,69188,Yes,13,3,10,3,3,6,0,79,2,3
Game_1836,0,30,Day and Night,ODI,2,1,1,Batting,West Indies,Summer,94206,Yes,12,3,15,1,3,15,14,98,3,3
Game_1837,0,30,Day and Night,T20,5,1,2,Bowling,South Africa,Rainy,63483,No,22,4,9,0,2,9,8,71,3,3
Game_1838,0,30,Day,ODI,4,1,3,Batting,Srilanka,Rainy,28098,Yes,15,3,4,3,3,6,2,30,3,1
Game_1839,0,30,Day,ODI,4,1,4,Bowling,Srilanka,Winter,41405,No,22,4,10,3,2,7,7,48,3,2
Game_1840,0,30,Day,ODI,4,1,1,Bowling,England,Winter,41951,No,18,3,7,2,4,7,5,51,2,2
Game_1841,0,30,Day,ODI,3,1,1,Bowling,England,Rainy,43134,Yes,22,2,9,3,3,9,8,33,3,2
Game_1842,0,30,Day and Night,ODI,5,1,4,Batting,Srilanka,Summer,16842,No,11,4,10,2,3,10,3,50,3,2
Game_1843,0,30,Day,ODI,2,1,2,Batting,West Indies,Winter,131180,Yes,12,4,29,2,2,27,3,43,2,5
Game_1844,0,30,Day,T20,3,1,1,Batting,South Africa,Summer,53459,No,11,4,28,0,0,21,16,99,3,3
Game_1845,0,30,Day,ODI,3,1,3,Batting,Pakistan,Winter,70672,No,13,2,17,2,3,17,14,59,3,3
Game_1846,0,30,Day,ODI,3,1,4,Batting,Bangladesh,Winter,103292,No,14,3,21,2,3,6,0,33,3,4
Game_1847,0,30,Day and Night,ODI,3,1,2,Bowling,England,Summer,45493,No,13,3,6,3,3,6,5,95,2,2
Game_1848,0,30,Day,ODI,3,1,2,Bowling,Kenya,Summer,68068,No,17,3,25,2,3,9,0,59,3,3
Game_1849,0,30,Day and Night,ODI,3,1,2,Bowling,Kenya,Rainy,15358,No,13,4,5,2,2,6,2,79,3,1
Game_1850,1,30,Day,ODI,3,1,4,Bowling,Kenya,Rainy,23716,Yes,17,1,2,0,2,6,0,79,2,1
Game_1851,0,30,Day and Night,T20,1,1,1,Batting,South Africa,Summer,38311,No,11,4,20,0,2,6,3,57,2,2
Game_1852,0,30,Day,ODI,4,1,3,Bowling,Kenya,Summer,17507,No,17,2,1,4,3,6,1,87,3,1
Game_1853,0,30,Day,ODI,3,1,2,Bowling,Kenya,Rainy,43540,No,17,2,10,3,3,10,4,66,3,2
Game_1854,0,30,Day,ODI,3,1,2,Batting,Srilanka,Rainy,21266,No,12,2,5,3,3,6,0,55,4,1
Game_1855,0,30,Day,ODI,4,1,3,Batting,England,Summer,30968,No,23,4,11,2,3,11,7,61,3,2
Game_1856,0,30,Day,T20,4,1,3,Bowling,Pakistan,Summer,30184,No,14,2,16,0,3,15,13,32,2,2
Game_1857,0,30,Day,ODI,4,1,4,Bowling,West Indies,Rainy,45000,Yes,14,2,17,3,4,6,0,52,3,3
Game_1858,0,30,Day,ODI,4,1,1,Bowling,West Indies,Summer,95648,No,13,1,16,3,4,6,2,30,3,3
Game_1859,0,30,Day,Test,2,1,2,Bowling,Australia,Winter,35147,Yes,22,4,16,2,3,6,2,80,3,2
Game_1860,0,30,Day,ODI,1,1,4,Bowling,Srilanka,Rainy,35882,Yes,12,3,10,1,2,10,8,55,2,2
Game_1861,0,30,Day,ODI,3,1,2,Bowling,Kenya,Summer,20013,No,18,1,6,3,3,6,4,30,2,1
Game_1862,0,30,Day,ODI,2,1,1,Bowling,South Africa,Rainy,71673,No,14,4,24,4,3,6,0,70,3,3
Game_1863,0,30,Night,ODI,3,1,2,Batting,Kenya,Winter,37303,Yes,12,4,17,3,3,13,11,79,1,2
Game_1864,0,30,Day,ODI,2,1,1,Bowling,England,Rainy,30275,No,15,3,5,2,3,6,2,94,3,2
Game_1865,0,30,Day,ODI,3,1,4,Bowling,England,Summer,50820,No,11,1,37,3,2,6,4,49,1,3
Game_1866,0,30,Day,ODI,4,1,4,Bowling,Srilanka,Rainy,14525,No,23,2,10,4,3,6,2,96,3,1
Game_1867,0,30,Day,ODI,3,1,3,Bowling,Pakistan,Rainy,29064,No,19,1,11,3,3,11,10,99,2,2
Game_1868,1,30,Day,T20,2,1,3,Bowling,South Africa,Summer,67333,No,16,4,9,0,0,9,8,64,2,3
Game_1869,0,30,Day and Night,ODI,4,1,3,Bowling,Pakistan,Rainy,94521,No,22,4,22,3,2,22,3,78,2,4
Game_1870,0,30,Day,T20,4,1,3,Bowling,South Africa,Summer,38087,No,22,4,11,0,1,10,7,71,3,2
Game_1871,0,30,Day,T20,2,1,3,Batting,South Africa,Winter,36463,Yes,12,2,11,0,2,11,8,63,2,2
Game_1872,0,30,Day and Night,ODI,3,1,3,Bowling,Pakistan,Rainy,74711,Yes,13,3,21,5,2,9,9,40,2,3
Game_1873,0,30,Day,T20,4,1,2,Bowling,South Africa,Summer,35070,No,16,1,12,0,3,11,8,87,3,2
Game_1874,0,27,Day,ODI,3,1,1,Batting,West Indies,Rainy,94843,No,12,1,16,5,1,6,3,60,3,3
Game_1875,0,30,Day,T20,4,1,4,Bowling,South Africa,Summer,97104,No,13,3,38,0,2,37,10,37,3,4
Game_1876,0,30,Day,ODI,3,1,2,Bowling,Srilanka,Rainy,14294,No,12,3,17,3,4,6,2,67,3,2
Game_1877,1,30,Day,Test,4,1,3,Bowling,Australia,Winter,14511,Yes,22,4,7,3,3,6,2,63,3,1
Game_1878,0,30,Day,ODI,1,1,4,Bowling,Kenya,Summer,20692,No,13,4,1,2,3,6,0,32,3,1
Game_1879,0,30,Day,ODI,4,1,1,Batting,Kenya,Summer,33663,No,14,3,16,3,3,16,13,41,3,2
Game_1880,0,30,Night,ODI,2,1,3,Bowling,Pakistan,Winter,36141,No,14,4,17,2,4,6,0,100,2,2
Game_1881,0,30,Night,Test,4,1,3,Batting,Bangladesh,Rainy,45000,No,21,4,30,3,3,6,2,32,2,5
Game_1882,0,30,Day and Night,ODI,3,1,1,Batting,West Indies,Rainy,127204,Yes,19,1,28,1,2,8,3,73,3,5
Game_1883,0,30,Day and Night,ODI,4,1,1,Batting,Pakistan,Summer,52388,No,20,3,23,1,2,13,12,30,2,3
Game_1884,1,30,Day and Night,ODI,3,1,1,Bowling,Srilanka,Summer,42518,Yes,24,4,9,3,3,9,7,66,1,2
Game_1885,0,30,Night,Test,3,1,4,Batting,Bangladesh,Summer,121296,Yes,12,3,23,3,3,6,3,30,4,4
Game_1886,0,30,Day,ODI,4,1,3,Batting,Kenya,Winter,31535,No,15,3,12,3,3,6,0,45,2,2
Game_1887,0,30,Day,T20,3,1,3,Bowling,South Africa,Summer,51996,No,12,1,12,0,3,6,3,87,3,3
Game_1888,0,30,Day,ODI,3,1,3,Batting,Bangladesh,Summer,81417,No,12,4,14,6,3,11,10,45,2,3
Game_1889,0,30,Day and Night,T20,2,1,2,Batting,South Africa,Rainy,68166,No,14,3,10,0,3,9,7,92,3,3
Game_1890,0,30,Day,ODI,2,1,1,Batting,Srilanka,Winter,19845,No,22,1,7,2,3,6,0,39,3,1
Game_1891,0,30,Day and Night,T20,2,1,3,Bowling,Bangladesh,Rainy,118713,Yes,12,4,25,0,4,25,12,92,3,4
Game_1892,0,30,Day and Night,ODI,3,1,1,Bowling,Kenya,Winter,18291,No,25,3,10,2,0,10,7,96,1,1
Game_1893,0,30,Night,T20,2,1,3,Bowling,South Africa,Rainy,43022,No,13,1,8,0,4,7,7,95,3,2
Game_1894,1,30,Day,ODI,4,1,2,Batting,Kenya,Rainy,34741,No,18,1,7,2,3,6,4,72,3,1
Game_1895,0,30,Day,ODI,3,1,1,Bowling,West Indies,Summer,136759,No,13,3,23,5,3,20,18,51,3,5
Game_1896,1,30,Day,T20,4,1,2,Bowling,South Africa,Summer,43204,Yes,18,2,12,0,2,7,7,76,1,2
Game_1897,1,30,Day,ODI,4,1,4,Batting,Pakistan,Rainy,72184,No,12,4,40,3,2,40,10,94,3,3
Game_1898,0,27,Day,ODI,3,1,3,Batting,England,Rainy,45969,No,14,3,16,2,2,15,11,96,3,2
Game_1899,0,30,Day and Night,ODI,3,1,2,Batting,Kenya,Summer,33173,No,12,4,18,2,3,6,2,72,4,1
Game_1900,0,30,Day,T20,3,1,3,Batting,South Africa,Summer,64456,No,11,4,16,0,3,6,2,77,3,3
Game_1901,1,30,Day,T20,3,1,2,Batting,South Africa,Rainy,31913,Yes,11,3,4,0,3,6,2,71,1,2
Game_1902,0,30,Day,T20,1,1,3,Bowling,South Africa,Winter,57323,Yes,13,3,12,0,3,9,7,32,3,3
Game_1903,0,30,Day,ODI,2,1,2,Batting,England,Winter,34587,No,20,4,7,0,3,6,2,84,3,2
Game_1904,1,30,Day and Night,ODI,4,1,1,Bowling,Pakistan,Summer,74550,No,15,4,18,2,3,6,2,53,1,3
Game_1905,0,30,Day,T20,4,1,4,Batting,South Africa,Rainy,41314,No,14,3,17,0,4,15,11,47,2,2
Game_1906,0,30,Day,Test,3,1,3,Bowling,Australia,Rainy,44429,Yes,19,4,12,2,1,11,9,48,3,2
Game_1907,1,30,Day,ODI,3,1,1,Batting,Srilanka,Summer,29400,No,22,1,10,2,4,6,4,41,3,1
Game_1908,0,30,Day,ODI,3,1,3,Bowling,Kenya,Summer,24164,No,13,2,9,2,2,6,5,83,3,1
Game_1909,0,30,Day,ODI,5,1,4,Batting,Kenya,Summer,30219,Yes,20,2,19,2,3,6,2,32,3,2
Game_1910,0,30,Day,ODI,3,1,1,Batting,Kenya,Summer,18424,No,14,3,5,4,2,6,4,75,3,1
Game_1911,0,30,Day and Night,T20,2,1,4,Bowling,South Africa,Winter,32676,No,17,4,9,0,4,8,7,35,1,2
Game_1912,0,30,Day,ODI,3,1,4,Batting,Kenya,Winter,22428,No,14,4,8,3,3,6,2,84,3,1
Game_1913,0,30,Day,ODI,1,1,2,Bowling,Srilanka,Summer,19040,No,13,4,6,3,3,6,3,35,2,1
Game_1914,0,30,Day and Night,ODI,3,1,4,Bowling,Bangladesh,Winter,120267,No,13,2,21,2,2,7,6,91,2,4
Game_1915,0,30,Day,ODI,4,1,3,Bowling,Srilanka,Rainy,15666,No,21,4,7,2,3,6,0,94,3,1
Game_1916,0,30,Day and Night,ODI,3,1,2,Batting,Kenya,Winter,39235,No,11,1,20,2,0,20,7,54,3,2
Game_1917,0,30,Day,T20,5,1,3,Bowling,South Africa,Rainy,51065,No,13,1,10,0,3,10,8,94,3,3
Game_1918,0,30,Day,T20,2,1,2,Bowling,Zimbabwe,Rainy,16142,No,20,4,13,0,1,7,7,34,3,2
Game_1919,0,30,Day,ODI,3,1,2,Bowling,Srilanka,Winter,16436,No,18,3,20,2,1,17,9,60,3,2
Game_1920,0,30,Day and Night,T20,3,1,2,Batting,South Africa,Summer,62986,No,14,4,9,0,3,9,8,43,3,3
Game_1921,0,30,Day,ODI,4,1,2,Bowling,England,Rainy,42924,No,17,3,10,2,3,6,0,34,2,2
Game_1922,0,27,Day,ODI,3,1,2,Batting,Kenya,Rainy,23422,Yes,20,2,9,3,2,6,0,75,2,1
Game_1923,0,30,Day,T20,4,1,3,Bowling,South Africa,Rainy,75985,No,11,1,15,0,2,12,11,67,2,3
Game_1924,0,30,Day and Night,T20,4,1,3,Batting,Zimbabwe,Rainy,15617,No,18,4,6,0,3,6,3,75,3,1
Game_1925,0,30,Day,ODI,2,1,3,Bowling,Pakistan,Winter,66073,Yes,16,2,12,2,1,6,3,83,4,3
Game_1926,0,30,Day,ODI,3,1,3,Batting,Bangladesh,Summer,139482,No,15,2,21,5,3,6,4,32,3,5
Game_1927,0,30,Day,ODI,3,1,1,Batting,Kenya,Winter,17157,No,12,1,13,2,3,9,8,56,3,1
Game_1928,0,30,Day,T20,3,1,2,Batting,Pakistan,Rainy,65933,No,12,3,12,0,3,10,9,41,3,3
Game_1929,0,30,Day,T20,4,1,1,Batting,South Africa,Summer,45000,No,22,3,12,0,4,8,3,59,2,2
Game_1930,0,30,Day,ODI,5,1,3,Bowling,Kenya,Summer,21266,No,20,1,8,2,3,6,4,43,3,1
Game_1931,0,30,Day and Night,ODI,2,1,4,Bowling,Srilanka,Summer,14616,No,12,3,13,3,2,8,7,30,3,1
Game_1932,0,30,Night,ODI,3,1,3,Bowling,Srilanka,Winter,21504,No,11,3,12,4,3,12,9,66,3,2
Game_1933,0,30,Day,T20,2,1,3,Batting,South Africa,Winter,35042,Yes,11,1,9,0,4,6,4,30,3,2
Game_1934,0,30,Day,ODI,3,1,3,Batting,Kenya,Winter,29799,Yes,18,3,19,3,3,6,2,67,3,1
Game_1935,0,30,Day,ODI,3,1,3,Bowling,Kenya,Summer,17500,No,14,1,4,2,4,6,1,90,3,1
Game_1936,0,30,Day,T20,2,1,2,Batting,South Africa,Winter,73171,No,25,3,24,0,3,24,13,92,3,3
Game_1937,0,30,Day,ODI,2,1,3,Batting,Srilanka,Summer,16016,No,12,3,2,3,3,6,2,75,3,1
Game_1938,0,30,Day,ODI,1,1,3,Batting,Kenya,Rainy,27503,Yes,23,3,7,0,3,6,2,95,3,1
Game_1939,0,30,Day,ODI,2,1,4,Batting,Kenya,Summer,16177,No,15,4,9,3,3,6,2,95,3,1
Game_1940,1,30,Day,T20,2,1,2,Batting,Zimbabwe,Summer,21980,Yes,22,4,4,0,2,6,3,70,3,1
Game_1941,0,30,Day,ODI,3,1,3,Bowling,Srilanka,Rainy,25830,No,15,4,5,2,2,6,2,86,2,1
Game_1942,0,30,Day,ODI,2,1,4,Batting,England,Winter,31150,No,11,3,5,3,3,6,2,57,4,2
Game_1943,0,30,Day,ODI,3,1,4,Batting,Kenya,Rainy,19292,No,13,4,8,5,3,8,7,72,3,1
Game_1944,0,30,Day,ODI,1,1,4,Batting,Bangladesh,Rainy,133231,No,14,2,21,2,3,20,8,46,3,5
Game_1945,0,30,Day,ODI,4,1,3,Bowling,West Indies,Summer,131054,No,11,4,36,3,3,24,15,61,4,5
Game_1946,0,27,Day and Night,ODI,3,1,4,Bowling,England,Rainy,66829,No,17,3,10,2,2,10,9,45,2,2
Game_1947,0,30,Day,ODI,3,1,4,Batting,Pakistan,Summer,96138,No,18,3,21,6,3,7,7,98,3,4
Game_1948,0,30,Day,ODI,4,1,3,Bowling,Bangladesh,Rainy,1399930,No,14,1,34,5,3,33,18,65,2,5
Game_1949,1,30,Day,ODI,2,1,2,Bowling,England,Rainy,41412,Yes,13,1,8,1,3,6,0,50,2,2
Game_1950,0,30,Night,ODI,3,1,4,Bowling,Kenya,Winter,14623,No,14,4,7,3,4,6,4,37,4,1
Game_1951,0,30,Night,ODI,2,1,1,Batting,Bangladesh,Rainy,117544,No,23,4,22,1,3,20,8,65,2,4
Game_1952,0,30,Day,ODI,3,1,2,Bowling,Kenya,Rainy,24948,Yes,12,1,8,3,2,8,7,65,4,1
Game_1953,0,30,Day and Night,ODI,3,1,2,Batting,Srilanka,Summer,30975,No,11,4,10,5,3,6,2,37,3,2
Game_1954,0,30,Night,ODI,2,1,3,Batting,England,Winter,36855,No,16,2,11,5,3,6,3,36,3,2
Game_1955,0,30,Day,ODI,4,1,4,Bowling,England,Rainy,45871,No,14,2,14,3,3,6,0,88,3,2
Game_1956,0,30,Day,ODI,3,1,4,Bowling,England,Rainy,43827,No,18,1,9,3,1,7,7,54,3,2
Game_1957,0,30,Night,ODI,4,1,4,Bowling,England,Winter,47628,Yes,15,1,7,0,3,7,7,92,3,2
Game_1958,0,30,Day and Night,ODI,4,1,4,Bowling,Kenya,Winter,26705,Yes,17,4,5,4,4,6,3,43,3,1
Game_1959,0,30,Day,ODI,2,1,3,Bowling,Srilanka,Rainy,19187,Yes,15,3,15,2,4,7,2,99,3,2
Game_1960,1,30,Day,ODI,1,1,2,Bowling,Pakistan,Rainy,46711,Yes,19,2,17,2,3,6,0,70,3,2
Game_1961,0,30,Day and Night,ODI,1,1,2,Batting,Srilanka,Summer,15071,No,13,1,8,2,3,8,1,73,3,1
Game_1962,0,30,Night,ODI,5,1,4,Bowling,Pakistan,Rainy,34132,No,14,4,5,5,1,6,2,63,2,2
Game_1963,0,30,Day,ODI,4,1,4,Bowling,Pakistan,Winter,65772,No,16,3,17,3,3,6,2,97,3,3
Game_1964,1,30,Day,T20,4,1,4,Bowling,South Africa,Rainy,72800,No,11,3,14,0,0,14,8,32,1,3
Game_1965,0,30,Night,ODI,1,1,3,Bowling,England,Summer,59318,No,22,3,12,2,3,11,8,88,2,3
Game_1966,0,30,Day,ODI,4,1,2,Bowling,West Indies,Rainy,87430,No,16,4,16,5,1,10,9,81,2,3
Game_1967,1,30,Day,ODI,3,1,4,Batting,Kenya,Summer,18599,Yes,11,3,8,5,3,6,2,88,3,1
Game_1968,0,30,Day,T20,3,1,4,Batting,Bangladesh,Summer,95137,Yes,18,3,16,0,3,9,0,75,3,3
Game_1969,1,30,Day and Night,T20,4,1,3,Batting,South Africa,Summer,46872,No,15,3,9,0,2,6,3,52,2,2
Game_1970,0,30,Night,T20,3,1,4,Batting,South Africa,Summer,62055,No,12,4,23,0,3,19,7,57,2,3
Game_1971,0,30,Day,T20,3,1,4,Batting,South Africa,Rainy,41580,No,14,4,16,0,3,6,2,52,3,2
Game_1972,0,30,Day,ODI,2,1,4,Bowling,Srilanka,Summer,41398,No,16,4,16,3,4,13,11,62,3,2
Game_1973,0,30,Day,ODI,4,1,3,Batting,Kenya,Rainy,18354,No,21,4,7,3,3,6,2,47,2,1
Game_1974,0,30,Day and Night,ODI,3,1,2,Bowling,West Indies,Winter,85295,Yes,14,3,10,1,3,10,8,32,3,3
Game_1975,0,30,Day,T20,3,1,1,Batting,South Africa,Winter,74263,No,12,3,17,0,2,16,10,76,3,3
Game_1976,0,30,Night,ODI,4,1,3,Bowling,Pakistan,Rainy,30415,No,12,4,6,2,3,6,4,90,1,2
Game_1977,0,30,Day,ODI,3,1,3,Bowling,Kenya,Rainy,45000,No,17,1,7,6,3,6,0,70,2,1
Game_1978,0,30,Day and Night,T20,4,1,1,Bowling,Zimbabwe,Winter,19551,No,17,3,13,0,3,9,8,41,3,1
Game_1979,0,30,Day and Night,T20,3,1,3,Batting,South Africa,Summer,61523,No,14,1,10,0,4,10,7,92,3,3
Game_1980,0,30,Day,ODI,3,1,3,Batting,Srilanka,Summer,22484,No,15,2,6,3,2,6,2,89,2,1
Game_1981,0,30,Day,ODI,2,1,3,Bowling,Bangladesh,Rainy,134624,No,11,4,22,3,3,22,17,58,3,5
Game_1982,0,30,Day,ODI,2,1,2,Bowling,Australia,Rainy,15869,No,17,4,7,2,2,6,2,52,3,1
Game_1983,0,30,Day,ODI,4,1,4,Batting,Bangladesh,Winter,136619,No,11,3,32,3,2,7,0,68,3,5
Game_1984,1,30,Day,ODI,3,1,3,Bowling,Srilanka,Rainy,17052,Yes,13,3,8,2,1,6,4,58,3,1
Game_1985,0,30,Day,ODI,3,1,4,Batting,Bangladesh,Rainy,112448,Yes,22,3,22,3,3,17,13,80,3,4
Game_1986,1,30,Day,ODI,2,1,1,Batting,Srilanka,Rainy,18949,No,20,1,13,3,4,9,7,39,3,1
Game_1987,0,30,Night,T20,4,1,1,Bowling,Bangladesh,Summer,133476,Yes,18,4,33,0,4,33,7,79,2,5
Game_1988,0,30,Day,T20,2,1,3,Batting,Zimbabwe,Rainy,27517,No,11,1,6,0,3,6,3,56,3,1
Game_1989,1,30,Day,ODI,3,1,4,Bowling,Srilanka,Summer,26110,Yes,14,4,4,2,1,6,2,62,2,1
Game_1990,0,30,Day,ODI,4,1,3,Batting,Srilanka,Winter,15624,No,14,3,7,1,3,6,2,96,3,1
Game_1991,0,30,Night,T20,4,1,3,Bowling,South Africa,Rainy,31255,No,18,1,4,0,3,6,2,100,3,2
Game_1992,0,30,Day,ODI,2,1,3,Bowling,Kenya,Summer,21504,No,16,1,17,2,2,9,0,36,3,2
Game_1993,0,30,Day,ODI,2,1,1,Bowling,Kenya,Winter,23233,No,17,1,9,3,3,9,8,62,3,2
Game_1994,0,27,Day,ODI,3,1,3,Bowling,Bangladesh,Rainy,134414,No,11,3,25,2,3,24,0,70,4,5
Game_1995,0,30,Day and Night,ODI,4,1,2,Bowling,West Indies,Winter,95725,No,12,1,9,3,3,6,2,73,3,3
Game_1996,0,30,Day,ODI,4,1,3,Batting,Kenya,Rainy,20377,No,13,3,2,2,2,6,2,63,2,1
Game_1997,0,30,Day,ODI,4,1,4,Bowling,England,Rainy,41699,No,13,2,13,3,3,11,9,84,2,2
Game_1998,0,30,Day,ODI,2,1,3,Batting,Kenya,Rainy,27440,No,14,1,17,2,2,6,1,32,2,1
Game_1999,0,30,Day and Night,ODI,4,1,1,Batting,England,Rainy,45038,No,17,4,9,1,3,6,2,77,4,2
Game_2000,1,30,Day and Night,ODI,3,1,1,Bowling,Pakistan,Winter,70336,No,11,2,17,5,3,6,0,61,3,3
Game_2001,0,30,Day and Night,ODI,4,1,3,Batting,Pakistan,Summer,76566,No,25,4,20,1,3,19,6,64,3,3
Game_2002,0,30,Day,ODI,2,1,4,Batting,Kenya,Summer,45815,Yes,13,3,10,1,3,6,2,82,4,2
Game_2003,0,30,Day,ODI,3,1,4,Batting,Srilanka,Winter,18151,Yes,11,3,10,4,3,9,6,56,2,1
Game_2004,0,30,Day,ODI,2,1,1,Bowling,West Indies,Winter,136052,No,19,4,22,5,3,21,7,49,3,5
Game_2005,0,30,Day,ODI,3,1,3,Bowling,Kenya,Rainy,19061,No,11,2,1,0,2,6,0,96,3,1
Game_2006,1,30,Day and Night,ODI,2,1,3,Bowling,Srilanka,Summer,24353,No,11,2,6,2,4,6,4,71,2,1
Game_2007,0,30,Day and Night,ODI,3,1,2,Bowling,Srilanka,Rainy,19558,No,20,3,5,3,1,6,1,100,4,1
Game_2008,0,30,Night,T20,2,1,4,Bowling,South Africa,Rainy,36743,No,18,4,13,0,3,8,7,39,2,2
Game_2009,0,30,Day,ODI,1,1,4,Bowling,Srilanka,Summer,15232,No,13,4,9,5,3,6,2,84,2,2
Game_2010,0,30,Day,T20,3,1,3,Batting,Bangladesh,Rainy,118104,Yes,12,2,28,0,2,7,7,75,1,4
Game_2011,0,30,Day,ODI,3,1,2,Bowling,Pakistan,Rainy,39074,No,21,2,10,2,3,9,0,64,2,2
Game_2012,0,30,Day,ODI,2,1,3,Bowling,Pakistan,Rainy,94472,Yes,14,2,21,2,0,20,7,79,3,4
Game_2013,0,30,Day,ODI,3,1,4,Bowling,Srilanka,Rainy,22470,No,11,3,16,4,3,15,13,47,3,1
Game_2014,0,30,Day,ODI,3,1,4,Bowling,Bangladesh,Summer,133315,No,14,3,37,2,3,36,10,81,3,5
Game_2015,1,30,Night,ODI,4,1,1,Bowling,Bangladesh,Rainy,82943,Yes,12,4,10,2,2,10,7,88,3,3
Game_2016,0,30,Day,T20,4,1,3,Bowling,South Africa,Rainy,45514,No,14,2,7,0,4,9,4,98,3,2
Game_2017,0,30,Night,ODI,4,1,1,Batting,West Indies,Winter,95221,Yes,18,1,15,2,3,6,2,80,3,3
Game_2018,0,30,Day,ODI,3,1,2,Batting,Bangladesh,Winter,83972,No,18,2,10,6,2,7,7,71,4,3
Game_2019,0,30,Day,T20,2,1,1,Batting,South Africa,Winter,39235,Yes,24,3,8,0,3,8,0,44,4,2
Game_2020,0,30,Day,ODI,1,1,1,Bowling,West Indies,Winter,134008,No,14,1,28,4,2,10,4,96,3,5
Game_2021,0,30,Day,ODI,4,1,3,Bowling,West Indies,Rainy,123088,Yes,16,4,21,5,2,6,3,45,3,4
Game_2022,0,30,Day,T20,1,1,2,Bowling,South Africa,Rainy,34349,No,25,3,20,0,3,20,16,32,3,2
Game_2023,0,30,Day,ODI,2,1,2,Batting,Srilanka,Rainy,37905,Yes,19,4,12,4,3,10,7,37,3,2
Game_2024,0,30,Day,ODI,3,1,4,Batting,Pakistan,Summer,14805,No,12,2,17,3,3,17,12,42,3,1
Game_2025,1,30,Day and Night,ODI,3,1,4,Bowling,Srilanka,Winter,45000,Yes,22,4,19,0,1,6,0,43,3,1
Game_2026,0,30,Day,ODI,4,1,4,Bowling,Pakistan,Winter,40215,No,14,2,10,2,3,6,2,82,3,2
Game_2027,0,30,Day and Night,ODI,4,1,3,Batting,West Indies,Summer,130655,Yes,11,4,22,4,3,6,2,35,3,5
Game_2028,0,30,Day,ODI,3,1,3,Bowling,Kenya,Summer,31395,No,12,4,10,2,3,8,0,30,3,2
Game_2029,0,30,Day and Night,T20,3,1,4,Batting,Zimbabwe,Winter,19523,No,11,3,2,0,2,6,2,84,3,1
Game_2030,0,30,Day and Night,ODI,3,1,2,Bowling,Kenya,Rainy,16282,Yes,12,3,4,3,2,6,2,53,3,1
Game_2031,0,30,Day and Night,T20,3,1,3,Batting,South Africa,Rainy,94675,No,14,4,23,0,4,20,4,77,3,4
Game_2032,0,30,Day,T20,3,1,3,Bowling,South Africa,Rainy,56140,No,15,3,12,0,2,11,9,96,3,3
Game_2033,0,30,Day and Night,ODI,4,1,3,Bowling,Srilanka,Rainy,25816,No,18,4,4,2,3,6,0,81,4,1
Game_2034,0,30,Day,ODI,3,1,4,Bowling,England,Winter,38374,No,18,4,13,3,3,6,1,84,1,2
Game_2035,0,30,Day,T20,4,1,4,Bowling,Bangladesh,Summer,112105,No,19,2,22,0,3,22,10,88,3,4
Game_2036,0,30,Day,T20,3,1,2,Bowling,South Africa,Rainy,48503,No,11,2,10,0,0,8,7,100,4,2
Game_2037,0,30,Day,ODI,3,1,3,Bowling,Pakistan,Winter,67291,No,17,1,19,5,2,18,10,48,4,3
Game_2038,0,30,Night,ODI,4,1,2,Batting,Srilanka,Rainy,39718,No,15,3,11,3,3,9,8,47,3,2
Game_2039,0,30,Day,T20,3,1,4,Bowling,South Africa,Rainy,38388,No,14,3,13,0,2,13,8,91,2,2
Game_2040,0,30,Day,ODI,2,1,1,Batting,West Indies,Summer,84427,No,17,3,19,2,3,9,8,81,2,3
Game_2041,0,30,Night,ODI,4,1,4,Bowling,Pakistan,Winter,39620,Yes,13,4,12,2,3,6,3,32,1,2
Game_2042,0,27,Day,ODI,4,1,3,Bowling,Kenya,Rainy,33747,Yes,12,3,6,4,3,6,2,86,3,1
Game_2043,0,30,Day,Test,3,1,1,Bowling,Australia,Rainy,44870,No,12,4,9,1,3,6,2,62,2,2
Game_2044,0,30,Day and Night,ODI,3,1,1,Bowling,Srilanka,Winter,36470,No,18,1,24,2,3,24,9,97,3,3
Game_2045,0,30,Day,ODI,4,1,3,Bowling,Kenya,Winter,18865,Yes,18,2,3,2,1,6,2,32,3,1
Game_2046,0,30,Day and Night,ODI,4,1,4,Batting,Bangladesh,Rainy,83146,No,11,2,12,2,3,10,6,32,3,3
Game_2047,0,30,Day,ODI,1,1,3,Batting,Bangladesh,Rainy,119476,Yes,14,4,21,3,3,21,9,99,3,4
Game_2048,0,30,Day and Night,ODI,4,1,3,Batting,Pakistan,Summer,17185,No,19,1,9,5,3,8,7,33,3,1
Game_2049,0,30,Day,ODI,2,1,3,Batting,Pakistan,Summer,45000,Yes,12,4,25,2,3,7,1,90,2,4
Game_2050,1,30,Day,ODI,4,1,3,Bowling,Kenya,Rainy,34587,No,15,1,11,3,2,8,2,85,2,2
Game_2051,0,30,Day,T20,2,1,3,Batting,South Africa,Rainy,36596,Yes,11,4,13,0,3,13,12,65,2,2
Game_2052,0,30,Day,T20,3,1,4,Bowling,South Africa,Winter,52829,No,12,4,13,0,3,7,7,73,3,2
Game_2053,0,30,Day,ODI,4,1,1,Batting,Kenya,Summer,35385,No,16,3,10,0,2,7,7,74,4,2
Game_2054,0,30,Day,ODI,2,1,4,Batting,Kenya,Rainy,40425,No,13,4,11,2,3,10,8,64,3,2
Game_2055,0,30,Day and Night,ODI,2,1,3,Batting,England,Rainy,62601,No,24,1,10,2,3,10,9,48,2,3
Game_2056,0,30,Day and Night,ODI,2,1,3,Bowling,Bangladesh,Rainy,134904,No,15,1,21,2,3,21,9,54,2,5
Game_2057,1,30,Day,T20,2,1,4,Batting,South Africa,Rainy,36666,Yes,18,1,12,0,2,6,0,41,3,2
Game_2058,0,30,Day and Night,T20,3,1,2,Bowling,South Africa,Summer,32774,No,14,3,9,0,2,7,7,46,2,2
Game_2059,0,30,Day,ODI,5,1,4,Bowling,West Indies,Rainy,128100,No,11,2,21,2,3,6,2,42,3,5
Game_2060,0,30,Day and Night,ODI,4,1,3,Batting,Srilanka,Winter,36799,No,11,2,9,3,0,9,7,82,2,2
Game_2061,0,30,Day and Night,ODI,4,1,4,Batting,Kenya,Summer,34083,No,12,4,20,4,2,6,3,31,3,2
Game_2062,0,30,Day,ODI,3,1,3,Batting,Pakistan,Rainy,69895,No,16,1,10,1,2,6,0,43,3,3
Game_2063,0,30,Day,ODI,4,1,4,Bowling,Kenya,Rainy,25879,No,14,1,12,3,3,10,9,75,3,2
Game_2064,0,30,Day,T20,2,1,2,Bowling,South Africa,Rainy,52199,Yes,22,3,6,0,2,6,3,57,1,2
Game_2065,0,30,Day,T20,3,1,4,Batting,South Africa,Winter,42826,No,13,3,10,0,3,10,9,30,2,2
Game_2066,0,27,Day,ODI,3,1,4,Bowling,England,Winter,44429,No,16,3,8,2,2,6,2,61,3,2
Game_2067,0,30,Day,ODI,2,1,3,Bowling,West Indies,Winter,80570,Yes,14,2,12,3,3,11,10,92,2,3
Game_2068,0,30,Day,ODI,4,1,3,Batting,England,Summer,50001,Yes,14,3,11,2,2,11,9,39,3,3
Game_2069,0,30,Day,ODI,4,1,3,Bowling,England,Summer,56665,No,13,4,17,5,3,16,6,62,3,3
Game_2070,0,30,Day,ODI,3,1,4,Bowling,England,Summer,42224,Yes,15,4,8,3,3,6,4,32,2,2
Game_2071,0,30,Day and Night,T20,1,1,2,Bowling,Zimbabwe,Summer,20832,No,19,1,5,0,3,6,0,99,3,2
Game_2072,0,30,Day,ODI,5,1,1,Batting,Pakistan,Summer,111944,No,14,2,16,2,3,6,0,44,3,4
Game_2073,0,30,Day,Test,1,1,3,Bowling,Australia,Winter,45000,Yes,11,3,4,5,3,6,2,52,3,1
Game_2074,0,30,Day,ODI,3,1,3,Batting,Srilanka,Rainy,16590,No,13,3,8,4,3,8,0,75,3,1
Game_2075,0,30,Day,T20,1,1,1,Batting,Bangladesh,Rainy,87528,No,21,2,15,0,1,6,0,91,3,3
Game_2076,0,30,Day,ODI,3,1,3,Bowling,Kenya,Winter,41818,Yes,13,1,13,2,3,7,7,51,4,2
Game_2077,0,30,Night,T20,2,1,4,Batting,South Africa,Rainy,33152,Yes,12,2,4,0,4,6,2,85,3,2
Game_2078,0,30,Day,ODI,4,1,1,Bowling,Pakistan,Summer,47467,No,23,2,14,6,3,6,0,98,2,2
Game_2079,0,30,Night,T20,5,1,4,Batting,South Africa,Summer,46571,No,15,2,7,0,3,6,0,45,3,2
Game_2080,0,30,Day and Night,T20,4,1,1,Bowling,South Africa,Rainy,67893,No,11,1,16,0,3,13,9,48,2,3
Game_2081,0,30,Day,ODI,4,1,4,Bowling,Pakistan,Rainy,47285,No,11,3,15,2,3,6,2,88,3,2
Game_2082,0,30,Day,ODI,4,1,4,Batting,Srilanka,Rainy,15491,Yes,13,3,10,3,3,7,7,46,4,1
Game_2083,1,30,Day,T20,3,1,4,Batting,Zimbabwe,Summer,19957,Yes,13,2,1,0,3,6,0,34,3,1
Game_2084,0,30,Day,ODI,3,1,3,Batting,Srilanka,Rainy,24164,No,20,2,17,3,0,6,4,98,3,1
Game_2085,0,30,Night,ODI,4,1,3,Batting,England,Rainy,36806,No,14,3,7,2,4,6,0,30,3,2
Game_2086,1,30,Day and Night,T20,3,1,1,Bowling,South Africa,Summer,65485,No,18,3,8,0,3,8,7,56,3,2
Game_2087,0,30,Day,ODI,3,1,4,Bowling,Pakistan,Summer,73472,No,15,4,20,2,3,6,3,100,2,3
Game_2088,1,30,Day,T20,2,1,3,Bowling,South Africa,Summer,44660,Yes,12,1,8,0,3,9,4,68,2,2
Game_2089,0,30,Day,ODI,4,1,3,Bowling,Kenya,Summer,18599,Yes,16,4,3,5,3,6,2,42,2,1
Game_2090,0,27,Day,ODI,3,1,3,Bowling,Pakistan,Summer,45780,No,19,3,10,5,3,6,1,97,2,2
Game_2091,0,30,Day,ODI,3,1,2,Bowling,Pakistan,Summer,76755,No,24,3,26,2,3,6,2,31,2,3
Game_2092,0,30,Day,T20,2,1,3,Batting,South Africa,Rainy,34552,No,11,3,18,0,2,7,7,87,3,2
Game_2093,0,30,Day,ODI,3,1,4,Batting,Kenya,Rainy,17801,No,13,2,6,3,3,6,2,96,3,1
Game_2094,1,30,Night,T20,3,1,3,Bowling,South Africa,Summer,37128,Yes,13,2,9,0,2,6,2,67,4,2
Game_2095,0,30,Day,ODI,3,1,3,Batting,Bangladesh,Summer,116613,Yes,13,3,30,2,3,6,4,97,3,4
Game_2096,0,30,Day,T20,1,1,3,Bowling,Zimbabwe,Rainy,17332,No,18,1,1,0,3,6,0,72,3,1
Game_2097,0,30,Day,T20,2,1,2,Bowling,South Africa,Rainy,53172,No,13,2,10,0,3,10,9,61,2,3
Game_2098,1,30,Day and Night,ODI,3,1,3,Bowling,Kenya,Summer,15995,Yes,23,3,3,4,3,6,0,40,3,1
Game_2099,0,30,Day,ODI,3,1,4,Batting,Srilanka,Winter,21238,No,12,3,18,2,2,18,7,95,3,1
Game_2100,0,30,Day,T20,2,1,4,Batting,South Africa,Winter,40005,No,12,3,8,0,3,6,4,46,3,2
Game_2101,0,30,Day,ODI,4,1,2,Batting,Srilanka,Winter,18032,No,16,2,8,5,3,6,2,95,3,1
Game_2102,0,30,Day,ODI,4,1,3,Bowling,England,Summer,29379,Yes,12,4,18,2,2,6,0,49,3,2
Game_2103,0,30,Day,ODI,3,1,1,Bowling,West Indies,Winter,100352,No,11,3,25,3,3,25,10,59,2,4
Game_2104,0,30,Day,ODI,3,1,2,Batting,Srilanka,Rainy,24136,No,22,2,20,3,3,6,0,78,2,2
Game_2105,0,30,Day,ODI,2,1,1,Bowling,West Indies,Rainy,135842,No,11,3,24,4,2,6,2,86,3,5
Game_2106,0,30,Night,T20,4,1,3,Batting,South Africa,Rainy,45766,No,15,1,6,0,3,6,2,72,3,2
Game_2107,0,30,Day,ODI,2,1,2,Batting,England,Rainy,30142,No,12,2,13,5,1,13,10,31,3,2
Game_2108,0,30,Day and Night,ODI,3,1,4,Bowling,Srilanka,Rainy,15806,No,20,1,8,1,3,6,2,61,3,1
Game_2109,0,30,Day,ODI,4,1,3,Batting,Pakistan,Winter,31654,Yes,14,4,8,3,3,6,2,74,3,2
Game_2110,0,30,Night,ODI,5,1,2,Batting,Kenya,Rainy,31143,No,15,1,15,2,3,13,11,72,3,2
Game_2111,0,30,Day,ODI,2,1,4,Bowling,Srilanka,Rainy,15526,No,12,3,4,3,3,6,2,98,2,1
Game_2112,0,30,Day and Night,ODI,1,1,2,Bowling,Bangladesh,Summer,134379,Yes,14,3,21,3,3,9,8,52,3,5
Game_2113,0,30,Day and Night,T20,3,1,3,Batting,South Africa,Rainy,92484,No,11,4,36,0,2,7,7,86,4,4
Game_2114,0,27,Day,T20,3,1,2,Batting,South Africa,Summer,46039,No,11,2,6,0,3,6,4,83,3,2
Game_2115,0,30,Day,T20,3,1,2,Bowling,South Africa,Rainy,58744,No,16,3,10,0,3,10,7,49,4,3
Game_2116,0,30,Day,ODI,3,1,4,Bowling,England,Rainy,55783,Yes,14,3,28,4,3,6,4,39,2,3
Game_2117,0,30,Day,ODI,2,1,1,Bowling,Kenya,Rainy,18578,No,21,4,8,3,2,6,2,69,3,1
Game_2118,0,30,Day,ODI,2,1,3,Batting,Bangladesh,Rainy,115885,No,13,4,31,2,1,6,2,32,3,4
Game_2119,0,30,Day and Night,ODI,2,1,1,Batting,Kenya,Winter,31892,No,11,2,19,3,3,6,4,92,3,2
Game_2120,0,30,Day,ODI,3,1,3,Batting,Pakistan,Summer,42637,No,20,3,11,2,3,6,4,43,1,2
Game_2121,0,30,Day,ODI,3,1,1,Batting,Bangladesh,Rainy,45000,No,11,4,33,5,1,29,8,41,3,5
Game_2122,0,30,Day,ODI,3,1,3,Batting,England,Winter,33670,No,14,3,19,5,2,10,7,87,3,2
Game_2123,0,30,Day and Night,ODI,4,1,4,Batting,Pakistan,Rainy,31661,No,11,4,7,4,4,6,5,88,2,2
Game_2124,1,30,Day and Night,T20,2,1,4,Batting,Zimbabwe,Winter,16457,No,16,4,3,0,2,6,2,33,1,1
Game_2125,0,30,Day and Night,ODI,2,1,4,Bowling,Srilanka,Rainy,11914,Yes,23,3,1,3,3,6,0,42,3,1
Game_2126,0,30,Day,T20,4,1,3,Batting,Bangladesh,Rainy,126287,No,14,4,21,0,3,20,15,79,3,5
Game_2127,0,30,Night,ODI,3,1,3,Bowling,Srilanka,Rainy,14679,No,15,3,9,3,1,6,3,53,3,1
Game_2128,0,30,Night,T20,4,1,3,Batting,South Africa,Rainy,58884,No,11,3,10,0,3,9,8,69,3,3
Game_2129,0,30,Day,T20,3,1,1,Bowling,Bangladesh,Winter,98826,No,12,3,32,0,2,6,0,56,2,4
Game_2130,0,30,Day,ODI,4,1,2,Bowling,Bangladesh,Rainy,119322,No,15,2,28,2,3,27,10,88,2,4
Game_2131,0,30,Night,ODI,3,1,3,Batting,Srilanka,Summer,17948,No,14,3,12,2,2,11,7,49,3,1
Game_2132,0,30,Day and Night,T20,3,1,3,Batting,South Africa,Rainy,71862,No,19,4,22,0,0,18,13,80,2,3
Game_2133,0,30,Day,ODI,2,1,1,Batting,England,Winter,35490,No,13,3,20,2,3,6,0,65,3,2
Game_2134,0,30,Day,ODI,3,1,1,Bowling,West Indies,Rainy,125027,No,13,3,26,2,1,6,2,51,3,4
Game_2135,0,30,Day,ODI,3,1,4,Bowling,Srilanka,Summer,29610,No,15,3,6,2,3,6,4,46,1,1
Game_2136,0,30,Day,ODI,4,1,3,Batting,Srilanka,Summer,26460,No,11,3,19,3,3,6,0,42,3,2
Game_2137,0,30,Day,ODI,4,1,4,Bowling,Kenya,Winter,19376,No,12,3,14,3,3,7,3,62,2,1
Game_2138,0,27,Day,T20,3,1,3,Batting,South Africa,Rainy,63497,Yes,19,3,15,0,3,6,2,94,2,3
Game_2139,0,30,Day,ODI,1,1,3,Bowling,England,Winter,74536,No,25,4,13,6,4,13,8,33,3,3
Game_2140,1,30,Day,ODI,1,1,2,Bowling,Bangladesh,Rainy,95270,Yes,12,4,15,2,4,7,6,56,3,3
Game_2141,1,30,Day,ODI,1,1,1,Bowling,Srilanka,Winter,23856,No,13,1,8,2,3,6,3,38,1,1
Game_2142,0,30,Day,T20,1,1,4,Bowling,Zimbabwe,Summer,20881,No,14,1,4,0,3,6,2,32,3,1
Game_2143,0,30,Day,ODI,3,1,4,Batting,Pakistan,Rainy,53424,Yes,12,3,10,2,3,8,7,72,3,3
Game_2144,1,30,Day and Night,ODI,3,1,1,Bowling,Pakistan,Rainy,68768,No,12,1,12,2,3,6,0,66,3,3
Game_2145,1,30,Day and Night,Test,3,1,2,Batting,Australia,Winter,45000,Yes,15,3,11,2,3,6,2,43,3,3
Game_2146,0,30,Day and Night,ODI,2,1,2,Bowling,Srilanka,Rainy,14651,No,17,4,8,4,3,6,2,97,3,1
Game_2147,0,30,Night,T20,4,1,2,Bowling,South Africa,Summer,69860,No,14,4,10,0,2,10,3,32,3,3
Game_2148,0,30,Day,T20,5,1,2,Batting,South Africa,Rainy,28357,No,14,1,14,0,3,9,7,37,3,2
Game_2149,0,30,Day,T20,5,1,1,Batting,Bangladesh,Summer,117845,No,23,4,37,0,3,10,9,83,3,4
Game_2150,0,30,Night,T20,2,1,4,Bowling,South Africa,Summer,43610,No,14,4,16,0,3,14,3,56,3,2
Game_2151,0,30,Day,T20,3,1,2,Bowling,South Africa,Rainy,33019,No,11,3,15,0,3,11,9,85,3,2
Game_2152,0,30,Day,ODI,3,1,2,Batting,England,Summer,92659,No,15,3,22,3,3,20,6,75,3,4
Game_2153,0,30,Day and Night,ODI,1,1,3,Batting,Srilanka,Rainy,26285,No,11,1,8,3,3,8,3,48,3,1
Game_2154,0,30,Day,T20,1,1,2,Bowling,South Africa,Summer,46074,Yes,13,3,10,0,4,6,5,77,3,2
Game_2155,0,30,Day,ODI,3,1,4,Bowling,England,Rainy,51842,Yes,21,4,10,5,2,10,9,56,3,3
Game_2156,0,30,Day,T20,3,1,4,Bowling,South Africa,Rainy,33635,No,19,2,9,0,0,8,7,61,3,2
Game_2157,0,30,Day,ODI,5,1,1,Batting,West Indies,Winter,113288,No,19,3,10,2,3,6,1,95,4,4
Game_2158,0,30,Day,T20,3,1,3,Bowling,Bangladesh,Winter,80899,No,21,3,10,0,2,6,4,44,2,3
Game_2159,0,30,Night,T20,3,1,3,Bowling,South Africa,Winter,76524,No,15,3,20,0,3,6,0,58,1,3
Game_2160,0,30,Night,ODI,4,1,1,Batting,Pakistan,Summer,47677,Yes,17,1,10,3,3,9,7,62,2,2
Game_2161,0,30,Day,T20,3,1,1,Batting,South Africa,Summer,34013,No,16,4,5,0,3,6,4,80,3,2
Game_2162,0,27,Day,T20,3,1,4,Bowling,South Africa,Summer,37359,No,12,4,10,0,3,10,7,74,4,2
Game_2163,0,30,Day,ODI,3,1,2,Batting,England,Summer,52437,No,17,4,12,3,4,6,5,59,3,3
Game_2164,0,30,Day and Night,ODI,1,1,1,Batting,Pakistan,Rainy,73689,No,11,4,28,3,2,6,2,86,3,3
Game_2165,0,30,Day,T20,5,1,2,Batting,Bangladesh,Rainy,116165,No,16,2,22,0,3,18,16,91,3,4
Game_2166,0,30,Night,T20,4,1,1,Bowling,South Africa,Winter,61838,No,13,4,9,0,3,9,5,32,3,3
Game_2167,0,30,Day,ODI,2,1,4,Batting,Kenya,Winter,39039,Yes,12,2,18,3,3,10,9,78,3,2
Game_2168,1,30,Night,T20,4,1,4,Bowling,Pakistan,Rainy,32949,No,12,4,6,0,3,6,2,60,4,2
Game_2169,0,30,Day,ODI,3,1,3,Batting,Pakistan,Rainy,45000,No,19,3,18,4,3,6,0,76,3,2
Game_2170,0,30,Day,ODI,4,1,2,Batting,England,Rainy,45129,No,12,2,8,2,2,6,5,65,3,2
Game_2171,0,30,Day,ODI,4,1,4,Bowling,West Indies,Winter,136514,Yes,17,3,31,5,3,31,9,58,2,5
Game_2172,0,30,Day and Night,Test,3,1,1,Bowling,Bangladesh,Rainy,127400,No,11,3,32,2,3,32,5,99,3,5
Game_2173,1,30,Day and Night,T20,4,1,2,Bowling,Zimbabwe,Rainy,14231,No,18,3,1,0,4,6,0,74,2,1
Game_2174,0,30,Day,ODI,2,1,2,Bowling,Kenya,Rainy,25354,Yes,13,4,6,3,3,6,5,83,2,1
Game_2175,1,30,Day,T20,4,1,2,Bowling,South Africa,Winter,29631,No,17,3,9,0,1,6,1,46,3,2
Game_2176,0,30,Day,ODI,2,1,1,Bowling,Srilanka,Summer,25767,No,14,4,9,3,3,6,2,54,2,2
Game_2177,0,30,Day,T20,4,1,1,Bowling,South Africa,Winter,38220,No,22,4,13,0,4,7,7,66,4,2
Game_2178,0,30,Day,T20,3,1,4,Bowling,South Africa,Rainy,67214,Yes,11,3,17,0,2,6,0,75,3,2
Game_2179,0,30,Day,ODI,4,1,3,Batting,Pakistan,Rainy,28623,No,13,2,10,4,3,10,2,81,3,2
Game_2180,0,30,Day,ODI,4,1,2,Bowling,West Indies,Winter,116389,Yes,14,3,21,3,0,6,0,50,2,4
Game_2181,0,30,Day,ODI,1,1,3,Batting,Kenya,Summer,18333,No,17,4,8,3,2,6,0,43,3,1
Game_2182,0,30,Day and Night,ODI,5,1,4,Bowling,Srilanka,Winter,39753,Yes,13,2,10,3,3,8,7,72,3,2
Game_2183,0,30,Day,ODI,4,1,4,Batting,Bangladesh,Rainy,107814,No,11,1,21,3,1,6,2,40,2,4
Game_2184,0,30,Day,Test,4,1,1,Batting,Australia,Summer,41895,No,11,2,10,1,4,9,2,50,2,2
Game_2185,0,30,Day,T20,3,1,3,Batting,Zimbabwe,Winter,18053,Yes,18,4,8,0,3,8,2,31,3,1
Game_2186,0,27,Day,ODI,4,1,4,Bowling,Bangladesh,Rainy,136591,Yes,12,1,26,2,4,6,2,35,3,5
Game_2187,0,30,Day,T20,4,1,3,Bowling,South Africa,Winter,49728,No,12,4,6,0,3,6,0,39,3,2
Game_2188,0,30,Day,ODI,4,1,1,Batting,Kenya,Rainy,44254,Yes,12,4,6,2,2,6,4,92,3,2
Game_2189,0,30,Day and Night,ODI,3,1,3,Batting,Kenya,Winter,14581,No,20,3,1,2,3,6,0,71,3,1
Game_2190,0,30,Day,T20,1,1,4,Batting,South Africa,Summer,58667,No,20,4,18,0,4,14,7,32,3,2
Game_2191,0,30,Day,ODI,5,1,2,Batting,Kenya,Rainy,18837,No,12,4,10,4,2,10,9,42,3,1
Game_2192,1,30,Day and Night,T20,4,1,1,Batting,Pakistan,Rainy,30002,No,14,4,5,0,3,6,1,100,3,2
Game_2193,0,30,Day,ODI,3,1,3,Bowling,England,Rainy,45000,No,15,3,10,2,3,10,7,36,3,3
Game_2194,0,30,Day,ODI,4,1,2,Bowling,Kenya,Summer,46522,No,13,2,17,3,3,17,11,82,1,2
Game_2195,0,30,Day and Night,ODI,3,1,3,Bowling,Pakistan,Winter,54075,No,23,3,15,2,1,13,11,30,3,2
Game_2196,0,30,Day,Test,4,1,3,Bowling,Australia,Rainy,75075,No,15,3,16,1,4,9,7,88,3,3
Game_2197,0,30,Day,ODI,2,1,2,Bowling,England,Winter,61929,Yes,11,3,13,2,3,6,2,48,2,2
Game_2198,1,30,Day and Night,ODI,3,1,1,Bowling,Kenya,Summer,23436,Yes,11,1,10,3,3,10,8,70,3,1
Game_2199,0,30,Night,ODI,3,1,3,Bowling,Srilanka,Rainy,8967,No,18,3,1,3,3,6,0,41,2,1
Game_2200,0,30,Day,T20,4,1,4,Batting,South Africa,Summer,28196,No,20,1,8,0,3,7,7,46,2,2
Game_2201,0,30,Day,T20,1,1,2,Bowling,South Africa,Rainy,56840,No,12,4,12,0,3,6,2,56,4,2
Game_2202,0,30,Day,ODI,2,1,4,Bowling,Kenya,Summer,32760,No,17,1,4,2,3,6,0,80,4,1
Game_2203,0,30,Day,ODI,1,1,4,Bowling,Srilanka,Rainy,22547,Yes,11,3,20,3,3,20,8,74,4,1
Game_2204,0,30,Day,ODI,3,1,4,Batting,Pakistan,Summer,60347,No,14,2,9,3,4,8,7,46,2,3
Game_2205,0,30,Day,ODI,4,1,4,Batting,Pakistan,Summer,31871,No,11,1,20,4,3,20,7,80,2,2
Game_2206,0,30,Day,T20,3,1,4,Bowling,South Africa,Summer,37772,No,12,4,10,0,2,10,7,55,3,2
Game_2207,1,30,Day and Night,T20,2,1,2,Bowling,South Africa,Rainy,47572,Yes,14,1,18,0,3,6,3,50,3,2
Game_2208,0,30,Day,ODI,4,1,2,Batting,Pakistan,Summer,53375,No,13,3,10,4,2,9,7,33,4,2
Game_2209,0,30,Day,ODI,2,1,3,Batting,West Indies,Summer,78113,No,15,4,10,6,3,7,7,39,3,3
Game_2210,0,27,Day,T20,3,1,4,Bowling,South Africa,Summer,34720,No,12,4,20,0,3,7,7,42,3,2
Game_2211,0,30,Day and Night,T20,4,1,4,Bowling,South Africa,Rainy,73325,Yes,21,3,20,0,3,18,13,48,2,3
Game_2212,0,30,Day,ODI,3,1,3,Bowling,West Indies,Rainy,103698,No,19,3,32,3,3,6,1,59,4,4
Game_2213,0,30,Day,Test,4,1,2,Bowling,Bangladesh,Winter,133987,No,15,2,23,2,2,21,6,73,2,5
Game_2214,0,30,Day,T20,4,1,1,Bowling,South Africa,Summer,37835,No,14,4,10,0,3,6,2,32,3,2
Game_2215,0,30,Day,Test,3,1,4,Batting,Bangladesh,Rainy,134323,No,12,2,22,3,3,22,7,59,2,5
Game_2216,0,30,Day,T20,4,1,4,Bowling,Pakistan,Rainy,27125,No,15,4,4,0,3,6,2,54,3,1
Game_2217,0,30,Night,ODI,3,1,1,Batting,West Indies,Rainy,45000,No,14,1,10,2,3,8,7,63,4,3
Game_2218,0,30,Day,ODI,3,1,3,Batting,England,Summer,55027,Yes,14,4,10,4,4,6,0,81,3,3
Game_2219,0,30,Night,ODI,3,1,1,Bowling,Srilanka,Summer,25956,No,14,3,9,5,3,6,2,49,1,1
Game_2220,0,30,Day and Night,T20,3,1,4,Batting,South Africa,Winter,96390,Yes,12,4,28,0,2,22,2,49,3,4
Game_2221,0,30,Day,T20,5,1,3,Bowling,South Africa,Winter,37128,No,23,4,10,0,2,8,7,99,3,2
Game_2222,1,30,Day and Night,ODI,3,1,3,Bowling,Kenya,Winter,19313,Yes,12,4,7,2,3,6,2,57,4,1
Game_2223,0,30,Day and Night,T20,3,1,4,Bowling,South Africa,Rainy,47628,No,18,3,7,0,3,6,2,47,2,2
Game_2224,0,30,Day,ODI,2,1,2,Batting,Pakistan,Summer,42994,No,11,4,10,2,3,6,1,96,3,2
Game_2225,0,30,Day,Test,3,1,3,Batting,Australia,Rainy,44723,No,15,3,12,3,1,8,3,44,4,2
Game_2226,0,30,Day,ODI,3,1,3,Bowling,Pakistan,Rainy,77721,No,11,3,30,1,2,10,7,81,3,4
Game_2227,0,30,Day,ODI,1,1,4,Batting,Kenya,Summer,16394,Yes,20,4,5,2,2,6,2,86,2,1
Game_2228,0,30,Day,ODI,3,1,4,Bowling,Srilanka,Summer,17150,No,17,4,19,4,0,6,2,86,3,2
Game_2229,0,30,Night,ODI,4,1,4,Batting,Pakistan,Winter,35651,No,11,1,16,2,4,6,0,61,3,2
Game_2230,0,30,Day and Night,ODI,4,1,1,Bowling,Srilanka,Rainy,37163,No,15,4,10,2,3,10,8,80,3,2
Game_2231,0,30,Day,ODI,5,1,4,Bowling,Kenya,Rainy,21399,Yes,13,2,6,0,1,6,0,92,3,1
Game_2232,0,30,Day,ODI,5,1,2,Batting,England,Summer,35847,No,14,3,7,3,3,9,0,32,3,2
Game_2233,0,30,Day,T20,4,1,3,Bowling,Bangladesh,Rainy,117992,No,11,1,34,0,4,34,6,31,2,4
Game_2234,1,27,Day,ODI,3,1,4,Bowling,Kenya,Summer,18802,Yes,13,3,10,2,2,10,9,63,3,1
Game_2235,0,30,Day,T20,2,1,2,Bowling,Zimbabwe,Summer,46424,No,13,1,9,0,3,8,7,46,1,2
Game_2236,1,30,Day and Night,T20,2,1,2,Batting,South Africa,Summer,44779,Yes,12,4,8,0,3,6,4,77,4,2
Game_2237,0,30,Day,T20,3,1,4,Bowling,South Africa,Summer,43918,No,22,3,6,0,3,6,5,60,3,2
Game_2238,1,30,Day,ODI,3,1,4,Bowling,Bangladesh,Rainy,139013,Yes,13,4,24,2,3,6,2,32,3,5
Game_2239,0,30,Night,T20,4,1,1,Batting,South Africa,Summer,53109,No,15,2,10,0,3,10,7,76,2,3
Game_2240,0,30,Night,ODI,4,1,4,Bowling,Kenya,Rainy,29806,No,18,1,5,3,3,6,3,41,3,1
Game_2241,0,30,Day,ODI,4,1,2,Batting,Kenya,Summer,22960,No,16,3,10,2,3,6,2,72,4,1
Game_2242,0,30,Day,ODI,4,1,4,Batting,England,Winter,38395,Yes,11,2,9,4,3,6,3,95,3,2
Game_2243,0,30,Day,ODI,1,1,4,Batting,Kenya,Winter,19474,Yes,13,2,6,3,2,6,3,82,3,1
Game_2244,0,30,Day and Night,ODI,4,1,1,Batting,England,Summer,41860,Yes,12,4,17,2,3,15,7,75,4,2
Game_2245,0,30,Day,ODI,4,1,3,Batting,Kenya,Summer,30667,No,11,3,6,3,3,6,5,86,2,1
Game_2246,0,30,Day,T20,4,1,1,Batting,Zimbabwe,Rainy,18004,No,16,2,3,0,2,6,2,72,3,1
Game_2247,0,30,Day,ODI,3,1,4,Bowling,Srilanka,Rainy,26831,No,21,3,7,2,3,6,2,38,1,1
Game_2248,0,30,Day and Night,ODI,2,1,3,Batting,Pakistan,Rainy,29708,No,24,4,8,2,3,8,7,38,4,2
Game_2249,0,30,Day,T20,2,1,3,Batting,South Africa,Rainy,45500,No,17,2,6,0,3,6,2,93,3,2
Game_2250,0,30,Day and Night,ODI,3,1,2,Bowling,Bangladesh,Winter,129010,No,13,2,24,4,2,24,7,66,3,5
Game_2251,0,30,Day,ODI,4,1,4,Batting,Srilanka,Rainy,22043,No,20,2,9,3,3,6,2,82,3,2
Game_2252,0,30,Day,ODI,3,1,3,Bowling,West Indies,Rainy,123473,No,16,4,30,3,0,6,3,64,3,4
Game_2253,0,30,Day,ODI,3,1,3,Bowling,West Indies,Rainy,81837,No,11,4,14,3,4,13,9,49,3,3
Game_2254,1,30,Day,T20,3,1,1,Batting,South Africa,Summer,37268,No,15,3,6,0,3,6,2,69,3,2
Game_2255,0,30,Day,ODI,2,1,3,Batting,Bangladesh,Rainy,117264,Yes,11,3,26,3,2,26,14,33,3,4
Game_2256,0,30,Day,ODI,3,1,3,Batting,England,Summer,36596,No,15,1,10,2,3,9,7,35,3,2
Game_2257,1,30,Day,ODI,4,1,4,Bowling,West Indies,Summer,134722,Yes,12,4,40,2,3,31,15,31,3,5
Game_2258,0,27,Day,ODI,4,1,4,Batting,Kenya,Summer,17542,No,13,3,7,0,3,6,2,40,4,1
Game_2259,0,30,Day,ODI,2,1,4,Batting,England,Rainy,42434,Yes,13,4,8,4,3,6,3,43,2,2
Game_2260,0,30,Day,Test,3,1,3,Bowling,Australia,Rainy,15001,No,13,2,8,2,3,6,2,36,3,1
Game_2261,0,30,Day,ODI,3,1,3,Batting,England,Rainy,43134,No,12,3,14,3,3,14,13,98,2,2
Game_2262,0,30,Day and Night,ODI,4,1,1,Bowling,Srilanka,Summer,35658,No,14,4,10,6,3,6,0,32,2,2
Game_2263,0,30,Day,ODI,3,1,3,Batting,England,Summer,48139,Yes,24,2,12,4,2,6,0,52,2,2
Game_2264,0,30,Day,ODI,3,1,2,Batting,Pakistan,Summer,15918,No,14,4,1,3,3,6,0,95,2,1
Game_2265,0,30,Day,ODI,3,1,2,Bowling,England,Rainy,45000,No,13,4,10,3,2,9,8,98,3,2
Game_2266,0,30,Day and Night,ODI,3,1,1,Bowling,Pakistan,Winter,44016,No,15,3,13,3,2,6,3,45,2,2
Game_2267,0,30,Day and Night,ODI,4,1,3,Batting,Kenya,Summer,17871,No,16,3,6,3,3,6,2,100,2,1
Game_2268,1,30,Day,T20,3,1,3,Batting,South Africa,Rainy,53578,No,18,1,9,0,4,9,8,43,3,3
Game_2269,1,30,Day,T20,1,1,3,Bowling,South Africa,Summer,36120,No,16,3,12,0,2,9,7,37,3,2
Game_2270,0,30,Day,ODI,2,1,2,Bowling,West Indies,Rainy,120113,No,24,3,22,3,3,6,1,94,3,4
Game_2271,0,30,Day,ODI,3,1,3,Bowling,England,Summer,71547,No,21,2,17,3,4,8,5,59,3,3
Game_2272,0,30,Day,Test,2,1,3,Bowling,Australia,Rainy,26159,No,19,3,4,1,1,6,2,88,3,1
Game_2273,0,30,Day,T20,4,1,1,Batting,Bangladesh,Rainy,114149,No,14,3,29,0,2,20,6,66,3,4
Game_2274,0,30,Day,ODI,3,1,4,Bowling,Pakistan,Summer,41531,No,12,4,10,2,2,6,2,50,3,2
Game_2275,0,30,Day,T20,3,1,1,Bowling,South Africa,Winter,28259,No,22,1,9,0,3,9,8,48,4,2
Game_2276,0,30,Day,ODI,1,1,3,Batting,Kenya,Summer,17913,No,11,4,6,3,0,6,5,53,2,1
Game_2277,0,30,Day,T20,2,1,2,Bowling,South Africa,Rainy,43407,Yes,14,4,18,0,2,18,14,56,3,2
Game_2278,0,30,Day,T20,4,1,2,Bowling,South Africa,Winter,30821,No,11,3,8,0,2,6,2,73,3,2
Game_2279,0,30,Day and Night,ODI,4,1,2,Bowling,Kenya,Winter,26327,No,12,2,10,3,2,6,4,75,2,1
Game_2280,0,30,Day,T20,2,1,1,Batting,South Africa,Rainy,76538,Yes,18,4,35,0,3,6,2,78,2,3
Game_2281,0,30,Day,T20,3,1,4,Bowling,South Africa,Winter,75327,Yes,12,3,18,0,3,6,4,74,3,3
Game_2282,0,30,Day,ODI,3,1,3,Batting,Kenya,Rainy,36225,No,12,3,9,3,2,6,3,91,4,2
Game_2283,0,30,Day and Night,ODI,4,1,3,Batting,England,Rainy,96782,No,22,3,31,3,3,9,8,81,2,4
Game_2284,0,30,Day,T20,4,1,4,Bowling,South Africa,Winter,44338,No,19,4,9,0,3,6,0,66,2,2
Game_2285,0,30,Day,ODI,4,1,1,Bowling,Srilanka,Rainy,19726,Yes,24,3,10,2,2,6,2,62,4,1
Game_2286,0,30,Day and Night,ODI,1,1,2,Bowling,Kenya,Summer,17605,Yes,14,4,8,2,3,6,1,35,3,1
Game_2287,0,30,Day,Test,3,1,1,Batting,Australia,Rainy,16394,No,21,3,6,3,3,6,4,77,2,1
Game_2288,0,30,Day,ODI,3,1,4,Batting,England,Rainy,74795,Yes,20,2,17,2,3,17,14,66,2,3
Game_2289,1,30,Day and Night,ODI,4,1,4,Batting,Pakistan,Winter,45000,Yes,19,1,10,3,2,10,2,96,3,1
Game_2290,0,30,Night,ODI,3,1,4,Bowling,Srilanka,Winter,16198,No,12,2,4,2,3,6,0,61,3,1
Game_2291,0,30,Day,ODI,3,1,3,Batting,Kenya,Rainy,25060,No,16,2,7,2,3,6,2,36,3,1
Game_2292,0,30,Day and Night,T20,2,1,2,Bowling,South Africa,Rainy,45668,No,14,4,10,0,3,10,8,48,3,2
Game_2293,0,30,Day,T20,3,1,2,Bowling,Zimbabwe,Rainy,20293,No,19,4,3,0,3,6,2,98,2,1
Game_2294,0,30,Day,ODI,3,1,3,Batting,Srilanka,Rainy,36617,Yes,13,2,17,1,2,6,3,95,4,2
Game_2295,0,30,Day,ODI,4,1,4,Bowling,Kenya,Rainy,16492,Yes,19,2,8,2,3,6,4,48,3,1
Game_2296,0,30,Day,T20,3,1,1,Bowling,South Africa,Rainy,82852,No,14,3,28,0,3,6,0,73,3,4
Game_2297,0,30,Day,ODI,3,1,4,Bowling,England,Rainy,76321,No,16,1,16,2,3,13,10,78,2,3
Game_2298,0,30,Day and Night,T20,2,1,3,Batting,Zimbabwe,Rainy,20811,No,15,2,10,0,3,6,4,54,3,1
Game_2299,0,30,Day,ODI,4,1,4,Batting,West Indies,Summer,99925,No,18,3,33,0,3,12,9,72,3,4
Game_2300,0,30,Day and Night,ODI,3,1,4,Batting,Pakistan,Rainy,38934,No,13,2,12,2,0,6,2,33,3,2
Game_2301,0,30,Day,T20,2,1,3,Batting,South Africa,Rainy,31759,Yes,22,1,8,0,3,7,6,35,3,2
Game_2302,0,30,Night,T20,2,1,1,Bowling,South Africa,Summer,53494,No,13,4,10,0,3,10,0,32,3,3
Game_2303,0,30,Night,ODI,4,1,1,Bowling,Bangladesh,Winter,125468,No,11,4,31,3,3,31,6,98,3,4
Game_2304,0,30,Day,Test,3,1,4,Batting,Australia,Rainy,36428,No,11,3,13,2,3,9,4,42,2,2
Game_2305,0,30,Day,Test,2,1,4,Bowling,Australia,Winter,15939,Yes,11,3,7,4,4,6,3,57,3,1
Game_2306,1,27,Day,ODI,3,1,1,Bowling,Srilanka,Summer,19565,Yes,24,3,1,2,1,6,0,87,3,1
Game_2307,0,30,Day,ODI,2,1,2,Bowling,Kenya,Rainy,17913,Yes,13,4,8,0,3,8,7,61,3,1
Game_2308,1,30,Day and Night,ODI,1,1,4,Bowling,Srilanka,Winter,16660,Yes,14,4,3,3,2,6,0,57,2,1
Game_2309,0,30,Day,ODI,3,1,1,Batting,England,Winter,33355,No,21,3,4,2,4,6,0,55,3,2
Game_2310,0,30,Day,ODI,1,1,3,Bowling,Pakistan,Rainy,46102,Yes,17,1,17,2,2,16,8,32,3,2
Game_2311,0,30,Day,T20,4,1,4,Batting,Zimbabwe,Summer,23058,Yes,18,1,3,0,2,6,2,65,2,1
Game_2312,1,30,Day,ODI,4,1,2,Batting,Srilanka,Winter,19446,Yes,13,3,10,1,2,7,7,57,1,1
Game_2313,1,30,Day,ODI,3,1,4,Bowling,Srilanka,Rainy,16828,Yes,21,4,8,2,1,6,2,70,3,1
Game_2314,0,30,Day,ODI,3,1,2,Bowling,Srilanka,Winter,14056,No,14,2,1,3,3,6,0,83,3,1
Game_2315,0,30,Day,T20,2,1,3,Batting,South Africa,Summer,43708,No,17,1,10,0,3,6,4,68,2,2
Game_2316,0,30,Day,ODI,4,1,3,Bowling,Kenya,Summer,19593,Yes,11,2,6,1,3,6,2,100,2,1
Game_2317,0,30,Day,ODI,3,1,3,Batting,Pakistan,Winter,73864,Yes,13,4,24,3,3,6,0,37,2,3
Game_2318,0,30,Day,T20,4,1,2,Bowling,Zimbabwe,Rainy,16303,No,15,2,13,0,4,7,7,41,2,1
Game_2319,0,30,Day,ODI,1,1,4,Batting,Pakistan,Rainy,28098,Yes,25,4,10,2,1,10,6,51,3,2
Game_2320,0,30,Day,ODI,2,1,1,Batting,Srilanka,Rainy,51821,No,11,3,29,3,2,26,9,51,3,3
Game_2321,0,30,Day,ODI,4,1,4,Bowling,Kenya,Rainy,15813,No,17,1,13,2,2,6,0,51,3,1
Game_2322,0,30,Night,T20,2,1,4,Batting,South Africa,Rainy,48524,No,13,4,9,0,2,9,8,45,3,2
Game_2323,0,30,Day,ODI,4,1,2,Bowling,Kenya,Summer,32746,No,18,3,8,6,3,6,2,65,3,1
Game_2324,0,30,Day,ODI,3,1,4,Batting,West Indies,Rainy,95074,No,13,2,15,3,0,15,12,80,3,3
Game_2325,0,30,Night,ODI,3,1,3,Batting,Srilanka,Rainy,16324,No,20,3,5,3,3,6,0,70,2,1
Game_2326,0,30,Day,T20,4,1,1,Bowling,South Africa,Winter,67935,No,12,2,11,0,2,6,0,67,2,3
Game_2327,0,30,Day,ODI,3,1,4,Bowling,Srilanka,Summer,33047,Yes,13,3,20,3,3,18,13,59,3,1
Game_2328,0,30,Day,ODI,4,1,3,Bowling,Srilanka,Summer,17633,No,21,3,16,6,3,9,8,79,3,1
Game_2329,0,30,Day,ODI,3,1,4,Batting,Pakistan,Rainy,40985,Yes,11,3,10,2,1,9,7,41,3,2
Game_2330,0,30,Day and Night,ODI,3,1,4,Bowling,Kenya,Winter,25319,Yes,14,4,3,2,3,6,1,35,3,1
Game_2331,0,30,Day,ODI,4,1,3,Batting,England,Rainy,47075,No,12,3,8,2,4,8,7,93,3,2
Game_2332,1,30,Day,T20,1,1,3,Bowling,South Africa,Rainy,72275,Yes,11,1,16,0,3,16,7,51,2,3
Game_2333,0,30,Day,ODI,3,1,2,Batting,Pakistan,Summer,48643,No,14,1,6,3,3,6,0,42,2,2
Game_2334,1,30,Day,T20,4,1,1,Bowling,South Africa,Rainy,74263,No,11,3,17,0,1,14,1,32,2,3
Game_2335,0,30,Night,ODI,2,1,3,Batting,Srilanka,Rainy,31129,No,12,2,9,5,2,9,7,57,3,2
Game_2336,0,30,Day,T20,3,1,3,Batting,South Africa,Rainy,32207,No,16,2,5,0,3,6,2,86,3,2
Game_2337,0,30,Day,ODI,2,1,4,Bowling,Bangladesh,Rainy,45000,No,15,2,26,2,2,9,8,70,3,4
Game_2338,1,30,Day,ODI,3,1,4,Bowling,Kenya,Summer,17353,No,24,1,7,4,3,6,0,51,3,1
Game_2339,0,30,Day,T20,2,1,3,Bowling,Bangladesh,Winter,103964,No,13,3,22,0,4,17,13,45,3,4
Game_2340,0,30,Day,T20,2,1,3,Bowling,South Africa,Winter,50848,No,11,1,10,0,4,8,4,62,3,3
Game_2341,0,30,Night,T20,3,1,3,Batting,South Africa,Summer,39662,Yes,13,2,6,0,3,6,3,85,3,2
Game_2342,0,30,Day,T20,4,1,4,Bowling,South Africa,Winter,54761,No,13,2,12,0,3,10,9,92,3,3
Game_2343,0,30,Day,T20,5,1,1,Bowling,South Africa,Summer,55160,No,18,4,9,0,3,8,7,41,4,3
Game_2344,1,30,Night,T20,3,1,2,Batting,South Africa,Summer,92358,Yes,16,4,22,0,2,6,0,100,4,4
Game_2345,0,30,Day and Night,ODI,4,1,3,Bowling,England,Winter,35469,Yes,19,3,20,3,4,19,10,64,4,2
Game_2346,0,30,Night,T20,4,1,1,Bowling,South Africa,Winter,35553,No,13,4,12,0,3,7,7,84,3,2
Game_2347,1,30,Night,ODI,2,1,3,Bowling,Kenya,Summer,16247,Yes,22,1,4,0,3,6,2,46,2,1
Game_2348,0,30,Night,T20,3,1,4,Bowling,Bangladesh,Summer,122108,No,11,4,10,0,0,10,8,38,3,4
Game_2349,0,30,Day,ODI,1,1,2,Batting,Kenya,Summer,24164,No,18,1,5,4,3,6,2,53,3,1
Game_2350,0,30,Day,ODI,4,1,4,Batting,Srilanka,Winter,15890,No,14,4,8,2,3,6,3,91,3,1
Game_2351,0,30,Day,ODI,2,1,4,Bowling,West Indies,Winter,121793,No,22,3,32,1,2,6,4,66,3,4
Game_2352,0,30,Day and Night,ODI,4,1,3,Batting,Pakistan,Rainy,38416,Yes,13,1,6,2,3,9,5,84,4,2
Game_2353,0,30,Day and Night,ODI,3,1,1,Bowling,West Indies,Winter,135933,No,17,2,21,2,4,18,16,64,3,5
Game_2354,0,27,Night,ODI,3,1,4,Bowling,Srilanka,Rainy,25431,Yes,15,3,9,2,3,9,8,42,3,2
Game_2355,0,30,Day,T20,2,1,4,Batting,South Africa,Summer,29141,Yes,17,3,9,0,3,9,0,83,3,2
Game_2356,1,30,Day,ODI,3,1,1,Batting,Kenya,Rainy,14924,Yes,11,2,7,2,3,6,2,48,3,1
Game_2357,0,30,Day,ODI,3,1,4,Bowling,England,Rainy,97811,Yes,18,4,22,2,3,12,11,95,3,4
Game_2358,0,30,Day and Night,ODI,1,1,3,Bowling,Kenya,Rainy,18788,No,17,2,3,0,2,6,1,66,3,1
Game_2359,0,30,Day,ODI,2,1,4,Batting,England,Winter,75915,No,13,2,13,3,3,8,7,75,3,3
Game_2360,1,30,Day,ODI,4,1,3,Bowling,Srilanka,Winter,26201,Yes,24,4,5,2,1,6,2,39,2,1
Game_2361,0,30,Day and Night,ODI,1,1,3,Batting,England,Rainy,29036,No,12,3,4,1,3,6,3,96,3,2
Game_2362,0,30,Day,ODI,3,1,3,Batting,England,Rainy,75173,No,11,3,22,2,3,10,7,56,3,3
Game_2363,0,30,Day,ODI,4,1,3,Batting,Pakistan,Winter,72716,Yes,11,3,16,3,2,16,10,57,3,3
Game_2364,0,30,Day,ODI,2,1,2,Batting,West Indies,Rainy,79912,Yes,12,3,9,4,2,8,7,73,4,3
Game_2365,1,30,Day and Night,ODI,3,1,2,Batting,Srilanka,Summer,16954,No,17,1,4,3,3,6,2,60,3,1
Game_2366,0,30,Day,ODI,3,1,1,Bowling,Pakistan,Summer,29680,No,13,4,19,0,3,6,2,97,2,2
Game_2367,0,30,Day,ODI,4,1,3,Bowling,Pakistan,Summer,76993,No,14,2,27,3,3,15,11,78,2,3
Game_2368,0,30,Day,ODI,2,1,4,Batting,England,Summer,35021,No,14,2,8,6,3,6,2,42,3,2
Game_2369,0,30,Day,ODI,1,1,4,Batting,England,Rainy,89194,No,16,3,21,3,3,21,6,65,2,4
Game_2370,0,30,Day,ODI,3,1,2,Bowling,Srilanka,Winter,27419,No,20,1,3,4,2,6,2,45,3,1
Game_2371,0,30,Day,T20,2,1,4,Bowling,Bangladesh,Rainy,128121,No,13,2,21,0,4,6,0,90,3,5
Game_2372,0,30,Day,ODI,3,1,1,Bowling,Srilanka,Rainy,16660,No,18,2,8,5,3,6,0,64,3,1
Game_2373,0,30,Day,ODI,3,1,3,Batting,England,Summer,96082,Yes,13,1,30,4,3,6,3,69,2,4
Game_2374,1,30,Day,ODI,2,1,1,Batting,Pakistan,Rainy,33439,No,15,1,15,2,1,6,0,61,1,2
Game_2375,0,30,Day and Night,ODI,4,1,3,Bowling,Pakistan,Rainy,44695,Yes,14,4,17,3,3,8,7,62,3,2
Game_2376,0,30,Night,ODI,1,1,2,Batting,West Indies,Winter,139811,No,22,2,21,3,3,9,16,55,1,5
Game_2377,0,30,Day,T20,4,1,2,Bowling,South Africa,Summer,48027,Yes,12,3,19,0,3,6,0,42,3,2
Game_2378,1,30,Day,T20,1,1,1,Batting,Bangladesh,Rainy,138915,No,15,4,33,0,3,32,14,57,1,5
Game_2379,0,30,Day,T20,3,1,4,Batting,South Africa,Rainy,93240,Yes,18,3,23,0,3,12,11,53,4,4
Game_2380,0,30,Night,T20,3,1,4,Batting,South Africa,Rainy,44429,No,12,1,19,0,3,18,7,95,3,2
Game_2381,1,30,Day,ODI,4,1,3,Batting,Srilanka,Summer,19201,No,16,3,18,1,3,17,13,43,4,1
Game_2382,0,30,Day and Night,ODI,3,1,3,Batting,England,Summer,76160,Yes,13,3,21,2,3,21,6,82,3,3
Game_2383,0,30,Night,T20,1,1,2,Batting,Zimbabwe,Summer,16394,No,19,4,3,0,2,6,2,88,2,1
Game_2384,0,30,Day,T20,2,1,4,Batting,Bangladesh,Rainy,123550,No,13,2,26,0,4,9,3,90,3,4
Game_2385,0,30,Night,ODI,4,1,4,Batting,Srilanka,Summer,45000,No,12,2,10,2,3,8,7,69,3,1
Game_2386,0,30,Day,T20,4,1,2,Bowling,South Africa,Winter,68075,No,11,4,16,0,2,15,1,75,4,2
Game_2387,0,30,Day,T20,2,1,2,Bowling,Bangladesh,Rainy,83328,Yes,14,3,14,0,1,6,4,66,3,3
Game_2388,0,30,Day,Test,4,1,2,Bowling,Australia,Summer,15239,No,16,1,6,3,3,6,3,36,3,1
Game_2389,0,30,Day and Night,T20,3,1,3,Batting,South Africa,Rainy,52675,No,12,1,30,0,3,15,7,38,2,3
Game_2390,1,30,Day,ODI,3,1,1,Bowling,Srilanka,Winter,33838,No,14,2,9,3,2,6,0,81,3,2
Game_2391,0,30,Day,T20,4,1,3,Batting,Zimbabwe,Rainy,15540,Yes,19,4,1,0,3,6,1,87,3,1
Game_2392,0,30,Day and Night,ODI,4,1,3,Bowling,Kenya,Rainy,19747,No,16,1,8,2,3,6,2,44,3,1
Game_2393,0,30,Day,ODI,4,1,2,Bowling,West Indies,Rainy,134659,Yes,11,4,29,2,2,8,1,62,3,5
Game_2394,0,30,Day,ODI,3,1,4,Batting,Pakistan,Summer,28749,No,15,1,8,3,2,6,3,35,3,2
Game_2395,0,30,Day,T20,3,1,3,Bowling,South Africa,Rainy,58772,No,14,2,8,0,2,7,7,74,3,2
Game_2396,0,30,Day,ODI,4,1,4,Bowling,West Indies,Winter,137389,No,17,4,23,0,0,6,2,40,3,5
Game_2397,0,30,Day,T20,4,1,3,Batting,South Africa,Rainy,74802,No,11,2,13,0,3,9,4,41,2,3
Game_2398,0,30,Day and Night,ODI,3,1,1,Batting,Kenya,Rainy,20594,No,19,2,18,4,3,6,4,63,3,1
Game_2399,0,30,Day,ODI,5,1,4,Batting,England,Summer,62006,No,11,2,15,2,2,14,8,51,2,3
Game_2400,0,30,Night,ODI,1,1,3,Bowling,Bangladesh,Summer,117292,No,15,2,31,3,4,9,7,40,2,4
Game_2401,0,30,Day,T20,3,1,3,Bowling,South Africa,Winter,75586,No,13,3,18,0,3,6,0,79,2,3
Game_2402,0,30,Day,ODI,3,1,4,Batting,Kenya,Winter,32305,Yes,23,1,19,2,3,16,13,74,2,2
Game_2403,1,30,Day,ODI,4,1,1,Bowling,Kenya,Rainy,17227,Yes,12,3,18,2,4,10,0,34,3,1
Game_2404,0,30,Day,ODI,3,1,3,Bowling,England,Rainy,69699,No,15,3,7,1,2,6,2,85,3,2
Game_2405,0,30,Day,ODI,2,1,2,Batting,Kenya,Rainy,23632,No,13,3,10,3,3,10,6,43,4,1
Game_2406,0,30,Day,ODI,1,1,3,Batting,Pakistan,Rainy,61761,No,18,1,20,4,2,19,9,65,2,3
Game_2407,0,30,Day,ODI,4,1,1,Bowling,Pakistan,Rainy,72254,No,20,4,14,6,3,11,10,61,3,3
Game_2408,0,30,Day and Night,ODI,1,1,4,Bowling,England,Rainy,76832,No,18,2,23,4,3,6,2,65,3,3
Game_2409,1,30,Day,Test,2,1,2,Bowling,Australia,Rainy,45000,No,14,4,24,1,3,20,6,91,2,3
Game_2410,0,30,Day,ODI,3,1,4,Bowling,Pakistan,Winter,49833,No,15,3,9,2,3,6,2,34,2,3
Game_2411,1,30,Day,T20,3,1,4,Bowling,South Africa,Summer,67074,Yes,22,1,9,0,3,8,7,86,3,3
Game_2412,1,30,Day and Night,ODI,4,1,1,Batting,Kenya,Summer,31556,No,22,2,14,4,3,13,7,54,2,2
Game_2413,0,30,Day and Night,ODI,1,1,1,Bowling,Pakistan,Summer,54292,No,17,3,7,1,2,6,2,45,3,2
Game_2414,0,30,Day,T20,4,1,4,Batting,South Africa,Winter,46858,Yes,14,3,8,0,3,6,0,88,2,2
Game_2415,1,30,Day,ODI,3,1,1,Bowling,Kenya,Summer,16191,Yes,20,2,5,0,3,6,2,55,2,1
Game_2416,0,30,Day,ODI,2,1,4,Bowling,Bangladesh,Rainy,123655,No,17,4,23,3,3,22,6,35,3,4
Game_2417,1,30,Day and Night,T20,4,1,4,Bowling,South Africa,Summer,33096,Yes,14,4,5,0,3,6,0,81,3,2
Game_2418,0,30,Day and Night,T20,3,1,4,Batting,South Africa,Rainy,30114,No,17,3,4,0,3,6,2,30,3,2
Game_2419,0,30,Night,ODI,4,1,3,Bowling,Kenya,Rainy,20853,No,17,4,6,2,3,6,0,40,2,1
Game_2420,0,30,Night,ODI,4,1,1,Bowling,Bangladesh,Summer,118195,No,22,3,27,3,2,6,4,35,4,4
Game_2421,0,30,Night,T20,4,1,2,Batting,South Africa,Rainy,39151,No,13,4,15,0,3,15,10,65,2,2
Game_2422,0,30,Day,ODI,4,1,2,Bowling,Pakistan,Summer,73115,No,19,4,18,4,3,8,6,87,3,3
Game_2423,0,30,Day,T20,4,1,3,Bowling,South Africa,Winter,61180,Yes,14,2,9,0,3,8,7,73,2,3
Game_2424,0,30,Day,T20,1,1,1,Bowling,Bangladesh,Rainy,122255,No,12,4,23,0,3,12,9,52,3,4
Game_2425,0,30,Day,T20,2,1,4,Bowling,South Africa,Summer,51457,No,16,3,10,0,3,6,0,32,3,3
Game_2426,0,27,Day and Night,ODI,3,1,3,Batting,England,Rainy,75740,No,11,3,18,1,3,8,7,83,3,3
Game_2427,1,30,Day and Night,ODI,3,1,1,Bowling,Pakistan,Winter,85183,No,11,4,21,4,3,18,7,84,3,4
Game_2428,0,30,Day,ODI,3,1,3,Bowling,West Indies,Summer,137382,No,14,1,21,2,4,20,7,44,2,5
Game_2429,0,30,Night,ODI,3,1,3,Bowling,Srilanka,Summer,47474,No,15,3,9,2,2,6,4,70,3,2
Game_2430,0,30,Night,ODI,4,1,1,Bowling,England,Summer,54453,No,20,1,18,0,3,11,9,78,3,2
Game_2431,0,30,Day and Night,T20,3,1,3,Batting,Zimbabwe,Rainy,19537,No,12,1,3,0,3,6,2,67,4,1
Game_2432,0,30,Day and Night,T20,2,1,4,Bowling,South Africa,Winter,34776,No,11,4,5,0,3,6,2,54,3,2
Game_2433,0,30,Day,T20,4,1,4,Bowling,South Africa,Rainy,45000,No,17,2,22,0,3,9,8,56,2,4
Game_2434,0,30,Day and Night,ODI,2,1,4,Bowling,England,Summer,28231,No,11,4,5,3,2,6,2,95,3,2
Game_2435,0,30,Day,ODI,3,1,2,Bowling,Srilanka,Summer,29904,No,19,1,16,3,3,6,0,56,1,2
Game_2436,0,30,Day,Test,3,1,3,Bowling,Australia,Rainy,19908,No,13,4,7,2,4,7,6,37,4,1
Game_2437,1,30,Day,T20,4,1,1,Batting,South Africa,Summer,57568,Yes,17,1,6,0,3,6,2,77,3,2
Game_2438,0,30,Day,ODI,4,1,2,Bowling,Srilanka,Rainy,33362,Yes,11,1,6,4,3,6,0,46,3,1
Game_2439,1,30,Day and Night,ODI,3,1,3,Bowling,Srilanka,Rainy,18270,No,12,3,2,5,2,6,2,72,3,1
Game_2440,0,30,Day,ODI,2,1,3,Batting,Pakistan,Winter,40117,No,13,3,9,2,3,6,2,52,2,2
Game_2441,0,30,Day,T20,1,1,2,Batting,South Africa,Rainy,39998,No,20,1,6,0,2,6,5,70,3,2
Game_2442,0,30,Day,Test,4,1,3,Bowling,Australia,Summer,30261,No,17,2,6,2,1,6,4,100,3,1
Game_2443,0,30,Day and Night,ODI,4,1,2,Batting,West Indies,Summer,94493,No,17,3,20,3,2,18,7,88,3,3
Game_2444,1,30,Day and Night,T20,3,1,3,Bowling,South Africa,Summer,96306,Yes,12,2,22,0,0,21,9,44,3,4
Game_2445,0,30,Day,T20,4,1,2,Bowling,South Africa,Summer,36085,No,13,4,9,0,4,6,4,45,3,2
Game_2446,0,30,Day,ODI,4,1,4,Bowling,Srilanka,Rainy,15806,No,12,2,10,2,3,8,0,58,2,1
Game_2447,0,30,Day,T20,3,1,3,Bowling,South Africa,Rainy,46046,No,18,1,10,0,3,10,3,72,2,2
Game_2448,0,30,Day and Night,ODI,2,1,3,Batting,Kenya,Rainy,30954,Yes,13,4,16,3,1,9,1,92,2,2
Game_2449,0,30,Day,ODI,3,1,3,Bowling,England,Winter,71918,No,18,2,15,2,4,7,7,44,2,3
Game_2450,0,27,Day and Night,ODI,3,1,4,Bowling,Pakistan,Summer,37401,No,20,3,14,3,3,13,9,97,2,2
Game_2451,0,30,Day and Night,ODI,4,1,4,Bowling,Srilanka,Rainy,16632,No,13,2,2,2,4,6,2,47,2,1
Game_2452,1,30,Day,T20,3,1,1,Batting,South Africa,Summer,37422,No,13,2,7,0,2,6,3,85,1,2
Game_2453,0,30,Night,T20,1,1,3,Batting,Zimbabwe,Winter,19789,No,12,3,1,0,3,6,0,76,3,1
Game_2454,0,30,Day,ODI,4,1,4,Batting,Bangladesh,Winter,139601,No,13,4,28,2,3,6,2,92,3,5
Game_2455,0,30,Day,ODI,3,1,1,Batting,Kenya,Rainy,31339,Yes,19,3,7,2,2,6,2,83,3,1
Game_2456,0,30,Day,ODI,3,1,4,Batting,England,Rainy,45318,No,13,2,14,2,2,14,8,56,2,2
Game_2457,1,30,Day,ODI,4,1,3,Bowling,Kenya,Summer,45000,Yes,11,3,6,4,3,6,4,96,3,1
Game_2458,0,30,Day,ODI,2,1,4,Batting,Bangladesh,Winter,130242,No,18,2,26,6,3,7,7,50,3,5
Game_2459,0,30,Day,T20,3,1,3,Batting,Bangladesh,Rainy,119336,No,23,1,28,0,3,26,15,69,3,4
Game_2460,0,30,Night,ODI,3,1,4,Bowling,Kenya,Summer,16030,No,13,4,6,3,3,6,0,74,1,1
Game_2461,0,30,Day,Test,3,1,2,Bowling,Australia,Rainy,25200,No,13,4,5,2,3,6,4,99,3,1
Game_2462,1,30,Night,ODI,2,1,1,Bowling,Kenya,Winter,14749,No,17,1,5,2,1,6,0,95,2,1
Game_2463,0,30,Day,T20,4,1,3,Bowling,South Africa,Winter,28805,No,19,3,8,0,3,6,3,61,3,2
Game_2464,0,30,Day and Night,T20,4,1,2,Bowling,South Africa,Rainy,30289,No,12,4,5,0,3,6,0,62,3,2
Game_2465,0,30,Day and Night,ODI,3,1,4,Batting,Bangladesh,Rainy,124992,No,22,3,32,3,3,6,2,30,3,4
Game_2466,0,30,Day,ODI,2,1,4,Bowling,West Indies,Rainy,133567,No,11,1,25,2,3,6,2,52,3,5
Game_2467,0,30,Day,T20,4,1,3,Bowling,South Africa,Rainy,62762,Yes,15,4,15,0,3,7,7,94,3,2
Game_2468,0,30,Day and Night,T20,3,1,2,Batting,South Africa,Rainy,31773,No,12,1,10,0,0,10,7,82,3,2
Game_2469,0,30,Day,ODI,4,1,3,Bowling,Srilanka,Winter,19187,No,14,3,7,4,3,7,7,60,1,1
Game_2470,0,30,Day,ODI,4,1,3,Bowling,Srilanka,Winter,24437,No,13,1,10,4,2,10,7,49,3,2
Game_2471,0,30,Day,ODI,4,1,4,Bowling,Kenya,Summer,31787,No,25,2,20,3,3,20,11,32,3,2
Game_2472,0,30,Day,ODI,4,1,4,Bowling,England,Winter,51653,No,11,3,12,3,2,9,3,60,3,2
Game_2473,0,30,Night,Test,5,1,4,Bowling,Australia,Rainy,43904,No,16,1,10,3,4,6,3,79,4,2
Game_2474,0,27,Day,T20,4,1,2,Bowling,South Africa,Winter,36540,Yes,18,2,12,0,3,11,7,52,4,2
Game_2475,0,30,Day and Night,ODI,3,1,3,Batting,Srilanka,Rainy,19201,No,20,3,2,2,3,6,2,77,2,1
Game_2476,0,30,Day,ODI,2,1,4,Batting,Kenya,Summer,34986,Yes,14,4,10,2,3,8,7,38,3,2
Game_2477,0,30,Day,ODI,3,1,3,Batting,England,Winter,71764,Yes,21,3,17,2,3,7,7,77,1,3
Game_2478,0,30,Day,ODI,3,1,1,Bowling,Kenya,Rainy,19467,No,13,2,15,5,3,14,10,60,3,1
Game_2479,0,30,Day,T20,3,1,2,Batting,South Africa,Winter,47964,No,12,2,7,0,4,6,1,84,2,2
Game_2480,0,30,Day,ODI,3,1,4,Bowling,Kenya,Rainy,25053,Yes,21,1,12,2,3,11,9,63,3,1
Game_2481,0,30,Day and Night,ODI,5,1,1,Batting,West Indies,Rainy,92337,Yes,17,3,20,6,3,6,0,60,3,3
Game_2482,0,30,Night,T20,2,1,3,Batting,South Africa,Rainy,72639,Yes,11,2,16,0,2,13,2,78,2,3
Game_2483,0,30,Day and Night,ODI,4,1,4,Batting,England,Winter,73514,No,17,1,33,2,1,6,4,53,3,3
Game_2484,0,30,Day,ODI,1,1,1,Batting,Kenya,Rainy,14077,No,13,4,10,5,3,10,5,72,4,1
Game_2485,0,30,Day,ODI,3,1,4,Bowling,West Indies,Rainy,124453,No,14,1,36,2,3,10,9,85,3,4
Game_2486,0,30,Day,ODI,2,1,3,Bowling,Pakistan,Rainy,47831,Yes,12,4,6,2,2,6,5,80,3,2
Game_2487,0,30,Day,ODI,3,1,3,Batting,Pakistan,Summer,47684,No,19,2,10,2,3,10,9,96,2,2
Game_2488,0,30,Day,T20,3,1,3,Batting,South Africa,Summer,36197,No,17,4,13,0,3,6,1,48,2,2
Game_2489,0,30,Day,ODI,3,1,3,Bowling,West Indies,Rainy,138180,No,14,2,25,2,3,8,7,96,1,5
Game_2490,0,30,Day,ODI,2,1,1,Bowling,Bangladesh,Rainy,130977,No,13,3,23,2,4,6,0,85,2,5
Game_2491,0,30,Day and Night,ODI,3,1,3,Bowling,Kenya,Rainy,25844,No,12,3,12,2,2,11,10,46,3,1
Game_2492,0,30,Day,ODI,2,1,4,Bowling,Srilanka,Summer,17913,No,11,3,7,4,0,6,0,76,4,1
Game_2493,0,30,Day,ODI,3,1,4,Bowling,West Indies,Summer,127855,No,12,3,25,3,4,6,0,76,2,5
Game_2494,0,30,Day,ODI,3,1,3,Batting,Kenya,Rainy,18095,No,17,4,2,5,2,6,0,89,4,1
Game_2495,0,30,Day,T20,3,1,2,Bowling,Bangladesh,Rainy,127491,No,11,3,26,0,3,22,9,88,3,5
Game_2496,0,30,Day,T20,5,1,4,Bowling,South Africa,Winter,58660,Yes,14,4,10,0,3,9,8,82,4,3
Game_2497,1,30,Day,T20,3,1,1,Batting,Bangladesh,Summer,131768,Yes,16,1,26,0,3,24,10,94,1,5
Game_2498,0,27,Night,ODI,3,1,4,Bowling,Pakistan,Winter,95039,Yes,15,4,34,3,3,33,9,37,2,4
Game_2499,0,30,Day,T20,2,1,4,Batting,Bangladesh,Rainy,131523,No,14,3,26,0,3,11,4,33,2,5
Game_2500,0,30,Day,T20,3,1,3,Batting,South Africa,Summer,31766,Yes,12,4,4,0,3,6,2,86,3,2
Game_2501,0,30,Day and Night,T20,3,1,4,Bowling,Bangladesh,Winter,138929,Yes,24,1,31,0,2,29,10,83,3,5
Game_2502,0,30,Day,ODI,4,1,4,Bowling,England,Summer,73584,No,12,4,25,6,2,9,7,67,3,3
Game_2503,0,30,Day and Night,ODI,3,1,3,Batting,Srilanka,Winter,31108,No,13,3,15,2,4,11,8,46,3,2
Game_2504,0,30,Day,ODI,2,1,3,Bowling,Bangladesh,Winter,134330,No,14,4,26,4,2,25,9,92,4,5
Game_2505,0,30,Day and Night,Test,3,1,3,Bowling,Australia,Rainy,31430,No,11,4,14,5,4,10,9,56,2,2
Game_2506,0,30,Day,ODI,1,1,3,Bowling,Kenya,Rainy,24542,Yes,14,4,4,3,3,6,2,66,3,1
Game_2507,0,30,Day,ODI,4,1,2,Batting,Kenya,Rainy,16604,Yes,16,4,18,2,3,6,0,78,4,2
Game_2508,0,30,Day,T20,4,1,4,Batting,South Africa,Summer,71617,No,14,4,23,0,4,21,7,56,2,3
Game_2509,0,30,Day,ODI,4,1,3,Batting,England,Summer,37870,Yes,11,4,18,2,3,16,14,53,3,2
Game_2510,1,30,Day,ODI,3,1,1,Batting,Pakistan,Rainy,55846,No,11,4,10,2,3,10,7,73,3,3
Game_2511,0,30,Day and Night,ODI,2,1,2,Batting,Srilanka,Summer,19866,No,14,2,8,6,2,7,0,40,2,1
Game_2512,0,30,Night,ODI,2,1,3,Batting,England,Summer,32865,Yes,18,3,10,3,3,8,4,72,3,2
Game_2513,0,30,Day,T20,3,1,3,Bowling,South Africa,Rainy,43463,No,15,3,10,0,4,10,7,56,4,2
Game_2514,0,30,Day and Night,ODI,3,1,2,Batting,Bangladesh,Summer,126427,No,22,3,22,4,3,6,0,83,3,5
Game_2515,0,30,Day,ODI,4,1,3,Batting,Bangladesh,Winter,119861,Yes,13,4,21,4,3,19,9,94,2,4
Game_2516,0,30,Day,ODI,4,1,1,Bowling,Kenya,Winter,16604,No,12,4,2,3,0,6,2,88,3,1
Game_2517,1,30,Day,ODI,2,1,4,Bowling,Srilanka,Rainy,34181,No,18,1,10,3,3,10,4,79,3,2
Game_2518,1,30,Day,ODI,3,1,3,Bowling,Kenya,Summer,27328,No,13,1,6,2,3,6,2,93,3,1
Game_2519,0,30,Day,ODI,3,1,1,Batting,Srilanka,Rainy,32389,No,12,1,10,6,3,9,2,48,2,2
Game_2520,0,30,Day,ODI,4,1,4,Batting,Pakistan,Rainy,49658,No,12,1,10,0,3,9,7,63,3,3
Game_2521,0,30,Day,Test,2,1,4,Batting,Australia,Summer,23961,No,12,3,10,3,4,7,6,44,3,1
Game_2522,0,30,Day,ODI,3,1,4,Batting,West Indies,Rainy,118160,Yes,11,2,25,2,3,6,2,43,3,4
Game_2523,1,30,Day,T20,4,1,4,Bowling,South Africa,Summer,63658,Yes,12,3,9,0,3,6,4,57,2,3
Game_2524,1,30,Day,T20,3,1,2,Bowling,South Africa,Summer,59122,Yes,19,3,10,0,2,8,7,64,3,3
Game_2525,0,30,Day,ODI,4,1,2,Batting,Bangladesh,Rainy,83412,Yes,23,4,9,2,3,9,1,95,3,3
Game_2526,0,30,Day,ODI,2,1,1,Bowling,England,Summer,31738,No,11,1,9,6,3,8,7,32,3,2
Game_2527,0,30,Night,T20,4,1,4,Batting,South Africa,Winter,68964,Yes,19,1,10,0,2,10,8,57,3,3
Game_2528,0,30,Night,T20,2,1,3,Bowling,South Africa,Summer,43057,No,13,1,19,0,3,19,2,40,1,2
Game_2529,1,30,Day and Night,T20,3,1,4,Batting,Zimbabwe,Summer,16114,Yes,11,1,3,0,4,6,2,54,3,1
Game_2530,1,30,Day,ODI,3,1,1,Bowling,Srilanka,Rainy,16534,No,12,3,10,4,4,6,2,89,3,1
Game_2531,0,30,Night,ODI,1,1,3,Bowling,Bangladesh,Rainy,125027,Yes,13,4,21,3,2,20,8,37,3,4
Game_2532,0,30,Day,ODI,2,1,4,Batting,Bangladesh,Rainy,134309,No,14,4,23,5,3,19,9,58,1,5
Game_2533,0,30,Day,Test,4,1,4,Bowling,Bangladesh,Summer,138019,No,14,1,36,4,3,7,3,99,3,5
Game_2534,0,30,Night,ODI,2,1,3,Bowling,Kenya,Winter,24808,No,16,2,6,0,3,6,2,74,3,1
Game_2535,0,30,Day,ODI,3,1,4,Bowling,Pakistan,Winter,59500,No,11,4,10,0,2,9,7,86,3,3
Game_2536,0,30,Day,ODI,3,1,3,Bowling,Kenya,Summer,32627,No,13,3,9,4,3,9,8,98,3,2
Game_2537,0,30,Day and Night,T20,3,1,3,Batting,South Africa,Winter,28721,No,17,4,10,0,3,9,3,66,3,2
Game_2538,0,30,Day and Night,ODI,4,1,3,Bowling,Kenya,Summer,29743,Yes,11,2,9,3,3,9,6,87,3,2
Game_2539,0,30,Day,Test,3,1,3,Bowling,Bangladesh,Winter,98182,Yes,11,2,33,2,3,33,9,84,3,4
Game_2540,0,30,Day,T20,2,1,2,Batting,South Africa,Winter,48251,No,15,4,11,0,0,7,7,31,3,2
Game_2541,0,30,Day,T20,2,1,3,Batting,South Africa,Summer,42875,No,12,4,10,0,4,10,8,66,3,2
Game_2542,1,30,Day,ODI,4,1,3,Batting,England,Rainy,70056,Yes,14,4,31,0,2,10,9,53,2,3
Game_2543,0,30,Day,ODI,4,1,2,Bowling,Srilanka,Rainy,16709,No,22,3,7,3,3,6,2,88,3,1
Game_2544,0,30,Day and Night,T20,3,1,1,Batting,South Africa,Rainy,32473,No,16,4,17,0,2,15,7,83,4,2
Game_2545,0,30,Day,ODI,3,1,4,Bowling,England,Summer,55286,No,11,3,11,2,3,10,9,54,3,3
Game_2546,0,27,Day,ODI,2,1,4,Batting,England,Summer,91994,No,16,2,29,1,2,6,2,82,2,4
Game_2547,0,30,Day,ODI,3,1,4,Batting,Srilanka,Rainy,37541,No,12,2,10,0,3,9,7,60,2,2
Game_2548,1,30,Day,T20,4,1,1,Bowling,South Africa,Summer,95865,Yes,17,3,24,0,2,19,7,85,4,4
Game_2549,0,30,Day,ODI,3,1,4,Bowling,England,Rainy,93814,Yes,12,1,33,0,3,19,16,68,3,4
Game_2550,0,30,Night,ODI,1,1,1,Batting,Kenya,Winter,14203,No,20,3,5,2,3,6,4,92,2,1
Game_2551,0,30,Day,ODI,1,1,2,Batting,Pakistan,Winter,44639,No,20,2,15,0,3,12,11,89,4,2
Game_2552,0,30,Day,ODI,3,1,2,Bowling,Srilanka,Rainy,38003,No,13,1,10,1,3,8,7,86,3,2
Game_2553,1,30,Day and Night,T20,3,1,3,Batting,Zimbabwe,Summer,19495,No,14,3,3,0,4,6,0,90,2,1
Game_2554,1,30,Day and Night,T20,4,1,4,Batting,South Africa,Rainy,32298,Yes,18,3,5,0,2,6,2,67,3,2
Game_2555,0,30,Day and Night,ODI,3,1,4,Bowling,Kenya,Winter,18270,No,11,4,4,2,3,6,2,57,4,1
Game_2556,0,30,Day,ODI,4,1,3,Batting,Pakistan,Summer,46809,No,11,4,14,2,4,14,11,98,3,2
Game_2557,1,30,Day,ODI,4,1,4,Bowling,England,Rainy,43253,Yes,15,4,10,3,2,10,2,98,3,2
Game_2558,0,30,Day,T20,4,1,1,Bowling,South Africa,Rainy,42840,Yes,12,4,8,0,4,6,4,44,2,2
Game_2559,0,30,Day and Night,T20,3,1,2,Bowling,South Africa,Rainy,74172,No,11,2,14,0,3,6,2,52,3,3
Game_2560,0,30,Day and Night,ODI,3,1,4,Batting,Kenya,Winter,38269,Yes,14,1,12,4,2,6,2,75,3,2
Game_2561,0,30,Day,ODI,1,1,3,Bowling,Kenya,Rainy,20972,Yes,15,4,8,2,3,6,4,54,3,1
Game_2562,0,30,Day and Night,T20,1,1,2,Bowling,South Africa,Rainy,69986,No,13,1,8,0,4,6,4,61,3,2
Game_2563,0,30,Day,T20,1,1,3,Bowling,South Africa,Rainy,28546,Yes,13,1,4,0,2,6,2,36,3,2
Game_2564,0,30,Night,ODI,2,1,3,Bowling,Pakistan,Rainy,76440,No,21,2,13,2,3,6,4,71,3,3
Game_2565,0,30,Day and Night,ODI,2,1,4,Batting,England,Rainy,92729,Yes,11,2,24,3,2,6,3,59,4,4
Game_2566,0,30,Day,ODI,3,1,1,Batting,Kenya,Summer,28567,Yes,14,1,20,3,1,20,7,73,2,2
Game_2567,0,30,Day,Test,3,1,3,Batting,Bangladesh,Rainy,117593,No,14,3,21,5,3,20,7,31,3,4
Game_2568,0,30,Day,ODI,4,1,3,Batting,Srilanka,Rainy,20650,No,13,3,12,2,1,6,4,54,3,1
Game_2569,0,30,Day,ODI,3,1,1,Batting,Srilanka,Summer,25403,No,18,1,8,6,3,6,2,94,3,1
Game_2570,0,30,Day and Night,ODI,3,1,3,Bowling,England,Summer,65534,No,11,3,10,2,3,6,2,60,3,3
Game_2571,1,30,Day and Night,ODI,2,1,1,Bowling,Srilanka,Summer,29988,No,20,1,20,2,3,6,3,97,2,2
Game_2572,0,30,Day,ODI,3,1,4,Batting,West Indies,Summer,121296,No,19,4,29,3,2,20,7,54,3,4
Game_2573,0,30,Day,ODI,3,1,4,Batting,West Indies,Rainy,137907,Yes,21,3,32,3,3,9,8,76,3,5
Game_2574,0,30,Day,ODI,4,1,2,Bowling,West Indies,Winter,103124,No,13,4,31,4,4,7,7,81,4,4
Game_2575,0,30,Day,T20,4,1,1,Batting,South Africa,Summer,64946,Yes,16,4,15,0,3,6,4,99,3,2
Game_2576,1,30,Day and Night,T20,4,1,2,Batting,Zimbabwe,Summer,9513,No,12,2,1,0,3,6,0,50,1,1
Game_2577,0,30,Day,T20,4,1,4,Batting,South Africa,Winter,33453,No,14,2,8,0,3,6,2,73,3,2
Game_2578,0,30,Day,ODI,5,1,1,Batting,West Indies,Summer,114954,No,11,3,9,3,4,6,2,93,3,4
Game_2579,0,30,Day and Night,ODI,4,1,4,Bowling,Kenya,Winter,20972,No,14,3,10,2,3,6,3,91,3,1
Game_2580,1,30,Day,ODI,3,1,1,Batting,Kenya,Summer,8827,No,12,3,1,3,4,6,0,34,2,1
Game_2581,0,30,Day,ODI,4,1,1,Bowling,Srilanka,Summer,40670,No,16,3,10,2,2,10,4,37,2,2
Game_2582,0,30,Day,T20,4,1,3,Batting,South Africa,Rainy,39529,No,13,1,11,0,2,6,2,98,2,2
Game_2583,0,30,Day,ODI,3,1,1,Bowling,Kenya,Rainy,23940,No,12,3,17,2,2,6,5,74,3,1
Game_2584,0,30,Night,ODI,2,1,3,Bowling,Srilanka,Summer,24500,No,14,1,7,2,1,6,5,84,4,1
Game_2585,0,30,Day,ODI,2,1,1,Batting,Kenya,Rainy,14462,No,22,4,5,3,4,6,2,90,3,1
Game_2586,0,30,Day,ODI,4,1,1,Batting,West Indies,Rainy,120183,No,19,2,26,2,4,20,17,82,3,4
Game_2587,0,30,Day,T20,5,1,4,Bowling,South Africa,Rainy,64428,No,12,3,7,0,2,6,3,97,3,2
Game_2588,0,30,Day,ODI,3,1,4,Batting,Srilanka,Rainy,23058,No,17,1,7,2,2,6,4,86,2,1
Game_2589,0,30,Day,ODI,5,1,2,Bowling,Kenya,Rainy,14889,Yes,12,1,7,5,2,6,2,90,4,1
Game_2590,0,30,Night,ODI,4,1,3,Bowling,Srilanka,Winter,27825,No,11,3,11,2,4,8,7,81,3,2
Game_2591,0,30,Day,T20,2,1,1,Bowling,South Africa,Winter,75551,No,18,1,13,0,3,13,7,31,3,3
Game_2592,1,30,Day,T20,3,1,1,Bowling,South Africa,Winter,70672,No,11,1,28,0,4,7,7,52,3,3
Game_2593,1,30,Night,ODI,3,1,1,Batting,Srilanka,Summer,25522,Yes,23,2,11,2,4,6,0,54,2,1
Game_2594,1,27,Day and Night,ODI,3,1,3,Batting,England,Summer,52122,No,11,1,10,2,3,10,8,100,4,3
Game_2595,0,30,Day,ODI,3,1,2,Bowling,Pakistan,Winter,75957,Yes,18,2,24,2,3,7,7,95,1,3
Game_2596,0,30,Day,Test,2,1,4,Batting,Australia,Summer,14763,No,18,4,8,3,3,6,2,96,4,1
Game_2597,1,30,Day and Night,ODI,3,1,2,Bowling,Srilanka,Rainy,26054,Yes,13,3,7,2,1,6,2,94,3,1
Game_2598,0,30,Day,ODI,3,1,2,Bowling,England,Rainy,65660,Yes,18,4,10,4,4,6,1,55,3,3
Game_2599,0,30,Day,T20,3,1,3,Batting,South Africa,Winter,38402,No,11,1,15,0,3,6,2,96,3,2
Game_2600,1,30,Day,Test,4,1,1,Batting,Australia,Rainy,19194,No,15,4,2,0,3,6,2,52,3,1
Game_2601,0,30,Night,ODI,1,1,4,Bowling,West Indies,Winter,96299,No,11,3,16,5,3,9,8,55,2,3
Game_2602,0,30,Night,ODI,3,1,3,Bowling,Srilanka,Summer,22134,No,14,4,7,5,3,6,2,90,2,1
Game_2603,0,30,Day,ODI,3,1,4,Bowling,West Indies,Summer,116186,No,12,2,35,2,2,9,8,39,4,4
Game_2604,0,30,Day,ODI,4,1,1,Bowling,Pakistan,Rainy,46557,No,14,2,20,0,2,6,2,96,3,2
Game_2605,0,30,Day,ODI,3,1,3,Bowling,Kenya,Winter,16415,No,14,3,8,3,4,6,1,68,3,1
Game_2606,0,30,Day,ODI,3,1,4,Bowling,Kenya,Summer,23940,No,13,3,6,3,2,6,2,49,3,1
Game_2607,0,30,Day and Night,T20,3,1,4,Bowling,South Africa,Rainy,30611,No,14,1,5,0,3,6,3,54,3,2
Game_2608,0,30,Day,T20,3,1,4,Bowling,South Africa,Summer,33313,No,18,4,15,0,3,13,9,81,1,2
Game_2609,0,30,Day,T20,1,1,4,Bowling,South Africa,Rainy,37107,No,15,3,4,0,2,6,1,96,3,2
Game_2610,0,30,Day and Night,ODI,2,1,1,Batting,Srilanka,Summer,25711,No,13,3,12,3,3,12,9,74,3,1
Game_2611,0,30,Day and Night,T20,5,1,1,Batting,South Africa,Rainy,33376,No,12,3,11,0,2,6,0,79,3,2
Game_2612,0,30,Night,ODI,3,1,3,Bowling,Kenya,Winter,8918,No,13,2,1,2,2,6,0,64,3,1
Game_2613,0,30,Day,ODI,2,1,2,Bowling,Kenya,Rainy,34300,No,24,1,13,2,2,12,9,93,4,2
Game_2614,0,30,Day,ODI,4,1,3,Bowling,Pakistan,Winter,73262,No,14,2,29,3,3,8,7,35,3,3
Game_2615,0,30,Day and Night,ODI,3,1,2,Bowling,West Indies,Winter,119049,No,14,4,16,3,2,14,8,71,3,4
Game_2616,1,30,Day,T20,4,1,1,Batting,South Africa,Summer,32193,Yes,23,3,16,0,4,15,9,40,2,2
Game_2617,0,30,Day,T20,1,1,4,Bowling,Zimbabwe,Rainy,16828,No,13,1,1,0,3,6,0,76,3,1
Game_2618,0,27,Day and Night,ODI,3,1,2,Bowling,England,Summer,71463,Yes,18,2,16,2,2,6,2,86,3,3
Game_2619,0,30,Day,Test,3,1,3,Bowling,Australia,Winter,14448,No,21,1,6,3,4,6,3,46,3,1
Game_2620,0,30,Day,ODI,4,1,4,Bowling,Pakistan,Rainy,28245,Yes,16,2,4,2,3,6,2,30,3,2
Game_2621,0,30,Day,ODI,4,1,1,Batting,Srilanka,Rainy,26866,No,11,4,8,5,3,6,4,82,2,1
Game_2622,0,30,Day,T20,3,1,3,Batting,South Africa,Rainy,32137,Yes,17,3,11,0,2,6,4,78,3,2
Game_2623,0,30,Day,ODI,2,1,3,Batting,Srilanka,Rainy,33523,No,25,1,10,3,3,6,2,43,2,2
Game_2624,0,30,Day,ODI,5,1,4,Bowling,Pakistan,Summer,44716,Yes,17,1,14,6,3,6,0,69,3,2
Game_2625,0,30,Day,ODI,3,1,3,Bowling,Bangladesh,Summer,78708,No,25,2,10,5,4,6,2,64,3,3
Game_2626,0,30,Day and Night,ODI,4,1,2,Batting,Bangladesh,Winter,112224,No,20,1,26,2,3,14,9,87,3,4
Game_2627,0,30,Day,ODI,3,1,4,Bowling,West Indies,Rainy,114296,No,13,3,24,1,4,20,6,32,3,4
Game_2628,0,30,Day,ODI,3,1,2,Batting,England,Summer,58632,No,18,4,9,3,3,6,0,32,3,3
Game_2629,0,30,Day,T20,3,1,3,Batting,Bangladesh,Rainy,116242,No,12,4,23,0,4,13,12,51,3,4
Game_2630,0,30,Day,ODI,3,1,4,Batting,Pakistan,Summer,60242,No,19,4,11,3,1,11,8,91,2,3
Game_2631,1,30,Day,ODI,4,1,4,Bowling,Srilanka,Summer,14126,No,14,2,15,3,1,6,4,86,3,1
Game_2632,0,30,Day,T20,3,1,4,Bowling,South Africa,Rainy,49581,Yes,14,4,10,0,3,10,9,64,2,3
Game_2633,1,30,Day and Night,ODI,3,1,4,Batting,Kenya,Summer,28588,No,12,1,7,2,1,7,2,33,3,1
Game_2634,0,30,Day and Night,ODI,5,1,3,Bowling,West Indies,Summer,100877,Yes,13,4,32,2,3,32,6,88,1,4
Game_2635,0,30,Day,T20,2,1,2,Bowling,Zimbabwe,Rainy,16156,Yes,25,2,12,0,3,11,10,55,3,1
Game_2636,0,30,Day,ODI,3,1,3,Bowling,Srilanka,Rainy,33887,No,14,2,4,3,3,6,0,68,2,1
Game_2637,0,30,Day,ODI,3,1,1,Bowling,Kenya,Rainy,29995,No,17,1,10,2,3,10,8,47,3,2
Game_2638,0,30,Day,ODI,3,1,4,Bowling,England,Summer,30240,No,13,4,5,2,3,6,3,44,2,2
Game_2639,0,30,Day,ODI,3,1,4,Bowling,Kenya,Rainy,14924,No,20,4,8,3,3,6,4,97,3,1
Game_2640,0,30,Day and Night,ODI,3,1,4,Bowling,Pakistan,Rainy,70868,Yes,14,3,24,3,1,20,8,40,3,3
Game_2641,0,30,Day,T20,2,1,1,Bowling,South Africa,Rainy,38311,No,12,4,9,0,4,8,4,47,3,2
Game_2642,0,27,Day,ODI,3,1,2,Bowling,Srilanka,Rainy,36449,Yes,12,2,15,3,3,15,14,79,3,2
Game_2643,0,30,Day,Test,2,1,3,Bowling,Bangladesh,Summer,115059,Yes,21,4,21,2,3,21,7,38,3,4
Game_2644,0,30,Night,ODI,2,1,4,Bowling,Pakistan,Winter,28483,Yes,18,3,8,2,3,6,2,72,3,2
Game_2645,0,30,Day,ODI,4,1,1,Bowling,Pakistan,Winter,52087,No,12,1,10,4,3,10,8,66,3,3
Game_2646,0,30,Day,T20,4,1,3,Batting,Zimbabwe,Rainy,17010,No,23,1,6,0,3,6,3,98,2,1
Game_2647,0,30,Day,ODI,2,1,4,Batting,Kenya,Rainy,41146,No,12,1,12,2,3,7,1,67,2,2
Game_2648,0,30,Day,T20,4,1,3,Bowling,Zimbabwe,Summer,18508,Yes,21,4,7,0,2,6,2,70,3,1
Game_2649,0,30,Day,T20,4,1,3,Batting,South Africa,Winter,45073,No,14,3,18,0,3,8,7,96,3,2
Game_2650,0,30,Day,T20,4,1,1,Bowling,South Africa,Rainy,44744,No,13,4,8,0,1,6,2,46,3,2
Game_2651,1,30,Day,T20,3,1,2,Bowling,South Africa,Rainy,67998,No,11,4,10,0,3,10,8,64,2,2
Game_2652,0,30,Day and Night,Test,4,1,3,Bowling,Australia,Rainy,42539,No,11,3,10,2,3,6,3,71,3,2
Game_2653,0,30,Day,ODI,3,1,4,Bowling,Srilanka,Summer,17150,No,19,2,3,3,3,6,0,68,2,1
Game_2654,0,30,Day,T20,4,1,3,Bowling,South Africa,Rainy,64750,No,12,2,9,0,3,6,2,33,3,3
Game_2655,1,30,Day,ODI,3,1,1,Batting,Srilanka,Winter,14518,Yes,12,4,1,2,3,6,0,69,3,1
Game_2656,1,30,Day,ODI,5,1,3,Batting,England,Rainy,71183,No,16,2,34,4,3,33,7,78,2,3
Game_2657,1,30,Day,ODI,3,1,3,Bowling,England,Rainy,33985,No,11,1,7,2,3,6,2,81,3,2
Game_2658,0,30,Night,ODI,4,1,4,Bowling,Kenya,Rainy,28609,No,14,2,9,3,2,6,5,62,3,2
Game_2659,0,30,Day,ODI,4,1,3,Batting,Kenya,Rainy,16569,No,12,4,10,3,2,8,2,65,3,1
Game_2660,0,30,Day,ODI,4,1,1,Bowling,Kenya,Summer,20804,No,13,3,1,4,1,6,0,35,3,1
Game_2661,0,30,Day,T20,5,1,3,Bowling,Bangladesh,Rainy,137102,No,21,3,36,0,3,36,6,60,2,5
Game_2662,0,30,Day,ODI,4,1,2,Bowling,Kenya,Rainy,38388,No,17,2,9,3,2,6,2,45,3,2
Game_2663,0,30,Day,T20,3,1,3,Bowling,South Africa,Rainy,69468,No,11,4,10,0,3,9,8,80,3,2
Game_2664,0,30,Day,T20,3,1,2,Batting,South Africa,Summer,29386,No,12,2,8,0,4,6,2,90,3,2
Game_2665,0,30,Day,T20,4,1,2,Batting,South Africa,Summer,47705,No,13,1,15,0,3,6,0,73,3,2
Game_2666,0,27,Day,ODI,3,1,1,Batting,Pakistan,Summer,42994,Yes,16,3,10,4,3,6,2,51,3,2
Game_2667,0,30,Day,T20,3,1,4,Bowling,South Africa,Rainy,57659,No,11,1,11,0,3,7,6,38,4,3
Game_2668,0,30,Day,T20,3,1,3,Bowling,Bangladesh,Rainy,135317,Yes,16,3,27,0,3,6,0,59,3,5
Game_2669,0,30,Day and Night,ODI,4,1,1,Bowling,Srilanka,Rainy,38934,Yes,13,4,9,3,3,6,2,80,4,2
Game_2670,0,30,Day,ODI,2,1,4,Bowling,Bangladesh,Summer,137291,No,22,4,24,2,3,6,0,93,2,5
Game_2671,0,30,Day,ODI,3,1,2,Batting,Srilanka,Rainy,23849,No,17,4,10,3,2,10,9,46,4,2
Game_2672,0,30,Day and Night,ODI,4,1,4,Bowling,Pakistan,Rainy,35441,No,14,2,8,3,2,8,2,92,2,2
Game_2673,0,30,Day,T20,2,1,4,Batting,South Africa,Rainy,32473,No,15,3,5,0,3,6,4,84,3,2
Game_2674,0,30,Day,ODI,3,1,4,Bowling,Srilanka,Winter,34132,No,12,3,8,0,3,6,4,87,4,1
Game_2675,0,30,Day,ODI,2,1,3,Bowling,Srilanka,Rainy,18830,No,18,4,1,5,2,6,0,63,2,1
Game_2676,0,30,Day,T20,4,1,4,Bowling,Bangladesh,Summer,122969,No,15,2,27,0,1,26,0,56,4,4
Game_2677,0,30,Day and Night,ODI,5,1,2,Bowling,Pakistan,Rainy,78715,Yes,15,3,32,3,3,30,8,41,3,4
Game_2678,0,30,Day,ODI,4,1,2,Batting,Kenya,Rainy,23184,No,17,4,6,3,3,6,2,35,4,1
Game_2679,0,30,Day,ODI,3,1,2,Batting,West Indies,Winter,133343,Yes,14,4,23,4,2,22,7,31,3,5
Game_2680,0,30,Day,ODI,3,1,2,Bowling,Kenya,Rainy,14987,No,12,2,6,3,2,6,4,48,2,1
Game_2681,0,30,Day,ODI,5,1,3,Batting,Srilanka,Summer,40383,Yes,14,1,10,3,3,10,7,50,1,2
Game_2682,0,30,Night,T20,3,1,1,Bowling,South Africa,Rainy,30695,No,15,1,10,0,3,10,7,52,2,2
Game_2683,0,30,Day and Night,T20,4,1,4,Bowling,South Africa,Summer,37324,No,13,4,10,0,3,6,2,54,3,2
Game_2684,0,30,Day,ODI,4,1,3,Batting,England,Rainy,32641,Yes,12,2,7,2,3,6,2,76,3,2
Game_2685,0,30,Day and Night,ODI,4,1,3,Bowling,England,Winter,33068,No,13,1,9,3,3,9,7,42,4,2
Game_2686,0,30,Day,ODI,4,1,3,Batting,Srilanka,Rainy,22477,No,14,4,10,3,2,9,6,84,3,1
Game_2687,0,30,Day,ODI,5,1,2,Bowling,England,Rainy,37639,No,13,4,10,3,3,7,7,76,3,2
Game_2688,0,30,Day,ODI,5,1,2,Bowling,Kenya,Rainy,36456,No,11,4,16,2,3,16,15,48,4,2
Game_2689,0,30,Day,Test,4,1,4,Batting,Bangladesh,Rainy,137606,No,11,3,27,2,3,6,2,98,3,5
Game_2690,0,30,Day,ODI,2,1,3,Bowling,Srilanka,Winter,21483,No,15,4,11,3,3,10,8,76,2,2
Game_2691,0,30,Day,ODI,3,1,1,Batting,England,Rainy,73045,No,13,4,18,2,3,18,15,80,2,3
Game_2692,0,30,Night,ODI,4,1,3,Batting,Pakistan,Rainy,29036,No,12,4,15,5,3,14,11,52,3,2
Game_2693,0,30,Day,ODI,3,1,3,Bowling,England,Rainy,40376,No,17,1,9,2,2,6,3,85,3,2
Game_2694,0,30,Day and Night,ODI,3,1,1,Batting,England,Summer,35294,No,13,4,10,2,1,9,2,81,3,2
Game_2695,0,30,Day,ODI,2,1,4,Batting,England,Winter,40390,No,19,1,10,3,3,10,7,59,2,2
Game_2696,0,30,Day,ODI,2,1,4,Batting,England,Rainy,54292,Yes,19,4,10,6,4,6,4,54,2,3
Game_2697,1,30,Day,T20,3,1,4,Bowling,South Africa,Rainy,72142,No,17,3,15,0,3,13,12,55,2,3
Game_2698,0,30,Day,ODI,3,1,2,Batting,Kenya,Rainy,27552,No,11,1,8,2,1,8,4,71,3,1
Game_2699,0,30,Day,ODI,3,1,3,Batting,England,Summer,55615,Yes,15,4,18,2,2,6,2,84,3,3
Game_2700,0,30,Day and Night,Test,5,1,1,Bowling,Australia,Rainy,40201,Yes,11,3,14,3,3,10,7,37,3,2
Game_2701,0,30,Day and Night,ODI,5,1,3,Bowling,Bangladesh,Rainy,106414,No,25,2,23,3,3,6,2,89,2,4
Game_2702,1,30,Day,T20,2,1,1,Bowling,South Africa,Winter,38080,Yes,14,4,7,0,2,6,2,59,1,2
Game_2703,1,30,Day,ODI,3,1,1,Bowling,Srilanka,Summer,15162,Yes,14,2,10,3,1,6,2,73,3,1
Game_2704,0,30,Day,ODI,4,1,2,Batting,Pakistan,Rainy,56056,No,12,3,9,6,3,6,2,42,3,3
Game_2705,0,30,Day,ODI,3,1,4,Bowling,England,Rainy,37065,No,21,3,7,3,3,6,4,66,3,2
Game_2706,0,30,Day,ODI,4,1,1,Batting,West Indies,Rainy,114891,No,16,2,27,2,3,6,2,72,3,4
Game_2707,0,30,Day,ODI,5,1,4,Batting,West Indies,Winter,92883,No,15,3,19,3,3,14,11,50,2,3
Game_2708,0,30,Day,ODI,3,1,4,Batting,Kenya,Winter,38031,No,12,3,11,2,3,11,8,66,3,2
Game_2709,0,30,Day,ODI,3,1,1,Bowling,Srilanka,Summer,14091,No,11,3,15,4,3,6,3,77,3,1
Game_2710,0,30,Day,ODI,1,1,3,Batting,Pakistan,Rainy,97762,Yes,19,2,30,3,3,15,11,41,2,4
Game_2711,0,30,Night,ODI,4,1,4,Batting,England,Rainy,30618,No,15,3,4,6,3,6,2,33,2,2
Game_2712,0,30,Day,ODI,2,1,4,Bowling,Pakistan,Winter,47894,No,20,1,13,3,3,6,4,79,4,2
Game_2713,0,30,Day,ODI,5,1,2,Batting,Bangladesh,Rainy,121982,No,25,3,36,6,3,10,8,91,3,4
Game_2714,0,27,Day,ODI,3,1,3,Bowling,West Indies,Rainy,123221,No,24,1,14,3,3,14,10,65,2,4
Game_2715,1,30,Day and Night,T20,4,1,4,Bowling,South Africa,Summer,32067,Yes,24,1,13,0,4,11,9,36,3,2
Game_2716,0,30,Day,ODI,3,1,4,Bowling,Kenya,Rainy,33145,No,15,4,19,4,4,13,11,90,3,2
Game_2717,0,30,Day,T20,4,1,4,Bowling,South Africa,Winter,38535,No,14,3,6,0,3,6,2,93,3,2
Game_2718,0,30,Day,ODI,3,1,4,Bowling,Kenya,Winter,38290,No,13,3,10,4,2,9,5,45,3,2
Game_2719,0,30,Day,T20,4,1,1,Batting,South Africa,Rainy,38332,No,11,1,10,0,3,10,0,67,3,2
Game_2720,0,30,Day,ODI,3,1,4,Batting,Srilanka,Winter,18109,Yes,16,2,17,2,2,6,2,74,3,1
Game_2721,0,30,Day and Night,ODI,3,1,4,Batting,Srilanka,Summer,17080,No,22,2,4,3,3,6,3,42,2,1
Game_2722,0,30,Day,T20,4,1,2,Batting,Bangladesh,Winter,111804,No,14,3,29,0,3,6,2,47,4,4
Game_2723,0,30,Day,ODI,3,1,3,Bowling,Bangladesh,Summer,107653,No,14,1,23,2,3,8,7,36,3,4
Game_2724,0,30,Day,T20,2,1,4,Bowling,South Africa,Summer,49574,Yes,16,4,21,0,3,6,0,80,3,3
Game_2725,0,30,Night,T20,3,1,3,Batting,South Africa,Winter,37576,Yes,25,3,7,0,3,6,5,36,3,2
Game_2726,0,30,Day,ODI,4,1,1,Bowling,Pakistan,Rainy,37429,No,14,2,10,2,2,6,2,80,3,2
Game_2727,0,30,Day,Test,3,1,3,Batting,Australia,Winter,22365,Yes,18,1,8,2,3,6,2,44,3,1
Game_2728,0,30,Day,ODI,2,1,4,Batting,Srilanka,Rainy,23142,No,19,4,7,5,2,6,0,87,3,1
Game_2729,0,30,Day,ODI,4,1,2,Bowling,Pakistan,Rainy,49035,No,15,3,11,2,3,6,3,48,4,3
Game_2730,1,30,Day and Night,T20,2,1,4,Batting,Zimbabwe,Rainy,18585,Yes,11,3,19,0,3,9,7,95,3,1
Game_2731,1,30,Day,ODI,4,1,4,Bowling,Srilanka,Summer,9751,No,12,1,1,2,3,6,0,95,3,1
Game_2732,0,30,Day,ODI,3,1,1,Bowling,Kenya,Winter,24759,No,12,4,8,1,3,6,2,94,2,1
Game_2733,0,30,Day,ODI,2,1,2,Bowling,Srilanka,Rainy,27902,No,14,3,15,3,4,15,10,57,2,2
Game_2734,0,30,Day,ODI,4,1,3,Bowling,Pakistan,Winter,76181,No,20,3,19,2,4,6,0,92,1,3
Game_2735,0,30,Day,ODI,3,1,2,Bowling,Srilanka,Rainy,14196,No,18,4,14,6,3,14,11,79,4,1
Game_2736,0,30,Day and Night,T20,4,1,3,Bowling,South Africa,Winter,66675,No,14,3,6,0,2,6,3,31,1,2
Game_2737,0,30,Day,ODI,3,1,2,Batting,Kenya,Rainy,20503,No,12,2,10,3,3,10,9,35,2,1
Game_2738,0,27,Day,ODI,3,1,3,Batting,Pakistan,Rainy,55153,Yes,19,2,9,2,3,8,7,96,4,3
Game_2739,0,30,Day and Night,ODI,4,1,1,Bowling,Kenya,Summer,34510,Yes,14,3,6,2,4,6,4,79,2,1
Game_2740,0,30,Day,T20,3,1,4,Bowling,South Africa,Rainy,54929,Yes,17,1,10,0,3,10,9,73,3,2
Game_2741,0,30,Day,T20,3,1,4,Bowling,South Africa,Summer,64687,No,12,2,10,0,3,10,8,35,3,3
Game_2742,0,30,Day,T20,4,1,3,Batting,Zimbabwe,Summer,31514,No,15,3,17,0,2,13,7,51,3,2
Game_2743,0,30,Night,ODI,1,1,3,Batting,Pakistan,Rainy,75236,No,23,4,25,3,2,23,15,74,2,3
Game_2744,1,30,Day and Night,T20,3,1,3,Bowling,South Africa,Rainy,90552,No,11,3,25,0,1,23,5,82,1,4
Game_2745,0,30,Day,ODI,2,1,4,Batting,West Indies,Summer,116928,No,11,3,21,2,3,21,6,48,2,4
Game_2746,0,30,Day and Night,ODI,3,1,1,Bowling,Kenya,Rainy,24031,No,13,1,10,3,2,6,2,56,3,1
Game_2747,0,30,Day,ODI,4,1,2,Bowling,Srilanka,Rainy,24339,No,14,4,6,2,4,6,2,69,3,1
Game_2748,0,30,Night,Test,3,1,3,Bowling,Australia,Rainy,45010,No,19,2,10,4,3,6,2,60,1,2
Game_2749,0,30,Day,ODI,2,1,2,Batting,England,Rainy,45612,Yes,16,2,18,3,3,6,0,92,3,2
Game_2750,0,30,Day,ODI,4,1,3,Bowling,Pakistan,Summer,38934,No,14,4,19,3,3,10,7,34,3,2
Game_2751,0,30,Day,ODI,4,1,4,Bowling,England,Rainy,48181,No,16,2,17,3,3,7,7,49,3,2
Game_2752,0,30,Day,ODI,1,1,2,Bowling,Kenya,Rainy,20034,No,12,2,10,2,2,10,0,33,3,1
Game_2753,0,30,Night,T20,4,1,3,Bowling,South Africa,Rainy,34846,No,11,4,4,0,1,6,0,87,3,2
Game_2754,0,30,Day,T20,3,1,3,Bowling,South Africa,Winter,72576,Yes,12,2,13,0,2,10,6,74,3,3
Game_2755,1,30,Day,T20,5,1,2,Bowling,South Africa,Winter,42938,Yes,13,2,16,0,3,6,2,96,2,2
Game_2756,1,30,Day,T20,2,1,1,Bowling,South Africa,Summer,47145,No,15,2,10,0,3,6,0,34,1,2
Game_2757,0,30,Day and Night,ODI,1,1,4,Batting,England,Summer,36666,No,20,4,9,3,2,6,4,30,3,2
Game_2758,0,30,Night,ODI,3,1,4,Bowling,Srilanka,Rainy,45304,Yes,15,4,9,2,3,9,8,77,3,2
Game_2759,0,30,Day,T20,3,1,4,Bowling,South Africa,Rainy,67270,No,13,3,10,0,1,6,3,80,1,3
Game_2760,0,30,Day,T20,4,1,2,Bowling,Bangladesh,Summer,138831,No,14,2,21,0,2,21,8,88,3,5
Game_2761,0,30,Day,Test,3,1,3,Batting,Australia,Rainy,68292,No,21,3,9,2,4,6,0,56,1,3
Game_2762,0,30,Day and Night,ODI,3,1,4,Batting,Kenya,Summer,34776,No,16,4,10,2,3,9,7,78,2,1
Game_2763,1,30,Day and Night,Test,3,1,3,Batting,Australia,Winter,15260,No,11,3,6,0,2,6,2,66,2,1
Game_2764,0,30,Day,T20,3,1,1,Bowling,South Africa,Rainy,58422,No,19,3,6,0,3,6,2,51,3,2
Game_2765,0,30,Day,T20,2,1,3,Bowling,South Africa,Winter,49980,No,11,1,12,0,3,7,7,94,2,3
Game_2766,0,30,Day,ODI,4,1,4,Bowling,Kenya,Rainy,20524,Yes,14,1,6,3,3,6,0,97,4,1
Game_2767,0,30,Night,T20,3,1,4,Batting,South Africa,Summer,36029,No,15,4,13,0,2,11,7,62,3,2
Game_2768,0,30,Day,T20,4,1,4,Batting,South Africa,Summer,31549,No,12,3,8,0,4,6,1,80,3,2
Game_2769,1,30,Day,T20,3,1,1,Batting,South Africa,Summer,59948,Yes,20,3,11,0,2,6,0,74,3,3
Game_2770,0,30,Day and Night,ODI,2,1,3,Batting,Srilanka,Rainy,17276,No,14,2,9,4,2,6,1,75,2,1
Game_2771,1,30,Day,T20,4,1,1,Bowling,South Africa,Rainy,57127,No,13,1,10,0,3,6,0,70,3,3
Game_2772,0,30,Day,ODI,3,1,3,Bowling,Pakistan,Rainy,37058,No,16,3,10,3,3,7,0,58,4,2
Game_2773,0,30,Night,ODI,4,1,2,Bowling,Kenya,Summer,19026,No,14,2,12,3,3,7,7,65,3,1
Game_2774,0,30,Day,ODI,3,1,2,Bowling,Pakistan,Rainy,40677,Yes,16,3,15,2,3,6,0,60,1,2
Game_2775,1,30,Day and Night,ODI,3,1,3,Bowling,Kenya,Rainy,17059,Yes,16,4,6,4,3,6,0,38,2,1
Game_2776,0,30,Day,ODI,3,1,2,Bowling,Srilanka,Winter,19362,No,22,2,7,6,2,6,3,57,3,1
Game_2777,0,30,Day,ODI,3,1,3,Bowling,West Indies,Rainy,133266,No,12,2,34,2,3,6,0,60,2,5
Game_2778,0,30,Night,ODI,3,1,4,Bowling,Kenya,Winter,21385,No,15,4,11,2,2,9,8,90,3,2
Game_2779,0,30,Day,ODI,4,1,3,Bowling,Srilanka,Winter,16023,No,20,2,5,2,3,6,3,94,3,1
Game_2780,0,30,Night,T20,3,1,4,Bowling,South Africa,Winter,28007,Yes,14,3,15,0,3,15,14,87,3,2
Game_2781,0,30,Night,ODI,4,1,1,Batting,England,Rainy,90755,Yes,20,4,27,2,2,6,2,60,2,4
Game_2782,0,30,Day,Test,3,1,2,Bowling,Australia,Summer,24773,No,13,2,10,5,3,9,7,97,3,1
Game_2783,0,30,Day,T20,2,1,4,Batting,South Africa,Summer,42203,No,12,1,6,0,3,6,2,32,1,2
Game_2784,0,30,Day,ODI,2,1,4,Batting,Srilanka,Rainy,25914,No,11,2,5,3,3,6,4,40,2,1
Game_2785,0,30,Day,T20,4,1,1,Batting,South Africa,Rainy,38276,No,14,1,13,0,3,12,7,91,2,2
Game_2786,0,27,Day,ODI,3,1,1,Batting,Bangladesh,Rainy,91812,No,11,4,15,2,3,6,2,53,3,3
Game_2787,0,30,Day,T20,2,1,2,Bowling,South Africa,Rainy,29323,No,14,1,5,0,3,6,2,46,2,2
Game_2788,0,30,Day,ODI,4,1,3,Bowling,West Indies,Winter,135296,Yes,17,3,24,3,3,6,1,46,3,5
Game_2789,0,30,Day,ODI,3,1,4,Bowling,Pakistan,Rainy,58247,Yes,13,4,15,1,3,12,8,90,3,3
Game_2790,1,30,Day and Night,ODI,2,1,3,Bowling,Kenya,Winter,16394,Yes,12,3,6,2,2,6,3,99,3,1
Game_2791,0,30,Day,Test,2,1,3,Batting,Australia,Winter,28497,No,13,3,19,4,2,10,0,89,3,2
Game_2792,1,30,Day,T20,3,1,3,Bowling,South Africa,Summer,40691,Yes,18,4,10,0,3,10,7,84,3,2
Game_2793,0,30,Day,ODI,4,1,4,Bowling,Kenya,Rainy,22001,No,19,2,14,1,3,10,8,90,4,1
Game_2794,0,30,Day,ODI,1,1,3,Bowling,West Indies,Summer,94248,No,21,3,9,3,3,6,3,65,3,3
Game_2795,0,30,Night,T20,2,1,2,Bowling,South Africa,Summer,55937,No,15,3,6,0,3,6,2,98,2,2
Game_2796,0,30,Day,ODI,2,1,3,Batting,Srilanka,Rainy,23639,No,17,4,7,5,2,6,3,99,3,1
Game_2797,0,30,Day,ODI,3,1,2,Bowling,Pakistan,Rainy,38766,No,18,3,10,2,2,6,0,95,4,2
Game_2798,0,30,Night,ODI,2,1,2,Bowling,England,Winter,40334,No,14,3,15,6,3,7,7,90,3,2
Game_2799,0,30,Night,Test,3,1,1,Bowling,Australia,Winter,18144,No,13,4,13,3,3,11,10,100,3,1
Game_2800,1,30,Day and Night,ODI,4,1,4,Bowling,Srilanka,Rainy,37422,No,17,3,11,3,2,7,1,93,3,2
Game_2801,1,30,Day,ODI,4,1,4,Bowling,England,Summer,29491,No,15,2,10,4,1,10,3,58,3,2
Game_2802,0,30,Day and Night,T20,3,1,3,Bowling,South Africa,Winter,28889,No,18,4,7,0,3,6,1,83,3,2
Game_2803,0,30,Night,ODI,3,1,1,Bowling,Kenya,Summer,17066,No,13,3,7,2,2,6,2,52,3,1
Game_2804,0,30,Day,ODI,3,1,2,Bowling,Pakistan,Summer,48090,No,12,1,11,3,1,6,2,85,4,2
Game_2805,0,30,Day,T20,1,1,3,Batting,South Africa,Winter,73129,Yes,13,4,23,0,4,22,14,81,3,3
Game_2806,0,30,Day,ODI,3,1,1,Batting,England,Summer,67669,No,14,2,9,3,3,7,7,64,3,3
Game_2807,1,30,Day,ODI,2,1,4,Batting,Pakistan,Rainy,62482,No,22,4,13,2,4,9,7,66,3,2
Game_2808,0,30,Day,ODI,3,1,3,Batting,Pakistan,Winter,45591,No,17,4,12,3,3,6,3,52,3,2
Game_2809,0,30,Day,T20,2,1,2,Bowling,South Africa,Rainy,47593,No,21,3,10,0,3,10,8,92,4,2
Game_2810,0,30,Night,T20,3,1,2,Bowling,Bangladesh,Winter,114037,No,22,4,37,0,2,16,9,52,3,4
Game_2811,0,30,Day,ODI,4,1,2,Bowling,Srilanka,Rainy,18935,No,16,2,6,2,4,6,4,91,1,1
Game_2812,0,30,Day,ODI,3,1,3,Batting,England,Winter,72331,Yes,12,3,28,4,3,22,11,92,2,3
Game_2813,0,30,Day,ODI,3,1,2,Batting,Pakistan,Winter,31136,No,12,2,15,3,3,7,4,47,3,2
Game_2814,0,30,Day,ODI,4,1,4,Batting,Kenya,Rainy,47978,No,15,2,14,2,2,7,1,68,3,2
Game_2815,0,30,Day and Night,T20,4,1,1,Batting,South Africa,Rainy,67459,No,14,4,9,0,3,6,2,68,3,3
Game_2816,0,30,Day,T20,4,1,2,Batting,Zimbabwe,Rainy,37835,Yes,20,1,20,0,2,6,2,77,1,2
Game_2817,0,30,Day and Night,ODI,4,1,1,Bowling,West Indies,Rainy,110509,Yes,14,2,23,3,3,6,2,87,3,4
Game_2818,1,30,Day,Test,5,1,4,Bowling,Australia,Rainy,20692,No,17,3,2,4,3,6,0,89,4,1
Game_2819,0,30,Night,T20,4,1,3,Batting,South Africa,Rainy,36078,No,22,2,10,0,4,8,7,67,3,2
Game_2820,0,30,Day,ODI,4,1,4,Batting,Kenya,Rainy,48734,Yes,22,4,15,2,3,6,0,73,3,2
Game_2821,0,30,Day and Night,T20,4,1,1,Bowling,South Africa,Rainy,39725,No,20,3,7,0,3,7,7,92,3,2
Game_2822,0,30,Day and Night,T20,4,1,4,Bowling,South Africa,Summer,32536,No,13,3,4,0,4,6,0,79,3,2
Game_2823,0,30,Night,ODI,4,1,3,Bowling,Kenya,Rainy,20552,No,22,2,10,1,2,6,3,38,3,1
Game_2824,0,30,Day,ODI,4,1,2,Batting,Srilanka,Summer,14735,No,12,3,7,2,3,6,2,64,3,1
Game_2825,0,30,Day,ODI,2,1,4,Bowling,England,Winter,60046,No,14,3,12,4,2,9,8,82,3,3
Game_2826,0,30,Day,ODI,3,1,4,Bowling,Srilanka,Summer,27776,No,13,4,8,3,3,6,0,81,3,1
Game_2827,1,30,Day,T20,4,1,3,Bowling,South Africa,Summer,69349,Yes,12,3,7,0,2,6,2,82,2,2
Game_2828,0,30,Day,T20,3,1,1,Batting,South Africa,Winter,92575,No,12,4,25,0,3,19,17,45,4,4
Game_2829,0,30,Day,ODI,3,1,1,Batting,Bangladesh,Rainy,135744,No,13,4,21,2,3,16,12,81,2,5
Game_2830,0,30,Day,ODI,3,1,4,Bowling,West Indies,Rainy,137655,No,12,4,29,3,3,22,10,91,2,5
Game_2831,1,30,Day,T20,3,1,3,Batting,South Africa,Rainy,51198,No,21,3,14,0,3,8,7,64,3,3
Game_2832,0,30,Day,ODI,4,1,4,Bowling,Kenya,Winter,27314,No,14,2,7,2,3,6,2,41,3,2
Game_2833,0,30,Day,ODI,4,1,2,Bowling,Kenya,Rainy,18634,No,20,2,19,2,4,6,2,98,2,1
Game_2834,1,30,Day,T20,3,1,2,Bowling,Zimbabwe,Summer,7567,No,13,3,1,0,2,6,0,89,3,1
Game_2835,0,30,Day,T20,4,1,2,Batting,South Africa,Rainy,39711,Yes,13,1,10,0,3,10,9,63,2,2
Game_2836,0,30,Day,ODI,3,1,2,Bowling,Srilanka,Winter,29379,No,11,1,10,2,3,10,8,89,3,2
Game_2837,0,30,Day,T20,3,1,3,Bowling,South Africa,Rainy,67991,Yes,13,4,9,0,3,6,3,64,3,3
Game_2838,0,30,Day,ODI,4,1,4,Bowling,Kenya,Rainy,29988,Yes,22,3,16,2,3,6,3,78,3,2
Game_2839,0,30,Day,ODI,2,1,4,Batting,England,Rainy,33516,Yes,11,4,4,2,3,6,2,44,2,2
Game_2840,0,30,Day,ODI,2,1,2,Batting,England,Rainy,41342,No,13,4,10,2,2,9,8,93,2,2
Game_2841,0,30,Day and Night,Test,1,1,2,Bowling,Australia,Summer,27202,No,21,4,10,2,2,10,1,94,2,2
Game_2842,0,30,Day,ODI,4,1,1,Bowling,Bangladesh,Winter,117761,No,11,1,22,3,3,19,7,98,3,4
Game_2843,0,30,Day and Night,ODI,3,1,4,Batting,Bangladesh,Winter,120218,No,11,2,24,3,3,22,17,58,3,4
Game_2844,0,30,Day,ODI,4,1,2,Bowling,Pakistan,Rainy,35231,No,15,4,10,5,3,6,0,78,4,2
Game_2845,1,30,Night,ODI,4,1,4,Bowling,Kenya,Rainy,16149,Yes,23,2,5,2,3,6,2,85,1,1
Game_2846,1,30,Day,ODI,2,1,1,Bowling,Srilanka,Summer,18109,No,16,4,5,3,3,6,2,97,3,1
Game_2847,0,30,Day,T20,2,1,3,Bowling,South Africa,Rainy,38549,No,16,3,12,0,1,6,2,33,2,2
Game_2848,0,30,Day,T20,3,1,3,Batting,South Africa,Rainy,30751,No,21,3,14,0,3,6,4,54,3,2
Game_2849,0,30,Day,ODI,3,1,3,Bowling,West Indies,Rainy,93436,No,13,2,18,3,4,13,7,83,3,3
Game_2850,0,30,Day,T20,2,1,3,Batting,South Africa,Winter,46081,Yes,11,4,8,0,3,6,2,86,3,2
Game_2851,0,30,Day,T20,1,1,4,Batting,South Africa,Rainy,56721,Yes,12,3,9,0,2,6,2,75,2,2
Game_2852,0,30,Day,ODI,3,1,1,Batting,Srilanka,Winter,27846,No,12,2,4,0,2,6,2,62,4,1
Game_2853,0,30,Day and Night,ODI,4,1,2,Bowling,Pakistan,Summer,37793,No,12,3,12,3,3,6,2,44,3,2
Game_2854,0,30,Day,T20,4,1,2,Bowling,South Africa,Summer,38409,No,14,2,10,0,2,10,4,43,3,2
Game_2855,0,30,Night,20-20,4,1,1,Batting,South Africa,Rainy,40152,No,19,3,10,0,3,6,2,32,1,2
Game_2856,0,30,Day and Night,ODI,4,1,3,Bowling,Kenya,Rainy,40229,Yes,15,2,16,3,3,15,10,86,2,2
Game_2857,0,30,Night,ODI,4,1,3,Bowling,Kenya,Rainy,38269,No,18,3,16,4,4,8,7,64,3,2
Game_2858,0,27,Day,T20,3,1,4,Batting,South Africa,Rainy,37660,No,16,3,6,0,3,6,0,89,2,2
Game_2859,0,30,Day,ODI,2,1,1,Bowling,England,Rainy,36057,No,25,4,10,3,3,10,0,87,3,2
Game_2860,0,30,Day,ODI,3,1,4,Batting,Kenya,Winter,14931,Yes,16,3,20,3,3,20,11,58,2,2
Game_2861,0,30,Day,T20,3,1,4,Batting,Bangladesh,Rainy,125125,Yes,13,3,29,0,2,6,0,72,3,4
Game_2862,1,30,Day and Night,ODI,2,1,1,Batting,Kenya,Summer,17024,Yes,14,1,8,2,3,6,1,47,4,1
Game_2863,0,30,Day,ODI,2,1,2,Batting,Kenya,Winter,33397,No,19,4,10,0,4,6,2,71,3,1
Game_2864,0,30,Day and Night,ODI,1,1,2,Bowling,West Indies,Rainy,134127,No,15,4,28,3,3,6,4,42,3,5
Game_2865,0,30,Day,T20,4,1,2,Bowling,South Africa,Winter,35609,Yes,12,3,14,0,3,6,0,77,3,2
Game_2866,0,30,Day,T20,4,1,2,Bowling,South Africa,Rainy,38927,No,16,4,6,0,1,6,3,71,3,2
Game_2867,0,30,Night,ODI,2,1,3,Bowling,Kenya,Winter,21455,Yes,13,4,4,3,4,6,2,48,3,1
Game_2868,0,30,Night,ODI,4,1,1,Bowling,Srilanka,Rainy,19670,No,22,2,5,3,3,6,4,66,4,1
Game_2869,0,30,Day,T20,3,1,1,Bowling,South Africa,Summer,69216,No,21,1,14,0,2,14,8,32,3,3
Game_2870,0,30,Day,T20,4,1,4,Bowling,South Africa,Winter,60396,No,18,3,9,0,2,8,7,39,3,3
Game_2871,0,30,Night,ODI,4,1,3,Batting,Pakistan,Winter,46669,No,18,2,9,6,3,6,1,34,3,2
Game_2872,0,30,Day and Night,ODI,3,1,4,Bowling,Kenya,Rainy,35021,No,21,2,10,6,3,10,8,48,1,2
Game_2873,0,30,Day,T20,3,1,1,Bowling,Zimbabwe,Summer,20006,No,14,1,20,0,2,6,0,59,2,1
Game_2874,0,30,Day,T20,4,1,3,Batting,South Africa,Rainy,36428,Yes,11,4,10,0,3,10,8,55,3,2
Game_2875,0,30,Day,ODI,4,1,4,Bowling,England,Summer,67753,No,24,2,8,1,3,6,0,56,2,2
Game_2876,1,30,Day and Night,T20,4,1,1,Bowling,South Africa,Rainy,39319,Yes,11,3,10,0,3,10,7,63,3,2
Game_2877,1,30,Day,T20,4,1,1,Bowling,South Africa,Summer,73136,Yes,13,2,15,0,2,6,2,66,3,3
Game_2878,0,30,Day,ODI,2,1,1,Batting,Kenya,Rainy,20279,No,11,3,9,6,2,6,3,67,3,2
Game_2879,0,30,Day and Night,ODI,2,1,4,Bowling,Pakistan,Winter,41776,No,20,3,9,2,3,9,7,36,3,2
Game_2880,0,30,Day,ODI,3,1,1,Bowling,Pakistan,Rainy,52570,No,17,2,10,1,3,10,9,30,3,3
Game_2881,0,30,Day and Night,Test,4,1,4,Bowling,Australia,Rainy,20937,Yes,11,2,7,2,3,6,2,88,3,1
Game_2882,0,27,Day,Test,4,1,3,Bowling,Bangladesh,Rainy,137452,Yes,18,1,35,0,3,10,9,71,4,5
Game_2883,0,30,Day,ODI,1,1,4,Batting,Srilanka,Winter,7903,Yes,11,3,1,4,3,6,0,59,1,1
Game_2884,0,30,Day,T20,4,1,2,Bowling,South Africa,Summer,93387,No,12,1,21,0,3,20,8,77,3,4
Game_2885,0,30,Night,ODI,2,1,4,Bowling,Kenya,Summer,30324,No,12,4,20,2,3,20,9,37,2,2
Game_2886,0,30,Night,ODI,3,1,3,Batting,West Indies,Rainy,77217,No,20,3,13,2,4,11,7,40,3,3
Game_2887,0,30,Day,ODI,3,1,3,Batting,England,Summer,31080,Yes,19,4,9,3,3,6,2,77,3,2
Game_2888,0,30,Day and Night,ODI,3,1,4,Batting,Srilanka,Rainy,44261,No,11,1,10,2,4,10,9,73,3,2
Game_2889,0,30,Day,T20,2,1,2,Batting,South Africa,Rainy,39739,No,14,3,15,0,3,11,8,92,3,2
Game_2890,0,30,Day,ODI,2,1,4,Bowling,Srilanka,Rainy,26236,No,13,3,12,6,2,12,8,76,3,1
Game_2891,0,30,Day,ODI,3,1,1,Bowling,Pakistan,Summer,60431,No,23,2,25,3,3,17,14,84,3,3
Game_2892,0,30,Night,ODI,2,1,2,Bowling,Srilanka,Winter,14056,No,12,3,1,2,2,6,1,59,2,1
Game_2893,0,30,Day,T20,4,1,4,Bowling,South Africa,Rainy,31080,No,15,1,16,0,3,15,13,86,3,2
Game_2894,0,30,Day,T20,2,1,1,Bowling,Zimbabwe,Rainy,21469,No,19,3,3,0,3,6,2,54,3,1
Game_2895,0,30,Day and Night,ODI,4,1,1,Bowling,England,Rainy,37247,No,11,4,10,1,3,8,3,72,2,2
Game_2896,0,30,Day,ODI,4,1,4,Bowling,Kenya,Winter,37870,Yes,17,3,9,3,2,6,3,35,3,2
Game_2897,0,30,Day,ODI,3,1,4,Bowling,Kenya,Rainy,19474,No,22,1,12,3,3,6,3,76,3,1
Game_2898,0,30,Night,ODI,1,1,3,Batting,West Indies,Rainy,83699,No,18,1,14,3,1,13,8,98,3,3
Game_2899,0,30,Day,ODI,4,1,4,Bowling,Srilanka,Rainy,18620,Yes,11,3,5,3,3,6,2,43,3,1
Game_2900,0,30,Day,ODI,4,1,2,Bowling,Kenya,Summer,35686,No,19,2,10,5,3,10,7,48,3,2
Game_2901,0,30,Day,ODI,2,1,2,Batting,Pakistan,Rainy,34146,Yes,13,1,10,6,3,9,7,95,3,2
Game_2902,0,30,Day,ODI,4,1,3,Batting,Srilanka,Summer,19859,No,13,3,6,3,3,6,2,49,2,1
Game_2903,0,30,Day,ODI,4,1,1,Bowling,Srilanka,Rainy,16842,No,19,3,8,3,2,6,0,83,3,1
Game_2904,0,30,Day,T20,4,1,2,Bowling,Zimbabwe,Rainy,15883,No,14,2,3,0,3,6,2,68,2,1
Game_2905,0,30,Day,ODI,1,1,1,Bowling,Kenya,Summer,28756,No,13,1,18,2,3,7,7,52,3,2
Game_2906,0,30,Day,ODI,3,1,2,Batting,West Indies,Rainy,92442,No,12,1,20,3,3,18,16,99,1,3
Game_2907,0,30,Day,20-20,4,1,3,Batting,South Africa,Rainy,72954,No,19,3,14,0,3,14,10,48,3,3
Game_2908,0,30,Day,ODI,3,1,3,Batting,West Indies,Rainy,96208,Yes,25,1,16,2,3,16,11,42,4,3
Game_2909,0,30,Night,T20,4,1,1,Bowling,Zimbabwe,Winter,24374,No,15,2,16,0,2,9,8,40,3,1
Game_2910,0,30,Day,ODI,3,1,2,Bowling,Kenya,Summer,17052,Yes,12,3,6,2,3,6,3,42,3,1
Game_2911,0,30,Night,ODI,3,1,4,Bowling,Bangladesh,Summer,136017,No,13,3,21,3,2,6,0,87,3,5
Game_2912,0,30,Day,T20,3,1,1,Batting,South Africa,Rainy,53508,No,19,3,10,0,3,9,7,94,2,3
Game_2913,0,30,Day and Night,ODI,2,1,4,Batting,England,Winter,35917,No,13,2,18,3,3,6,2,97,3,2
Game_2914,0,30,Night,ODI,4,1,3,Bowling,Pakistan,Winter,44142,No,21,1,13,2,2,13,12,57,3,2
Game_2915,0,30,Day,ODI,3,1,1,Bowling,Bangladesh,Rainy,132160,No,11,1,24,2,2,22,6,56,3,5
Game_2916,1,30,Day,ODI,2,1,4,Bowling,Srilanka,Rainy,16373,No,11,4,14,4,1,10,9,72,3,1
Game_2917,0,30,Day,ODI,4,1,1,Batting,England,Rainy,94990,No,23,3,21,3,3,20,7,60,2,4
Game_2918,0,30,Day,T20,3,1,4,Batting,South Africa,Rainy,46984,No,21,4,8,0,3,8,7,95,2,2
Game_2919,0,30,Night,T20,4,1,4,Bowling,South Africa,Winter,37842,No,24,1,15,0,2,15,12,88,1,2
Game_2920,0,30,Day,T20,3,1,3,Bowling,South Africa,Winter,62566,No,11,3,14,0,3,6,4,57,2,2
Game_2921,0,30,Day,ODI,3,1,4,Bowling,Kenya,Summer,17073,No,14,4,4,4,3,6,2,78,3,1
Game_2922,0,30,Day,Test,4,1,3,Batting,Australia,Summer,61859,Yes,16,3,9,2,3,9,0,31,3,3
Game_2923,0,30,Day,T20,2,1,1,Batting,South Africa,Rainy,37401,No,11,3,10,0,3,10,7,100,3,2
Game_2924,1,30,Day and Night,T20,4,1,2,Bowling,South Africa,Winter,47096,No,12,4,12,0,3,6,3,94,3,2
Game_2925,0,30,Day,T20,4,1,2,Batting,South Africa,Rainy,46564,No,13,1,8,0,2,6,3,100,2,2
Game_2926,0,30,Day,T20,3,1,4,Batting,South Africa,Summer,33950,No,15,3,8,0,3,6,3,50,3,2
Game_2927,0,30,Day,ODI,4,1,3,Bowling,Kenya,Summer,19663,No,14,4,8,2,3,6,2,52,2,1
Game_2928,0,30,Day and Night,ODI,4,1,3,Bowling,Pakistan,Rainy,39823,Yes,14,4,10,2,4,10,2,80,3,2
Game_2929,0,30,Day,ODI,4,1,3,Batting,Kenya,Rainy,14007,No,14,2,20,2,3,6,3,98,3,1
Game_2930,0,30,Day,ODI,4,1,3,Batting,Kenya,Rainy,20839,No,12,4,4,5,3,6,3,62,1,1
